ID,age,current_occupation,first_interaction,profile_completed,website_visits,time_spent_on_website,page_views_per_visit,last_activity,print_media_type1,print_media_type2,digital_media,educational_channels,referral,status
1,57,Unemployed,Website,High,7,1639,1.861,Website Activity,Yes,No,Yes,No,No,1
2,56,Professional,Mobile App,Medium,2,83,0.32,Website Activity,No,No,No,Yes,No,0
3,52,Professional,Website,Medium,3,330,0.074,Website Activity,No,No,Yes,No,No,0
4,53,Unemployed,Website,High,4,464,2.057,Website Activity,No,No,No,No,No,1
5,23,Student,Website,High,4,600,16.914,Email Activity,No,No,No,No,No,0
6,50,Unemployed,Mobile App,High,4,212,5.682,Phone Activity,No,No,No,Yes,No,0
7,56,Professional,Mobile App,Medium,13,625,2.015,Website Activity,No,No,Yes,No,No,1
8,57,Professional,Mobile App,Medium,2,517,2.985,Email Activity,No,No,No,No,No,0
9,57,Professional,Mobile App,High,2,2231,2.194,Phone Activity,No,No,Yes,No,No,1
10,59,Professional,Mobile App,High,1,1819,3.513,Phone Activity,No,No,No,No,No,0
11,52,Professional,Website,Medium,2,433,2.14,Email Activity,No,No,No,No,No,1
12,57,Professional,Website,High,3,616,3.485,Website Activity,Yes,Yes,No,No,No,1
13,35,Professional,Website,High,4,239,2.214,Phone Activity,No,No,No,No,No,0
14,23,Student,Website,High,3,115,2.69,Email Activity,No,No,No,No,No,0
15,56,Professional,Website,High,6,358,0.279,Email Activity,No,No,No,No,No,0
16,62,Unemployed,Mobile App,High,5,1057,5.605,Phone Activity,No,No,No,Yes,No,0
17,47,Professional,Website,High,3,1419,3.45,Email Activity,No,No,Yes,No,Yes,1
18,35,Professional,Mobile App,Medium,7,926,3.655,Phone Activity,No,No,No,Yes,No,0
19,39,Unemployed,Website,Medium,2,97,2.948,Email Activity,No,No,No,No,No,0
20,36,Professional,Mobile App,Medium,4,399,2.031,Email Activity,No,No,No,No,No,0
21,20,Student,Mobile App,High,1,362,2.808,Email Activity,No,No,No,Yes,No,0
22,60,Professional,Mobile App,High,3,56,3.691,Email Activity,No,No,No,No,No,0
23,58,Unemployed,Website,High,1,271,2.561,Website Activity,Yes,No,No,No,No,0
24,32,Unemployed,Website,Medium,5,352,3.773,Email Activity,No,No,Yes,Yes,No,0
25,49,Professional,Mobile App,High,5,2293,3.233,Email Activity,No,No,No,No,No,1
26,46,Professional,Website,Medium,4,1842,2.11,Email Activity,No,No,No,Yes,No,1
27,46,Unemployed,Website,Medium,2,211,2.14,Phone Activity,Yes,Yes,No,No,No,0
28,45,Professional,Mobile App,Medium,1,1631,1.5,Website Activity,No,No,Yes,No,No,0
29,44,Unemployed,Mobile App,Low,4,299,2.172,Email Activity,No,No,No,Yes,No,0
30,42,Unemployed,Website,High,2,62,2.158,Email Activity,No,No,No,No,No,0
31,36,Professional,Mobile App,High,2,1,5.288,Email Activity,No,No,Yes,No,No,0
32,55,Unemployed,Website,Medium,13,1055,1.373,Email Activity,No,No,Yes,Yes,No,1
33,58,Professional,Mobile App,High,12,1151,18.434,Phone Activity,No,No,No,Yes,No,0
34,56,Professional,Mobile App,Medium,0,0,0,Phone Activity,No,No,No,No,No,0
35,55,Professional,Website,High,2,552,1.885,Email Activity,No,No,No,No,No,1
36,46,Professional,Website,Medium,2,85,1.85,Email Activity,No,No,No,No,No,0
37,59,Professional,Website,Medium,1,298,1.212,Phone Activity,No,No,No,No,No,0
38,59,Professional,Website,High,0,0,0,Email Activity,No,No,No,No,No,1
39,39,Professional,Mobile App,Medium,4,44,5.292,Email Activity,No,No,No,No,No,0
40,38,Professional,Website,Medium,2,301,0.004,Email Activity,Yes,No,No,No,No,0
41,57,Unemployed,Website,High,3,439,3.843,Email Activity,No,No,No,No,No,0
42,38,Unemployed,Website,Medium,2,102,5.229,Phone Activity,No,No,No,No,No,0
43,44,Professional,Mobile App,High,6,42,3.395,Website Activity,No,No,No,No,No,0
44,57,Professional,Mobile App,Medium,3,292,1.946,Email Activity,No,Yes,No,No,No,0
45,56,Professional,Website,High,2,1,2.064,Email Activity,No,No,No,No,No,0
46,18,Student,Website,High,2,87,1.402,Phone Activity,No,No,No,No,No,0
47,60,Professional,Website,High,5,2284,2.939,Email Activity,No,No,No,No,No,1
48,35,Professional,Mobile App,Medium,2,497,7.05,Email Activity,No,No,No,No,No,0
49,40,Unemployed,Website,Medium,7,1278,4.722,Email Activity,No,No,No,Yes,No,0
50,44,Professional,Mobile App,Medium,1,419,4.285,Phone Activity,No,No,No,No,No,0
51,19,Student,Mobile App,High,7,354,3.2,Website Activity,No,No,Yes,No,No,0
52,56,Professional,Mobile App,High,8,718,2.395,Email Activity,No,No,No,No,No,1
53,56,Professional,Website,High,1,582,2.138,Email Activity,No,No,No,No,Yes,1
54,46,Professional,Website,High,1,1283,2.22,Website Activity,No,No,No,Yes,No,1
55,28,Professional,Mobile App,High,0,0,0,Email Activity,No,No,No,Yes,No,0
56,21,Student,Website,Medium,3,524,1.868,Website Activity,No,No,No,Yes,No,1
57,49,Professional,Website,High,6,1557,0.159,Website Activity,Yes,No,No,Yes,No,1
58,57,Unemployed,Website,Medium,2,1608,0.241,Email Activity,No,No,No,No,No,1
59,53,Professional,Website,High,2,408,2.453,Email Activity,No,No,No,No,No,0
60,35,Professional,Website,High,2,641,3.193,Email Activity,Yes,No,No,No,No,1
61,57,Professional,Website,High,1,6,1.99,Phone Activity,No,No,No,No,No,1
62,41,Professional,Mobile App,Medium,5,82,4.445,Website Activity,Yes,No,No,No,No,0
63,56,Professional,Mobile App,High,2,332,2.243,Email Activity,Yes,No,No,No,No,0
64,39,Professional,Mobile App,Medium,2,378,0.237,Email Activity,Yes,No,No,Yes,No,0
65,29,Professional,Mobile App,Medium,3,379,3.56,Phone Activity,No,No,No,No,No,0
66,51,Unemployed,Website,Medium,3,73,3.029,Email Activity,No,No,Yes,No,No,0
67,59,Unemployed,Mobile App,Medium,25,311,2.184,Phone Activity,No,No,Yes,No,No,0
68,19,Student,Website,High,3,1382,3.521,Phone Activity,No,Yes,No,No,No,0
69,59,Professional,Mobile App,High,2,1453,0.248,Website Activity,No,No,No,No,No,0
70,59,Unemployed,Mobile App,Low,4,231,2.204,Website Activity,No,No,No,Yes,No,0
71,19,Student,Website,Medium,4,106,2.183,Phone Activity,No,No,No,No,No,0
72,43,Unemployed,Mobile App,High,4,57,1.011,Phone Activity,Yes,No,No,No,No,0
73,58,Professional,Mobile App,Medium,4,490,2.171,Email Activity,No,No,No,No,No,1
74,42,Unemployed,Website,High,2,222,3.637,Phone Activity,No,No,No,No,No,1
75,61,Unemployed,Website,Medium,6,1028,2.36,Website Activity,No,No,No,No,No,1
76,45,Professional,Mobile App,High,2,1,2.226,Email Activity,No,No,No,No,No,0
77,60,Professional,Website,High,1,42,4.162,Website Activity,No,Yes,No,No,No,1
78,52,Unemployed,Mobile App,High,2,2449,2.055,Phone Activity,No,No,No,No,No,0
79,24,Student,Mobile App,Medium,2,147,2.189,Phone Activity,No,No,No,No,No,0
80,56,Unemployed,Mobile App,Medium,3,618,5.645,Email Activity,No,No,No,No,No,0
81,53,Professional,Website,High,3,1353,3.187,Email Activity,No,No,No,No,No,1
82,36,Unemployed,Website,High,1,1935,3.569,Email Activity,No,No,No,Yes,No,0
83,43,Unemployed,Mobile App,High,5,2024,3.403,Phone Activity,No,No,No,No,No,0
84,54,Professional,Mobile App,High,3,194,2.208,Website Activity,No,No,No,Yes,No,0
85,18,Student,Website,High,8,1931,0.158,Website Activity,No,No,No,No,No,0
86,22,Student,Website,High,4,216,2.232,Website Activity,No,No,No,No,No,0
87,55,Unemployed,Website,Medium,2,2286,0.278,Email Activity,No,No,No,Yes,No,0
88,49,Professional,Mobile App,High,1,1,2.075,Email Activity,No,No,No,Yes,No,0
89,35,Professional,Website,Medium,2,46,3.171,Email Activity,No,No,No,No,No,0
90,49,Unemployed,Mobile App,High,7,165,1.389,Website Activity,No,No,No,No,No,0
91,58,Professional,Website,High,2,72,2.01,Website Activity,Yes,No,No,Yes,No,1
92,45,Professional,Website,High,2,685,2.185,Email Activity,No,No,No,No,No,1
93,57,Professional,Mobile App,Medium,2,423,2.151,Phone Activity,Yes,No,No,Yes,No,0
94,32,Unemployed,Website,Medium,4,246,3.862,Website Activity,No,No,No,No,No,0
95,49,Unemployed,Website,High,0,0,0,Email Activity,Yes,No,No,No,No,1
96,59,Professional,Website,Medium,1,989,4.325,Email Activity,No,No,No,No,No,1
97,60,Unemployed,Website,High,3,677,3.578,Email Activity,Yes,No,No,No,No,1
98,46,Professional,Website,High,3,1367,3.66,Email Activity,No,No,No,Yes,No,1
99,60,Professional,Mobile App,Medium,2,2270,3.723,Phone Activity,No,No,No,No,No,0
100,57,Professional,Website,High,4,131,3.812,Website Activity,No,No,No,No,No,0
101,34,Professional,Mobile App,High,5,1445,5.557,Website Activity,No,No,No,No,No,1
102,32,Professional,Mobile App,Medium,3,75,2.052,Website Activity,No,No,No,No,No,0
103,59,Professional,Website,Medium,2,574,3.314,Phone Activity,No,No,No,No,No,1
104,57,Professional,Mobile App,High,3,212,2.275,Website Activity,No,No,No,No,No,0
105,58,Professional,Website,High,7,1565,1.695,Email Activity,No,No,No,No,No,1
106,38,Unemployed,Website,High,2,325,3.468,Phone Activity,No,No,No,No,No,0
107,54,Professional,Mobile App,Medium,4,57,4.408,Email Activity,Yes,No,No,No,No,0
108,58,Professional,Website,Medium,4,88,0.23,Email Activity,No,No,No,No,No,0
109,48,Professional,Website,Medium,2,2230,3.618,Email Activity,No,No,No,No,No,1
110,43,Unemployed,Website,Medium,5,272,2.074,Phone Activity,Yes,No,No,No,No,0
111,31,Professional,Website,High,1,187,7.364,Email Activity,No,No,No,Yes,No,1
112,56,Professional,Website,Medium,5,295,3.692,Email Activity,No,No,No,No,No,0
113,48,Unemployed,Website,Medium,3,344,5.655,Phone Activity,No,No,No,No,No,0
114,33,Professional,Website,Medium,1,329,2.288,Website Activity,No,No,No,No,No,0
115,56,Professional,Website,High,2,183,5.273,Email Activity,No,Yes,No,No,No,1
116,57,Professional,Website,Medium,2,1295,5.123,Email Activity,No,No,No,No,No,1
117,39,Professional,Website,High,2,643,0.308,Email Activity,No,No,No,No,No,1
118,57,Unemployed,Mobile App,High,2,1152,2.991,Website Activity,No,No,No,No,No,0
119,58,Professional,Mobile App,Medium,4,49,1.911,Email Activity,Yes,No,No,No,No,0
120,44,Unemployed,Mobile App,High,4,1865,5.387,Website Activity,No,No,Yes,No,No,1
121,59,Professional,Website,Medium,5,37,0.25,Email Activity,No,No,No,No,No,0
122,56,Professional,Mobile App,Medium,2,561,6.887,Email Activity,No,No,No,No,No,0
123,58,Professional,Mobile App,Medium,3,110,2.233,Email Activity,No,No,No,No,No,0
124,58,Professional,Mobile App,Medium,7,2353,2.775,Email Activity,No,No,No,No,No,0
125,24,Student,Mobile App,High,3,149,0.294,Email Activity,No,No,No,No,No,0
126,59,Unemployed,Mobile App,Medium,2,246,7.662,Phone Activity,No,No,No,Yes,No,0
127,35,Professional,Website,Medium,4,177,0.214,Email Activity,No,No,No,No,No,0
128,54,Professional,Mobile App,High,0,0,0,Phone Activity,No,No,No,No,No,0
129,46,Professional,Website,High,1,268,3.751,Website Activity,No,No,Yes,No,No,1
130,24,Student,Website,Medium,2,224,0.171,Email Activity,No,No,Yes,No,No,0
131,60,Unemployed,Website,High,7,47,3.72,Website Activity,No,No,Yes,No,No,1
132,45,Unemployed,Website,High,5,2062,3.269,Email Activity,No,No,No,No,No,1
133,59,Unemployed,Website,High,2,41,2.037,Phone Activity,No,No,Yes,No,No,1
134,32,Unemployed,Mobile App,Medium,3,642,2.239,Website Activity,No,No,No,No,No,1
135,58,Professional,Mobile App,Medium,7,476,2.17,Email Activity,No,No,No,Yes,No,0
136,49,Professional,Website,Medium,2,194,7.915,Email Activity,Yes,No,No,No,Yes,0
137,24,Student,Website,High,8,304,2.159,Website Activity,Yes,No,No,No,No,0
138,56,Professional,Website,Low,4,894,3.526,Email Activity,No,No,Yes,Yes,No,0
139,24,Student,Website,High,8,563,3.871,Email Activity,No,No,No,No,No,1
140,39,Professional,Website,High,2,568,2.223,Email Activity,No,Yes,No,No,No,1
141,53,Unemployed,Mobile App,Medium,5,392,3.912,Email Activity,No,No,No,No,No,0
142,59,Professional,Website,Medium,4,504,6.644,Phone Activity,No,No,No,No,No,0
143,55,Professional,Mobile App,Medium,3,561,5.589,Email Activity,No,No,No,No,No,0
144,56,Professional,Mobile App,High,3,2000,0.137,Website Activity,No,Yes,No,No,No,0
145,34,Professional,Website,High,2,385,3.844,Phone Activity,No,No,No,No,No,1
146,24,Student,Website,High,5,1374,3.342,Phone Activity,No,No,Yes,No,No,0
147,46,Unemployed,Website,Medium,3,1098,3.538,Website Activity,Yes,No,No,No,No,1
148,29,Professional,Website,High,8,1210,3.763,Email Activity,No,No,No,No,No,1
149,46,Professional,Website,High,2,2509,3.871,Email Activity,No,No,No,No,No,1
150,32,Professional,Website,Medium,5,690,2.095,Website Activity,No,No,No,No,No,1
151,38,Professional,Mobile App,Medium,2,99,3.704,Phone Activity,No,No,No,No,No,0
152,32,Professional,Mobile App,High,8,1537,2.202,Phone Activity,No,Yes,No,No,No,0
153,60,Professional,Website,Medium,4,1054,3.725,Phone Activity,No,Yes,Yes,No,No,0
154,41,Professional,Website,Medium,1,1542,0.37,Phone Activity,No,No,No,No,No,0
155,59,Unemployed,Mobile App,Medium,5,586,0.247,Phone Activity,No,No,Yes,No,No,0
156,57,Unemployed,Mobile App,High,6,536,2.148,Website Activity,No,No,No,Yes,No,0
157,50,Unemployed,Website,High,8,1731,3.553,Email Activity,No,No,No,No,No,1
158,44,Unemployed,Mobile App,High,4,654,3.478,Email Activity,No,No,No,No,No,0
159,18,Student,Website,Medium,5,466,2.138,Phone Activity,No,No,No,No,No,0
160,37,Professional,Website,High,7,2292,3.324,Website Activity,No,No,No,No,No,1
161,54,Unemployed,Mobile App,High,1,1606,3.61,Phone Activity,No,No,Yes,No,No,0
162,63,Unemployed,Website,Medium,2,58,2.182,Email Activity,No,No,No,No,No,0
163,48,Unemployed,Mobile App,High,2,642,5.441,Email Activity,No,No,No,No,No,0
164,56,Unemployed,Mobile App,Medium,0,0,0,Email Activity,No,No,No,No,No,0
165,60,Professional,Website,Medium,2,618,1.954,Email Activity,Yes,No,No,No,No,1
166,20,Student,Mobile App,Medium,5,276,3.104,Phone Activity,No,No,No,Yes,No,0
167,62,Unemployed,Website,High,3,1579,0.228,Website Activity,No,No,No,No,No,0
168,20,Student,Website,High,4,173,5.337,Email Activity,No,No,Yes,No,No,0
169,56,Professional,Website,High,2,1687,2.226,Email Activity,No,No,Yes,Yes,No,1
170,29,Professional,Mobile App,Medium,2,1,1.888,Phone Activity,Yes,No,No,No,No,0
171,34,Professional,Website,Medium,0,0,0,Email Activity,No,Yes,No,Yes,No,0
172,20,Student,Website,High,4,45,1.966,Phone Activity,No,No,No,No,No,0
173,58,Professional,Website,High,3,1592,5.549,Website Activity,No,No,No,Yes,No,1
174,33,Professional,Mobile App,Medium,4,325,3.76,Email Activity,Yes,No,No,No,No,0
175,33,Professional,Mobile App,High,4,2285,2.935,Email Activity,No,No,Yes,No,No,1
176,41,Unemployed,Website,High,7,88,1.945,Email Activity,No,No,No,No,No,1
177,33,Unemployed,Website,High,4,207,0.129,Phone Activity,No,No,No,No,No,0
178,22,Student,Mobile App,Medium,2,1718,2.212,Phone Activity,No,No,No,No,No,0
179,59,Professional,Website,Medium,1,289,5.378,Email Activity,No,No,No,No,No,0
180,59,Professional,Website,Medium,1,55,5.524,Phone Activity,No,No,No,No,No,0
181,36,Professional,Website,Medium,1,466,3.211,Email Activity,No,No,No,No,No,1
182,55,Unemployed,Mobile App,High,0,0,0,Email Activity,Yes,No,No,No,No,0
183,32,Unemployed,Website,Medium,3,75,2.284,Phone Activity,No,No,No,No,No,0
184,38,Unemployed,Mobile App,Low,2,401,7.936,Website Activity,No,No,Yes,No,No,0
185,28,Professional,Website,Medium,4,288,3.556,Email Activity,Yes,No,No,Yes,No,0
186,51,Professional,Mobile App,High,5,84,4.075,Website Activity,No,No,No,No,No,0
187,59,Professional,Website,Medium,3,180,4.186,Phone Activity,Yes,No,No,No,No,0
188,38,Professional,Mobile App,High,6,198,3.804,Email Activity,No,No,No,No,No,0
189,61,Unemployed,Mobile App,High,2,388,0.336,Website Activity,No,No,Yes,No,No,0
190,58,Unemployed,Website,High,2,648,4.336,Phone Activity,No,No,No,No,No,1
191,19,Student,Mobile App,High,3,288,3.586,Phone Activity,No,No,Yes,No,No,0
192,63,Unemployed,Mobile App,High,1,1775,2.246,Email Activity,No,No,No,No,No,0
193,20,Student,Website,Medium,5,86,3.586,Email Activity,No,No,No,No,No,0
194,41,Professional,Mobile App,Low,0,0,0,Phone Activity,Yes,Yes,No,Yes,No,0
195,55,Unemployed,Mobile App,Medium,2,1236,2.936,Email Activity,No,No,No,No,No,0
196,60,Professional,Mobile App,High,4,380,3.635,Email Activity,No,No,No,No,No,0
197,20,Student,Website,Medium,2,2073,7.469,Phone Activity,No,No,No,No,No,0
198,32,Unemployed,Website,Medium,9,2001,2.178,Email Activity,No,No,No,No,No,0
199,59,Professional,Mobile App,High,4,118,3.253,Phone Activity,No,No,No,No,No,0
200,36,Unemployed,Mobile App,Medium,4,2365,8.714,Email Activity,No,No,No,No,No,0
201,56,Unemployed,Website,High,4,1791,7.264,Phone Activity,No,No,No,Yes,No,1
202,57,Professional,Mobile App,High,14,66,2.043,Email Activity,No,No,No,Yes,No,0
203,46,Professional,Mobile App,Medium,13,2072,3.957,Email Activity,No,No,No,No,No,0
204,33,Unemployed,Website,High,5,1629,2.078,Email Activity,No,No,No,No,No,0
205,33,Professional,Mobile App,High,2,1181,3.542,Email Activity,No,No,No,No,No,0
206,32,Professional,Website,Medium,4,2280,2.202,Phone Activity,No,No,No,No,No,0
207,34,Professional,Mobile App,High,4,419,3.282,Email Activity,No,No,Yes,No,No,0
208,24,Student,Website,High,2,1716,0.055,Email Activity,Yes,No,No,No,No,1
209,32,Unemployed,Mobile App,High,4,1942,2.142,Phone Activity,No,No,No,No,No,0
210,51,Unemployed,Website,Medium,3,494,3.383,Website Activity,No,No,Yes,No,No,1
211,46,Unemployed,Website,Medium,5,339,2.168,Website Activity,No,No,No,No,No,0
212,21,Student,Website,Medium,2,2225,2.231,Email Activity,No,No,No,No,No,0
213,46,Professional,Website,Medium,11,606,2.248,Phone Activity,No,No,Yes,No,No,0
214,32,Unemployed,Mobile App,High,0,0,0,Email Activity,Yes,No,No,No,No,0
215,57,Professional,Website,High,4,341,3.011,Email Activity,No,No,No,No,No,1
216,59,Unemployed,Mobile App,Medium,7,389,2.173,Email Activity,No,No,No,No,No,0
217,50,Unemployed,Website,High,2,68,3.554,Email Activity,No,No,No,No,No,1
218,63,Unemployed,Mobile App,Medium,1,300,2.062,Email Activity,No,No,No,No,No,0
219,58,Professional,Mobile App,High,1,65,3.92,Website Activity,No,No,No,Yes,No,0
220,58,Professional,Website,High,8,57,3.42,Email Activity,No,Yes,No,No,No,0
221,50,Professional,Website,High,3,93,0.281,Phone Activity,No,No,No,No,No,1
222,58,Unemployed,Website,High,1,576,3.511,Email Activity,No,No,No,No,No,1
223,21,Student,Mobile App,High,5,297,3.496,Phone Activity,No,No,No,No,No,0
224,22,Student,Mobile App,High,1,206,2.148,Phone Activity,No,No,No,No,No,0
225,43,Unemployed,Website,High,8,1741,4.307,Phone Activity,No,No,No,No,No,1
226,43,Professional,Mobile App,Medium,4,97,2.676,Email Activity,No,No,No,No,No,0
227,50,Professional,Website,Low,2,158,1.556,Email Activity,Yes,Yes,No,No,No,0
228,48,Unemployed,Website,Medium,2,1942,13.076,Phone Activity,No,No,No,Yes,No,0
229,32,Unemployed,Website,Medium,2,90,2.067,Email Activity,No,No,Yes,Yes,No,0
230,60,Professional,Website,High,2,703,8.104,Phone Activity,No,No,No,Yes,No,0
231,56,Professional,Website,High,1,72,2.083,Phone Activity,No,No,No,No,No,1
232,57,Professional,Website,High,1,2215,1.811,Email Activity,No,No,No,No,No,1
233,57,Professional,Mobile App,Low,5,248,2.131,Phone Activity,No,No,No,No,No,0
234,26,Professional,Mobile App,High,7,594,3.903,Phone Activity,No,No,No,Yes,No,0
235,48,Unemployed,Website,Medium,3,450,1.423,Phone Activity,Yes,No,Yes,No,No,0
236,31,Professional,Mobile App,Medium,2,76,3.59,Phone Activity,No,No,No,No,No,0
237,58,Professional,Mobile App,High,2,197,2.178,Email Activity,No,No,No,No,No,0
238,18,Student,Mobile App,High,3,406,7.763,Phone Activity,No,No,No,No,No,0
239,59,Unemployed,Website,Medium,3,2202,4.239,Email Activity,No,No,No,No,No,1
240,28,Professional,Website,High,0,0,0,Email Activity,No,No,No,Yes,No,1
241,33,Unemployed,Website,High,5,1425,2.039,Website Activity,Yes,No,No,No,No,0
242,50,Unemployed,Mobile App,Medium,6,2017,2.158,Phone Activity,No,No,No,No,No,0
243,57,Professional,Website,Medium,3,1,2.985,Website Activity,No,No,No,No,No,0
244,52,Unemployed,Mobile App,Medium,4,31,3.499,Phone Activity,No,No,No,No,No,0
245,43,Professional,Website,High,4,30,2.18,Email Activity,No,No,No,No,No,1
246,36,Professional,Website,Medium,3,2017,2.113,Website Activity,No,No,Yes,No,No,1
247,39,Professional,Mobile App,High,4,272,0.178,Website Activity,No,No,No,No,No,0
248,50,Professional,Mobile App,High,1,1188,5.4,Website Activity,Yes,No,No,No,No,1
249,32,Unemployed,Website,Medium,3,460,3.283,Email Activity,No,No,No,No,No,0
250,56,Unemployed,Website,Medium,5,348,2.186,Website Activity,No,No,No,No,No,0
251,60,Professional,Website,Medium,5,1547,5.651,Email Activity,No,No,No,No,No,1
252,23,Student,Website,Medium,7,2040,8.388,Email Activity,No,No,No,No,No,0
253,51,Unemployed,Website,High,3,415,7.056,Email Activity,No,No,No,No,No,0
254,59,Professional,Mobile App,Medium,2,2233,0.066,Website Activity,No,No,No,No,Yes,1
255,58,Unemployed,Website,High,3,342,7.778,Website Activity,No,No,No,Yes,No,1
256,37,Unemployed,Website,High,3,196,2.237,Phone Activity,No,No,No,No,No,0
257,32,Unemployed,Website,High,1,20,1.04,Website Activity,No,No,No,No,No,0
258,22,Student,Website,High,5,93,3.692,Phone Activity,No,No,No,Yes,No,0
259,30,Professional,Website,High,2,71,1.82,Email Activity,No,No,No,No,No,1
260,57,Unemployed,Mobile App,Medium,2,280,2.278,Email Activity,No,No,No,No,No,0
261,23,Student,Website,High,8,485,5.034,Phone Activity,No,No,Yes,No,No,0
262,19,Student,Website,Medium,4,257,1.998,Email Activity,No,No,No,No,No,0
263,55,Professional,Website,High,13,1273,2.2,Phone Activity,No,No,No,No,No,0
264,55,Professional,Website,Medium,5,1800,2.232,Email Activity,No,No,No,No,No,1
265,35,Unemployed,Website,Medium,1,2495,2.884,Website Activity,No,No,No,No,No,1
266,39,Unemployed,Website,High,2,388,3.7,Website Activity,Yes,No,No,Yes,No,0
267,37,Unemployed,Mobile App,Medium,13,1482,0.328,Website Activity,No,No,Yes,Yes,No,1
268,59,Professional,Website,Medium,3,1969,0.047,Email Activity,No,No,No,No,No,1
269,57,Professional,Mobile App,Medium,3,1009,18.302,Phone Activity,No,No,No,No,No,0
270,58,Professional,Website,Medium,3,433,2.156,Website Activity,No,No,No,No,No,1
271,33,Unemployed,Website,Medium,0,0,0,Email Activity,No,No,No,No,No,0
272,57,Professional,Website,High,2,1,0.211,Phone Activity,No,No,No,No,No,1
273,40,Unemployed,Mobile App,Medium,2,343,2.196,Website Activity,No,No,No,No,No,0
274,59,Unemployed,Website,Medium,1,341,3.575,Email Activity,No,No,No,Yes,No,0
275,33,Professional,Mobile App,High,5,58,6.862,Phone Activity,No,No,No,No,No,0
276,58,Unemployed,Website,High,2,365,3.518,Phone Activity,No,No,No,No,No,1
277,47,Unemployed,Website,Low,3,481,2.229,Email Activity,No,No,No,No,No,0
278,32,Professional,Website,High,2,1945,8.268,Phone Activity,No,No,No,No,No,0
279,58,Unemployed,Mobile App,Medium,8,1707,3.381,Email Activity,No,No,No,Yes,No,0
280,21,Student,Website,Medium,6,360,2.793,Website Activity,No,No,No,No,No,0
281,45,Professional,Mobile App,Medium,3,383,6.928,Email Activity,No,No,No,No,No,0
282,58,Professional,Mobile App,Medium,1,1050,4.314,Website Activity,Yes,No,Yes,No,No,0
283,60,Professional,Website,Medium,2,65,1.963,Phone Activity,No,No,No,No,No,0
284,58,Unemployed,Website,Medium,8,396,3.498,Phone Activity,No,No,No,No,No,0
285,43,Professional,Website,High,4,1815,3.298,Email Activity,No,Yes,No,No,No,1
286,59,Professional,Website,High,3,1963,2.064,Email Activity,No,No,No,No,No,1
287,23,Student,Mobile App,High,2,2317,2.236,Phone Activity,No,No,Yes,No,No,0
288,30,Professional,Website,High,2,48,2.263,Website Activity,No,No,No,No,No,1
289,28,Professional,Website,High,3,40,4.426,Phone Activity,No,Yes,No,Yes,No,1
290,57,Professional,Website,Medium,1,348,2.041,Phone Activity,No,No,No,No,No,0
291,58,Professional,Website,Medium,3,726,3.32,Website Activity,No,No,No,No,No,1
292,22,Student,Mobile App,High,5,367,2.154,Phone Activity,Yes,No,No,No,No,0
293,37,Unemployed,Mobile App,High,2,2132,3.417,Phone Activity,No,No,No,No,No,0
294,60,Professional,Website,Medium,2,1854,1.188,Phone Activity,No,No,No,No,No,0
295,48,Professional,Mobile App,High,5,1120,5.763,Phone Activity,No,No,No,No,No,1
296,37,Professional,Mobile App,Medium,2,76,2.993,Website Activity,No,No,Yes,Yes,No,0
297,20,Student,Mobile App,High,1,616,3.674,Phone Activity,No,No,No,No,No,0
298,43,Unemployed,Mobile App,Medium,2,2074,3.496,Phone Activity,No,No,No,No,No,0
299,41,Professional,Mobile App,Medium,9,1548,2.153,Phone Activity,No,No,No,No,No,0
300,18,Student,Mobile App,High,5,2309,1.903,Email Activity,No,Yes,No,No,No,1
301,24,Student,Mobile App,High,3,1254,0.014,Phone Activity,No,No,No,No,No,0
302,50,Professional,Mobile App,Medium,2,18,5.508,Email Activity,No,No,No,No,No,0
303,58,Professional,Mobile App,Medium,0,0,0,Phone Activity,No,No,No,Yes,No,0
304,41,Unemployed,Website,Medium,3,204,2.096,Website Activity,No,No,No,No,No,0
305,56,Professional,Mobile App,High,5,1592,3.237,Email Activity,No,No,No,No,No,1
306,48,Unemployed,Mobile App,Low,5,16,3.321,Website Activity,No,No,No,No,No,0
307,56,Professional,Website,High,1,23,3.779,Website Activity,Yes,No,Yes,Yes,Yes,1
308,38,Professional,Mobile App,High,2,2141,2.943,Email Activity,No,No,No,No,No,0
309,40,Professional,Mobile App,Low,7,171,3.837,Website Activity,Yes,No,No,No,No,0
310,56,Unemployed,Website,Medium,2,1748,3.523,Email Activity,No,No,No,No,No,0
311,60,Professional,Mobile App,High,6,208,2.024,Email Activity,No,No,Yes,No,No,0
312,49,Professional,Website,Medium,10,325,5.567,Email Activity,No,No,No,No,No,0
313,55,Professional,Mobile App,High,3,325,3.825,Email Activity,No,No,No,No,No,0
314,33,Professional,Mobile App,Medium,5,1544,1.832,Website Activity,No,No,No,Yes,No,0
315,45,Professional,Mobile App,Medium,1,613,1.846,Email Activity,No,No,No,No,No,1
316,58,Professional,Mobile App,Medium,4,1614,3.524,Email Activity,Yes,No,No,No,No,0
317,33,Unemployed,Website,Medium,2,323,0.129,Email Activity,Yes,No,No,No,No,0
318,60,Unemployed,Mobile App,High,1,66,2.199,Website Activity,No,No,No,No,No,0
319,58,Professional,Website,Medium,5,1843,3.557,Email Activity,Yes,No,No,No,No,1
320,21,Student,Website,Medium,5,2179,3.209,Email Activity,No,No,No,No,No,1
321,62,Unemployed,Website,Medium,6,1946,2.21,Email Activity,No,No,Yes,No,No,1
322,48,Professional,Mobile App,Medium,1,80,4.158,Email Activity,No,No,No,No,No,0
323,58,Unemployed,Mobile App,High,2,2277,4.383,Email Activity,No,No,No,No,No,0
324,59,Unemployed,Website,High,5,1769,1.965,Email Activity,No,No,No,No,No,1
325,58,Professional,Website,Medium,5,1,6.032,Website Activity,No,No,No,Yes,No,0
326,54,Unemployed,Mobile App,Medium,2,1519,3.138,Email Activity,No,No,Yes,No,No,0
327,60,Professional,Website,High,2,2083,2.041,Phone Activity,No,No,No,Yes,No,1
328,60,Professional,Mobile App,Medium,2,46,7.725,Phone Activity,No,No,No,No,No,0
329,23,Student,Website,High,6,1622,2.076,Email Activity,No,No,No,No,No,0
330,44,Unemployed,Mobile App,High,4,75,3.699,Website Activity,No,No,No,No,No,0
331,51,Professional,Mobile App,Medium,3,284,0.345,Website Activity,No,No,No,Yes,No,0
332,56,Professional,Mobile App,High,2,2076,0.303,Email Activity,No,No,No,No,No,0
333,51,Professional,Website,Medium,4,1827,8.696,Phone Activity,No,No,No,No,No,0
334,60,Unemployed,Mobile App,Medium,9,2066,2.047,Phone Activity,No,No,No,Yes,No,0
335,46,Professional,Mobile App,Medium,2,363,2.814,Email Activity,No,No,No,No,No,0
336,23,Student,Mobile App,High,8,477,3.686,Phone Activity,No,No,No,No,No,0
337,62,Unemployed,Website,High,2,328,3.615,Email Activity,No,No,No,No,No,0
338,55,Professional,Mobile App,Medium,5,272,5.455,Email Activity,No,No,Yes,No,No,0
339,54,Unemployed,Mobile App,High,5,1899,8.768,Email Activity,No,No,No,No,No,0
340,34,Professional,Website,High,7,1508,3.723,Email Activity,No,No,No,No,No,1
341,51,Professional,Mobile App,High,8,1554,2.209,Website Activity,Yes,No,No,No,No,0
342,22,Student,Mobile App,Medium,2,2122,3.826,Phone Activity,No,No,No,No,No,0
343,39,Unemployed,Website,Medium,3,44,1.939,Website Activity,No,No,No,No,No,0
344,52,Professional,Mobile App,Medium,1,58,5.204,Email Activity,No,No,No,No,No,0
345,59,Unemployed,Website,High,5,1571,3.628,Email Activity,No,No,No,No,No,1
346,60,Unemployed,Website,Low,7,282,2.073,Email Activity,No,No,No,No,No,0
347,51,Professional,Website,High,1,444,2.192,Website Activity,No,No,No,No,No,1
348,22,Student,Website,High,8,1514,7.41,Phone Activity,No,No,No,Yes,No,0
349,56,Professional,Website,High,3,474,3.872,Phone Activity,No,No,No,Yes,No,1
350,19,Student,Website,High,1,264,2.187,Website Activity,Yes,No,No,No,No,0
351,54,Professional,Mobile App,High,3,251,2.111,Email Activity,No,No,No,Yes,No,0
352,60,Unemployed,Website,High,2,62,6.256,Email Activity,No,Yes,Yes,No,No,0
353,48,Unemployed,Mobile App,High,3,314,8.19,Phone Activity,No,No,No,No,No,0
354,34,Unemployed,Website,High,7,419,3.392,Phone Activity,No,No,No,No,No,1
355,59,Professional,Website,High,3,1366,2.73,Email Activity,No,No,No,No,No,1
356,36,Professional,Website,Medium,0,0,0,Email Activity,No,No,No,No,No,0
357,58,Unemployed,Mobile App,High,2,1956,0.313,Email Activity,No,No,No,No,No,0
358,35,Professional,Website,Medium,4,935,3.362,Website Activity,No,No,No,No,No,1
359,56,Unemployed,Website,High,1,39,2.205,Phone Activity,No,No,No,No,No,1
360,58,Unemployed,Mobile App,Medium,4,406,2.207,Website Activity,No,No,No,No,No,0
361,61,Unemployed,Mobile App,High,5,265,8.499,Email Activity,No,No,No,No,No,0
362,59,Professional,Website,Medium,5,85,3.567,Email Activity,No,No,No,Yes,No,0
363,40,Unemployed,Website,Medium,1,12,0.225,Website Activity,No,No,No,No,No,0
364,32,Unemployed,Website,Medium,3,2257,3.609,Website Activity,No,No,No,No,No,1
365,44,Unemployed,Website,Medium,1,429,5.084,Website Activity,No,No,No,Yes,No,0
366,57,Professional,Mobile App,High,6,583,2.049,Website Activity,No,No,No,No,No,0
367,59,Professional,Website,High,2,1901,0.346,Email Activity,No,No,No,No,No,1
368,54,Unemployed,Mobile App,High,1,342,1.628,Phone Activity,Yes,No,No,No,No,0
369,58,Professional,Mobile App,High,7,198,1.703,Website Activity,No,No,No,No,No,0
370,19,Student,Mobile App,Medium,6,352,5.11,Website Activity,No,No,No,No,No,0
371,56,Professional,Website,High,3,2246,3.758,Phone Activity,Yes,No,No,No,No,1
372,56,Unemployed,Website,Medium,2,73,2.067,Email Activity,No,No,No,No,No,0
373,55,Unemployed,Mobile App,High,4,33,3.778,Email Activity,No,Yes,No,No,No,0
374,43,Professional,Mobile App,Medium,1,85,3.54,Email Activity,No,No,No,No,No,0
375,23,Student,Website,Medium,4,48,5.636,Website Activity,No,No,No,No,No,0
376,34,Professional,Website,High,2,81,4.004,Website Activity,No,No,No,No,No,0
377,22,Student,Mobile App,Medium,5,390,2.211,Email Activity,No,No,Yes,Yes,No,0
378,45,Unemployed,Website,Medium,2,1037,2.123,Phone Activity,No,No,No,No,No,0
379,53,Professional,Website,Medium,1,15,3.625,Phone Activity,No,No,No,No,No,0
380,56,Professional,Mobile App,Medium,4,2257,2.067,Website Activity,No,No,Yes,No,No,0
381,57,Professional,Mobile App,Medium,8,582,2.162,Phone Activity,No,No,No,No,No,0
382,60,Professional,Website,Medium,14,238,2.201,Email Activity,Yes,No,No,No,No,0
383,49,Professional,Mobile App,Medium,4,1828,3.918,Email Activity,No,No,No,No,No,0
384,33,Professional,Mobile App,High,2,160,3.644,Phone Activity,No,No,No,Yes,No,0
385,58,Unemployed,Mobile App,High,2,204,2.273,Phone Activity,No,No,No,No,No,0
386,24,Student,Mobile App,High,2,1811,2.078,Email Activity,No,No,No,No,No,0
387,52,Professional,Website,Medium,3,132,3.64,Phone Activity,No,No,No,Yes,No,0
388,58,Unemployed,Website,Medium,9,424,0.263,Email Activity,No,No,No,No,No,1
389,28,Professional,Mobile App,High,11,884,2.079,Phone Activity,Yes,No,No,No,Yes,1
390,57,Professional,Mobile App,High,1,582,2.197,Email Activity,No,No,No,Yes,No,0
391,60,Professional,Mobile App,Medium,3,223,3.617,Email Activity,No,No,No,No,No,0
392,63,Unemployed,Website,High,1,477,3.418,Email Activity,No,No,No,No,No,1
393,19,Student,Mobile App,Medium,2,2109,3.721,Phone Activity,No,No,No,No,No,0
394,63,Unemployed,Website,High,4,2279,0.213,Website Activity,No,No,No,No,No,1
395,48,Unemployed,Mobile App,Medium,6,1533,2.195,Email Activity,No,No,No,Yes,No,0
396,57,Professional,Website,High,6,54,2.175,Website Activity,No,No,Yes,No,No,1
397,43,Unemployed,Website,High,2,72,2.678,Email Activity,No,No,No,No,No,0
398,57,Professional,Mobile App,High,2,2152,3.613,Website Activity,No,No,No,No,No,0
399,41,Professional,Website,Medium,4,693,3.455,Website Activity,No,No,No,No,No,1
400,32,Professional,Mobile App,High,2,1912,0.119,Phone Activity,No,No,Yes,No,No,0
401,59,Unemployed,Mobile App,High,0,0,0,Email Activity,No,No,No,No,No,0
402,59,Unemployed,Website,High,6,404,4.157,Email Activity,No,No,Yes,No,No,0
403,60,Professional,Mobile App,Medium,5,409,2.225,Email Activity,No,No,No,No,No,0
404,56,Professional,Mobile App,Medium,2,1622,3.741,Email Activity,No,Yes,No,No,No,0
405,46,Professional,Website,High,3,548,3.608,Email Activity,No,No,No,No,No,1
406,20,Student,Website,Medium,3,76,5.131,Phone Activity,No,No,Yes,No,No,0
407,35,Professional,Mobile App,Medium,4,361,1.77,Website Activity,No,No,No,No,No,0
408,59,Professional,Website,High,3,55,1.765,Email Activity,No,No,No,No,No,0
409,38,Unemployed,Website,Medium,6,114,2.24,Phone Activity,No,No,No,No,No,0
410,32,Unemployed,Website,High,1,310,2.118,Phone Activity,No,No,No,No,No,0
411,44,Professional,Mobile App,Medium,12,89,3.833,Phone Activity,No,Yes,No,No,No,0
412,53,Unemployed,Website,High,1,300,1.742,Website Activity,No,No,Yes,No,No,1
413,32,Unemployed,Mobile App,Medium,5,2210,2.653,Email Activity,No,No,No,No,No,1
414,56,Professional,Website,Medium,6,2191,2.254,Email Activity,No,Yes,No,No,No,1
415,55,Professional,Website,High,5,443,4.862,Email Activity,No,No,No,Yes,No,1
416,58,Professional,Mobile App,High,7,58,8.229,Email Activity,No,No,No,No,No,0
417,50,Professional,Website,Medium,2,422,0.04,Email Activity,No,No,Yes,No,No,1
418,59,Professional,Website,High,14,1799,5.301,Email Activity,No,No,No,No,No,1
419,59,Professional,Mobile App,Medium,3,375,3.657,Email Activity,No,No,No,No,No,0
420,21,Student,Website,Medium,2,2231,3.486,Email Activity,No,No,No,Yes,No,0
421,24,Student,Mobile App,Medium,1,256,1.976,Email Activity,Yes,No,No,No,No,0
422,35,Unemployed,Website,High,5,343,3.397,Email Activity,No,No,No,No,No,0
423,19,Student,Website,High,0,0,0,Email Activity,No,No,No,No,No,1
424,20,Student,Mobile App,High,3,6,5.701,Email Activity,No,No,No,No,No,0
425,57,Professional,Website,Medium,7,1975,2.151,Email Activity,No,No,No,No,No,1
426,57,Unemployed,Mobile App,Medium,7,2171,2.154,Email Activity,No,No,No,No,No,0
427,63,Unemployed,Website,High,4,581,2.21,Email Activity,No,No,No,No,No,0
428,58,Professional,Website,High,5,1828,2.175,Email Activity,No,No,No,No,No,1
429,38,Unemployed,Mobile App,High,2,348,2.102,Email Activity,No,No,No,No,No,0
430,56,Professional,Mobile App,Medium,2,298,4.085,Website Activity,No,No,No,Yes,No,0
431,31,Professional,Website,High,2,636,4.496,Phone Activity,No,No,No,No,No,1
432,30,Professional,Mobile App,Medium,1,401,4.196,Phone Activity,No,No,No,No,No,0
433,21,Student,Mobile App,Medium,0,0,0,Email Activity,No,No,No,No,No,0
434,51,Professional,Website,Medium,2,82,3.079,Website Activity,No,No,No,No,No,0
435,56,Professional,Website,High,2,188,1.1,Phone Activity,No,No,Yes,No,No,1
436,49,Professional,Mobile App,Medium,4,2314,5.467,Email Activity,No,No,No,Yes,Yes,1
437,52,Professional,Website,High,7,15,4.382,Email Activity,No,No,No,No,No,1
438,63,Unemployed,Mobile App,Medium,1,390,2.468,Email Activity,Yes,No,No,No,No,0
439,56,Unemployed,Mobile App,Medium,7,242,5.552,Email Activity,Yes,No,No,No,No,0
440,41,Professional,Mobile App,High,8,88,0.187,Email Activity,No,No,No,No,No,0
441,55,Professional,Website,High,6,207,5.625,Website Activity,No,No,No,No,No,0
442,57,Professional,Mobile App,High,2,131,2.219,Website Activity,No,No,Yes,No,No,0
443,38,Professional,Website,High,2,63,5.565,Phone Activity,No,No,No,No,No,1
444,59,Professional,Website,High,0,0,0,Email Activity,No,No,No,No,No,0
445,51,Professional,Website,Medium,1,708,3.814,Email Activity,No,No,Yes,No,No,1
446,49,Professional,Mobile App,Medium,1,958,4.034,Email Activity,No,No,Yes,No,No,0
447,42,Professional,Website,Medium,3,398,2.125,Website Activity,No,No,No,No,No,0
448,59,Unemployed,Website,High,2,198,0.189,Phone Activity,Yes,No,No,No,No,1
449,60,Unemployed,Mobile App,Medium,11,89,2.144,Website Activity,No,No,No,No,No,0
450,58,Professional,Website,Medium,2,54,2.136,Phone Activity,Yes,No,No,No,No,0
451,49,Unemployed,Mobile App,Medium,5,6,1.411,Email Activity,No,No,No,Yes,No,0
452,58,Professional,Website,High,0,0,0,Phone Activity,No,No,No,No,No,1
453,24,Student,Mobile App,Low,24,137,6.814,Email Activity,No,No,No,No,No,0
454,53,Professional,Mobile App,Medium,9,2204,3.563,Email Activity,No,No,No,No,No,1
455,60,Professional,Mobile App,High,2,1723,2.649,Website Activity,No,No,Yes,No,No,0
456,23,Student,Website,Medium,4,367,1.846,Email Activity,No,No,No,No,No,0
457,54,Professional,Mobile App,Medium,4,209,2.124,Email Activity,No,No,No,No,No,0
458,34,Professional,Website,Medium,2,1,0.254,Email Activity,No,No,Yes,No,No,0
459,51,Professional,Website,High,13,175,3.675,Email Activity,No,No,No,No,No,1
460,55,Professional,Website,Medium,9,2310,2.074,Email Activity,Yes,No,No,No,No,1
461,61,Unemployed,Website,High,7,389,0.146,Website Activity,No,No,No,Yes,No,0
462,32,Unemployed,Website,High,2,325,2.115,Email Activity,No,No,No,No,No,0
463,59,Professional,Mobile App,High,2,68,5.206,Email Activity,No,No,No,No,No,0
464,32,Unemployed,Mobile App,High,0,0,0,Email Activity,No,No,No,No,No,0
465,57,Professional,Website,Medium,5,381,7.813,Email Activity,No,No,No,No,No,0
466,58,Professional,Website,High,4,68,6.667,Website Activity,No,Yes,No,No,No,0
467,57,Professional,Website,High,5,586,5.746,Email Activity,No,No,No,No,No,1
468,21,Student,Website,Medium,3,1729,2.043,Website Activity,No,No,No,No,No,0
469,50,Professional,Website,High,1,66,5.391,Website Activity,No,No,No,No,No,1
470,48,Professional,Mobile App,High,1,758,2.197,Phone Activity,No,No,No,No,No,0
471,57,Professional,Website,High,2,144,2.106,Website Activity,No,No,No,No,No,1
472,59,Professional,Website,High,2,81,3.06,Email Activity,No,No,No,No,No,0
473,24,Student,Mobile App,High,1,1661,9.1,Email Activity,Yes,No,Yes,Yes,No,0
474,52,Unemployed,Mobile App,High,1,255,2.157,Email Activity,No,No,Yes,No,No,0
475,37,Professional,Website,Medium,1,299,2.178,Website Activity,No,No,No,Yes,No,0
476,60,Professional,Mobile App,High,5,1950,2.598,Website Activity,No,No,No,No,No,0
477,58,Professional,Website,Medium,1,353,3.413,Website Activity,No,No,No,No,No,0
478,20,Student,Website,High,4,66,2.003,Website Activity,No,No,No,No,No,0
479,44,Professional,Mobile App,High,0,0,0,Email Activity,Yes,No,No,No,No,0
480,60,Professional,Mobile App,Medium,15,2042,3.003,Email Activity,No,No,Yes,No,No,0
481,23,Student,Mobile App,Medium,7,1481,3.219,Phone Activity,No,No,No,No,No,0
482,50,Unemployed,Website,High,2,556,3.736,Website Activity,No,No,No,No,No,0
483,59,Professional,Mobile App,High,11,346,0.092,Email Activity,No,No,No,No,No,0
484,20,Student,Website,High,0,0,0,Email Activity,No,No,No,Yes,No,1
485,59,Professional,Website,Medium,6,1744,3.223,Email Activity,No,No,No,No,No,1
486,48,Professional,Mobile App,Medium,6,2174,1.657,Email Activity,No,No,No,No,No,0
487,60,Professional,Mobile App,Medium,7,1926,3.452,Phone Activity,No,No,No,No,No,0
488,34,Unemployed,Website,Medium,5,27,5.348,Phone Activity,No,No,No,Yes,No,0
489,49,Professional,Mobile App,High,6,2089,2.104,Email Activity,No,No,No,No,No,0
490,53,Professional,Website,High,3,2047,3.367,Email Activity,No,No,No,No,No,1
491,45,Unemployed,Website,High,4,355,6.749,Email Activity,No,No,No,No,No,0
492,44,Unemployed,Website,Medium,1,304,2.143,Website Activity,No,No,No,No,No,0
493,21,Student,Mobile App,Medium,1,80,2.205,Email Activity,No,No,No,Yes,No,0
494,42,Professional,Mobile App,High,2,43,3.044,Email Activity,No,No,No,No,No,0
495,43,Unemployed,Mobile App,Medium,2,81,6.846,Phone Activity,No,No,No,Yes,No,0
496,56,Professional,Website,High,2,577,0.193,Email Activity,Yes,No,No,No,No,1
497,57,Unemployed,Mobile App,Medium,2,284,3.055,Phone Activity,No,No,No,No,No,0
498,56,Professional,Mobile App,Medium,8,2310,2.229,Phone Activity,No,No,Yes,No,No,0
499,29,Professional,Mobile App,High,1,2145,0.232,Phone Activity,Yes,No,No,No,No,0
500,62,Unemployed,Website,High,2,1676,2.182,Email Activity,No,No,No,No,No,0
501,25,Student,Mobile App,High,9,265,4.006,Email Activity,No,No,No,No,No,0
502,58,Professional,Website,High,2,1908,3.794,Website Activity,Yes,No,No,No,No,1
503,27,Professional,Website,Medium,2,72,2.823,Phone Activity,No,No,No,No,No,0
504,59,Professional,Mobile App,High,2,390,3.277,Phone Activity,No,No,No,No,No,0
505,59,Unemployed,Website,Medium,2,323,2.214,Email Activity,No,No,No,No,No,0
506,57,Professional,Website,Medium,2,325,3.39,Phone Activity,No,Yes,No,No,No,0
507,32,Unemployed,Website,Medium,1,1452,5.107,Phone Activity,No,No,No,No,No,0
508,60,Unemployed,Mobile App,High,6,48,3.684,Phone Activity,No,No,No,No,No,0
509,55,Professional,Website,Medium,9,218,0.323,Website Activity,No,No,No,No,No,0
510,24,Student,Mobile App,Medium,30,388,3.566,Website Activity,No,No,No,No,No,0
511,30,Professional,Website,Medium,5,1962,6.493,Phone Activity,Yes,No,No,No,No,1
512,55,Unemployed,Mobile App,Medium,3,314,2.2,Website Activity,No,No,No,No,No,0
513,19,Student,Website,Medium,3,582,3.741,Phone Activity,Yes,No,No,No,No,0
514,52,Professional,Website,Medium,4,1969,3.965,Email Activity,No,No,No,No,No,1
515,59,Unemployed,Website,Low,2,556,2.901,Phone Activity,No,No,No,No,No,0
516,43,Professional,Website,Medium,1,202,0.219,Phone Activity,No,No,No,No,No,0
517,33,Professional,Website,Medium,2,1585,3.379,Website Activity,Yes,No,No,No,No,0
518,57,Professional,Website,High,8,2537,0.155,Email Activity,No,No,No,No,No,1
519,32,Unemployed,Mobile App,High,3,853,3.206,Email Activity,No,No,No,No,No,0
520,53,Professional,Mobile App,Medium,5,239,4.478,Email Activity,No,No,No,Yes,No,0
521,32,Professional,Mobile App,Medium,13,360,2.174,Email Activity,No,No,No,No,No,0
522,45,Unemployed,Mobile App,Medium,9,1586,7.207,Phone Activity,No,No,No,No,No,0
523,19,Student,Website,Medium,7,280,3.466,Phone Activity,Yes,No,Yes,No,No,0
524,45,Professional,Mobile App,High,4,81,7.466,Website Activity,No,No,No,No,No,0
525,59,Unemployed,Mobile App,High,6,1787,2.74,Email Activity,No,No,No,No,No,1
526,56,Professional,Website,High,4,299,2.127,Website Activity,No,No,No,No,No,1
527,21,Student,Mobile App,Medium,2,1635,0.025,Email Activity,No,No,No,No,No,0
528,32,Professional,Mobile App,Medium,1,216,2.129,Phone Activity,No,No,No,No,No,0
529,20,Student,Website,High,1,42,2.244,Email Activity,No,No,No,No,No,0
530,26,Professional,Mobile App,Medium,2,1563,2.128,Phone Activity,No,No,No,Yes,No,0
531,19,Student,Mobile App,High,3,294,2.17,Website Activity,No,No,Yes,No,No,0
532,48,Professional,Website,Medium,2,307,3.225,Email Activity,No,No,No,No,No,0
533,49,Unemployed,Mobile App,High,3,1888,1.973,Phone Activity,No,No,Yes,Yes,No,0
534,58,Unemployed,Website,High,3,2086,1.995,Website Activity,No,No,No,No,No,1
535,52,Professional,Mobile App,Medium,4,612,0.23,Phone Activity,No,No,No,No,No,0
536,62,Unemployed,Website,Medium,3,357,4.432,Email Activity,No,No,No,No,No,0
537,56,Professional,Website,Medium,2,1736,2.062,Email Activity,No,No,No,No,No,1
538,41,Professional,Mobile App,Medium,1,1421,2.639,Phone Activity,No,No,No,No,No,0
539,59,Professional,Website,Medium,7,24,3.557,Email Activity,Yes,No,No,No,No,0
540,59,Professional,Mobile App,High,2,64,5.563,Phone Activity,Yes,No,No,No,No,0
541,58,Professional,Mobile App,Medium,3,13,2.529,Website Activity,No,No,No,Yes,No,0
542,51,Unemployed,Website,High,4,2029,0.032,Email Activity,No,No,No,No,No,0
543,47,Professional,Website,High,1,78,3.436,Email Activity,No,No,No,Yes,No,1
544,44,Professional,Website,High,2,673,3.906,Email Activity,No,No,No,No,No,1
545,58,Unemployed,Mobile App,Medium,1,68,3.653,Phone Activity,No,No,Yes,No,No,0
546,57,Unemployed,Mobile App,Medium,10,2068,0.203,Phone Activity,No,No,No,No,No,1
547,60,Unemployed,Mobile App,High,4,403,2.595,Email Activity,No,No,No,No,No,0
548,54,Professional,Mobile App,Medium,0,0,0,Email Activity,No,No,No,No,No,0
549,55,Unemployed,Mobile App,High,1,55,5.694,Email Activity,No,No,Yes,No,No,0
550,56,Professional,Mobile App,High,2,651,3.358,Email Activity,Yes,No,No,No,No,1
551,59,Professional,Website,High,2,1704,2.153,Phone Activity,No,No,No,No,No,1
552,44,Unemployed,Mobile App,Medium,5,1401,5.416,Website Activity,No,No,No,No,No,0
553,58,Professional,Mobile App,High,2,153,3.138,Website Activity,No,No,No,No,No,0
554,22,Student,Website,Medium,4,2426,0.125,Email Activity,No,No,No,No,No,0
555,18,Student,Mobile App,High,1,1327,5.08,Email Activity,No,No,Yes,No,No,0
556,42,Professional,Website,High,3,1394,2.154,Website Activity,No,No,No,Yes,No,1
557,33,Professional,Website,Medium,0,0,0,Email Activity,No,No,No,No,No,0
558,49,Unemployed,Mobile App,High,5,131,2.107,Email Activity,No,No,No,No,No,0
559,58,Unemployed,Mobile App,High,8,621,3.027,Email Activity,No,No,No,No,No,1
560,26,Professional,Website,Medium,3,555,2.125,Email Activity,No,No,No,No,No,1
561,29,Professional,Website,High,3,1249,2.848,Email Activity,No,No,No,No,No,1
562,56,Professional,Website,High,1,2412,2.049,Email Activity,No,No,No,No,No,1
563,42,Professional,Mobile App,Medium,6,39,4.163,Email Activity,No,No,Yes,No,No,0
564,43,Unemployed,Mobile App,High,2,89,2.167,Phone Activity,No,No,No,Yes,No,0
565,22,Student,Website,Medium,7,140,3.789,Website Activity,No,No,Yes,No,Yes,1
566,56,Unemployed,Website,High,3,1673,2.003,Phone Activity,No,No,No,No,No,1
567,41,Professional,Mobile App,Medium,2,546,3.337,Email Activity,Yes,No,No,No,No,1
568,34,Professional,Mobile App,Medium,2,332,2.074,Email Activity,No,No,No,Yes,No,0
569,44,Unemployed,Website,Medium,2,1949,3.673,Phone Activity,No,No,Yes,No,No,0
570,57,Professional,Mobile App,Medium,1,1813,5.615,Phone Activity,No,No,No,No,No,0
571,34,Unemployed,Website,Medium,5,1566,3.364,Phone Activity,No,No,No,No,No,0
572,58,Professional,Website,Medium,10,1747,2.078,Email Activity,Yes,No,No,No,No,1
573,58,Unemployed,Mobile App,Medium,3,1571,1.713,Email Activity,No,No,No,No,No,0
574,45,Professional,Mobile App,High,4,1118,3.923,Email Activity,No,No,No,No,No,0
575,57,Professional,Website,Medium,5,560,3.78,Email Activity,No,No,No,No,No,1
576,52,Professional,Website,High,2,696,0.194,Website Activity,No,No,Yes,No,No,1
577,49,Unemployed,Mobile App,Medium,2,2020,1.232,Phone Activity,Yes,No,No,No,No,0
578,48,Professional,Mobile App,High,8,86,5.412,Email Activity,No,No,Yes,No,No,0
579,50,Unemployed,Website,High,2,1428,5.555,Website Activity,No,No,No,Yes,No,1
580,60,Professional,Website,Medium,4,296,3.947,Email Activity,No,No,No,No,No,0
581,25,Professional,Mobile App,High,2,326,2,Phone Activity,No,No,No,No,No,0
582,19,Student,Mobile App,High,5,84,5.259,Email Activity,No,No,No,No,No,0
583,50,Unemployed,Mobile App,High,1,333,1.921,Email Activity,No,No,No,No,No,0
584,56,Professional,Website,Low,4,83,2.203,Phone Activity,No,No,No,No,No,0
585,18,Student,Website,High,8,339,1.4,Phone Activity,No,No,No,No,No,0
586,26,Professional,Mobile App,Medium,14,468,1.898,Phone Activity,No,No,Yes,No,No,0
587,43,Professional,Website,Medium,5,1961,2.1,Phone Activity,No,No,No,No,No,0
588,33,Professional,Mobile App,High,1,344,2.878,Website Activity,No,No,No,Yes,No,0
589,45,Professional,Website,High,5,331,3.857,Website Activity,No,No,No,No,No,0
590,44,Professional,Website,High,8,2093,2.172,Email Activity,No,No,No,No,No,1
591,20,Student,Mobile App,Medium,5,89,2.069,Email Activity,No,No,No,No,No,0
592,28,Professional,Website,Medium,6,534,3.106,Email Activity,No,No,No,No,No,1
593,58,Professional,Website,Low,4,207,0.318,Phone Activity,No,No,No,No,No,0
594,47,Professional,Website,High,3,2285,3.566,Email Activity,No,No,No,No,No,1
595,58,Professional,Mobile App,Medium,1,134,2.249,Email Activity,No,No,No,No,No,0
596,47,Unemployed,Mobile App,Low,7,278,4.96,Email Activity,No,No,No,Yes,No,0
597,59,Professional,Website,Medium,4,1421,3.354,Phone Activity,No,No,No,No,No,0
598,56,Professional,Website,High,4,2013,8.642,Email Activity,No,No,No,No,No,1
599,43,Professional,Mobile App,High,2,814,3.429,Email Activity,No,No,No,No,No,0
600,60,Professional,Website,Medium,3,498,3.417,Website Activity,Yes,No,Yes,No,No,1
601,56,Professional,Website,Medium,5,307,1.899,Website Activity,No,No,No,No,No,0
602,60,Unemployed,Website,High,6,387,3.463,Phone Activity,No,No,No,No,No,1
603,34,Professional,Mobile App,High,2,1846,3.847,Phone Activity,No,Yes,No,No,No,0
604,58,Professional,Website,High,5,701,7.329,Website Activity,No,No,No,No,No,1
605,20,Student,Website,Medium,3,175,5.651,Website Activity,No,No,No,No,No,1
606,43,Professional,Mobile App,Medium,9,227,1.917,Email Activity,No,No,No,No,No,0
607,56,Professional,Website,High,3,296,3.77,Website Activity,No,No,No,Yes,No,0
608,32,Professional,Website,Medium,2,339,0.293,Email Activity,No,No,No,No,No,0
609,20,Student,Mobile App,Medium,2,2432,3.425,Website Activity,No,No,No,No,No,0
610,57,Professional,Website,High,4,239,2.217,Email Activity,No,No,No,No,No,0
611,58,Professional,Website,Medium,6,1687,2.224,Email Activity,Yes,No,No,No,No,1
612,55,Professional,Website,High,10,16,2.989,Email Activity,No,No,No,No,No,0
613,58,Professional,Website,Medium,4,895,2.23,Phone Activity,No,No,No,Yes,No,0
614,61,Unemployed,Website,High,2,528,5.611,Phone Activity,No,No,No,No,No,1
615,56,Professional,Website,Medium,1,1772,5.062,Email Activity,No,No,No,Yes,No,1
616,20,Student,Mobile App,High,2,335,2.263,Phone Activity,No,No,No,No,No,0
617,58,Professional,Mobile App,High,2,1432,3.26,Email Activity,No,No,No,Yes,No,0
618,56,Professional,Mobile App,High,4,1857,1.36,Website Activity,No,No,No,Yes,No,0
619,56,Professional,Mobile App,High,6,624,2.198,Email Activity,No,No,No,No,No,0
620,20,Student,Mobile App,Medium,6,582,2.238,Email Activity,No,No,No,No,No,0
621,41,Professional,Website,Medium,6,1296,3.87,Phone Activity,Yes,No,No,No,No,0
622,19,Student,Website,Medium,6,357,2.081,Phone Activity,No,No,No,No,No,0
623,58,Professional,Website,Medium,2,352,3.588,Phone Activity,No,No,No,No,No,0
624,33,Unemployed,Website,Medium,2,2186,4.107,Phone Activity,No,No,No,No,No,1
625,24,Student,Mobile App,Medium,1,30,4.95,Website Activity,No,No,No,Yes,No,0
626,56,Professional,Website,Medium,5,1779,4.984,Email Activity,No,No,No,No,No,1
627,32,Unemployed,Website,High,2,539,1.549,Website Activity,No,No,No,Yes,No,1
628,57,Unemployed,Website,Medium,1,71,2.792,Phone Activity,No,No,No,No,No,0
629,56,Professional,Mobile App,High,5,391,3.851,Website Activity,No,No,No,No,No,0
630,18,Student,Mobile App,Medium,9,765,2.231,Phone Activity,Yes,No,No,Yes,No,0
631,38,Professional,Mobile App,High,10,1716,4.138,Email Activity,No,No,Yes,No,Yes,0
632,43,Unemployed,Website,Medium,4,1675,3.336,Email Activity,No,No,No,No,No,0
633,56,Professional,Website,Medium,3,861,3.742,Email Activity,No,No,No,Yes,No,1
634,57,Unemployed,Mobile App,Medium,6,534,0.289,Email Activity,No,No,No,No,No,0
635,51,Unemployed,Mobile App,Medium,7,84,8.326,Phone Activity,No,No,No,No,No,0
636,38,Professional,Website,Medium,1,314,2.262,Phone Activity,No,No,No,No,No,0
637,57,Professional,Mobile App,Medium,8,1399,3.81,Email Activity,No,Yes,No,Yes,No,0
638,33,Professional,Website,Medium,8,85,2.712,Website Activity,No,No,No,Yes,No,0
639,57,Professional,Mobile App,Medium,2,2004,2.186,Phone Activity,Yes,No,No,No,No,0
640,32,Professional,Website,High,2,64,3.155,Email Activity,No,No,No,No,No,1
641,58,Professional,Website,Medium,6,367,0.197,Website Activity,No,No,No,No,No,0
642,58,Professional,Mobile App,Medium,3,259,1.959,Email Activity,Yes,No,No,No,No,0
643,56,Unemployed,Mobile App,Medium,4,505,3.747,Email Activity,No,No,No,No,No,1
644,19,Student,Website,Medium,1,303,2.081,Website Activity,No,No,No,No,No,0
645,56,Professional,Website,High,1,329,2.195,Website Activity,No,No,No,Yes,No,0
646,32,Unemployed,Mobile App,Medium,3,346,3.375,Email Activity,Yes,No,No,No,No,0
647,27,Professional,Mobile App,High,7,1205,3.754,Phone Activity,No,Yes,No,No,No,0
648,45,Professional,Website,Medium,5,77,8.676,Email Activity,No,No,Yes,No,No,0
649,35,Unemployed,Website,Medium,1,330,3.358,Email Activity,No,No,No,No,No,0
650,21,Student,Website,High,1,622,5.321,Email Activity,No,No,No,Yes,No,0
651,36,Unemployed,Website,Medium,2,79,2.238,Phone Activity,No,No,No,No,No,0
652,39,Professional,Website,High,7,729,3.628,Phone Activity,No,No,No,No,No,1
653,58,Unemployed,Website,High,0,0,0,Phone Activity,No,No,No,No,No,1
654,32,Unemployed,Mobile App,Medium,1,228,2.171,Website Activity,No,No,No,No,No,0
655,57,Professional,Website,Medium,2,62,3.406,Phone Activity,No,No,No,No,No,0
656,54,Professional,Website,High,14,419,2.169,Website Activity,No,No,No,No,No,1
657,56,Professional,Website,Medium,4,1697,5.396,Email Activity,No,No,No,Yes,No,1
658,49,Unemployed,Website,High,5,1611,3.256,Email Activity,No,Yes,No,No,No,1
659,57,Professional,Website,Medium,1,1871,5.655,Email Activity,No,No,No,No,No,1
660,50,Professional,Website,High,2,352,3.879,Phone Activity,Yes,No,No,No,No,0
661,61,Unemployed,Mobile App,Medium,8,1939,2.156,Website Activity,No,No,No,No,No,0
662,55,Unemployed,Mobile App,High,3,1,3.367,Email Activity,No,No,No,Yes,No,0
663,56,Professional,Mobile App,High,3,263,5.684,Email Activity,No,No,Yes,Yes,No,0
664,43,Professional,Mobile App,Medium,2,2135,5.583,Phone Activity,No,No,No,No,No,1
665,60,Unemployed,Website,High,3,295,3.015,Email Activity,No,No,No,No,No,0
666,18,Student,Mobile App,High,8,1051,1.903,Website Activity,No,Yes,No,No,No,0
667,34,Unemployed,Mobile App,Medium,1,61,2.151,Phone Activity,No,No,No,No,No,0
668,31,Professional,Website,Medium,1,581,2.265,Website Activity,No,No,Yes,No,No,0
669,21,Student,Mobile App,High,3,1665,2.123,Email Activity,No,No,No,No,No,0
670,57,Unemployed,Mobile App,High,5,333,2.245,Website Activity,No,No,Yes,No,No,0
671,58,Professional,Website,High,3,83,2.977,Website Activity,Yes,No,No,No,No,0
672,31,Professional,Mobile App,Medium,2,47,2.093,Email Activity,No,No,No,Yes,No,0
673,53,Professional,Website,High,3,590,0.12,Website Activity,No,No,No,No,No,1
674,57,Unemployed,Website,High,8,222,2.182,Website Activity,No,Yes,No,No,No,0
675,38,Professional,Website,High,4,1670,3.247,Email Activity,No,No,No,No,No,1
676,32,Unemployed,Website,Medium,2,140,2.123,Email Activity,No,No,Yes,No,No,0
677,60,Professional,Website,High,2,431,2.866,Email Activity,No,No,Yes,No,No,1
678,60,Unemployed,Mobile App,High,0,0,0,Email Activity,No,No,No,No,No,0
679,49,Professional,Mobile App,Medium,4,1827,3.313,Phone Activity,No,No,No,No,No,0
680,20,Student,Website,High,3,1353,0.157,Website Activity,No,No,No,No,No,0
681,56,Professional,Website,High,4,125,3.628,Email Activity,No,No,No,No,No,1
682,56,Professional,Website,Medium,1,648,2.185,Website Activity,Yes,No,Yes,Yes,No,1
683,34,Professional,Mobile App,High,0,0,0,Email Activity,No,No,No,Yes,No,0
684,43,Professional,Website,High,2,76,2.133,Website Activity,No,No,No,No,No,0
685,58,Unemployed,Website,Medium,5,465,8.299,Email Activity,No,No,No,No,No,0
686,58,Professional,Website,High,3,343,3.609,Phone Activity,No,No,No,No,No,1
687,57,Professional,Website,High,4,247,4.398,Phone Activity,No,No,No,No,No,0
688,33,Unemployed,Website,Medium,1,1,0.759,Email Activity,No,No,No,No,No,0
689,59,Unemployed,Mobile App,Medium,2,28,2.06,Phone Activity,No,No,Yes,Yes,No,0
690,60,Professional,Website,High,5,385,3.214,Website Activity,No,No,No,No,No,1
691,59,Unemployed,Mobile App,Medium,5,540,2.204,Website Activity,No,No,No,No,No,0
692,57,Professional,Website,High,2,334,5.002,Email Activity,No,No,No,No,No,1
693,52,Unemployed,Mobile App,Medium,6,268,2.08,Website Activity,Yes,No,No,No,No,0
694,60,Unemployed,Website,High,3,96,4.348,Email Activity,No,Yes,No,No,No,0
695,23,Student,Website,High,2,44,2.094,Email Activity,No,No,No,No,No,0
696,59,Unemployed,Website,Medium,2,559,0.302,Phone Activity,No,No,No,No,No,0
697,59,Professional,Mobile App,High,1,75,3.497,Website Activity,No,No,No,No,No,0
698,36,Professional,Website,High,1,2176,4.044,Email Activity,No,No,No,No,Yes,1
699,59,Unemployed,Mobile App,Medium,3,86,1.578,Email Activity,No,No,No,No,No,0
700,55,Professional,Website,Low,0,0,0,Phone Activity,No,No,No,No,No,0
701,46,Professional,Mobile App,Medium,12,1852,3.047,Phone Activity,No,No,No,Yes,Yes,0
702,50,Professional,Website,High,12,255,3.893,Phone Activity,No,No,No,No,No,1
703,56,Professional,Mobile App,High,3,1858,2.154,Email Activity,No,No,Yes,No,No,0
704,57,Professional,Mobile App,Medium,2,513,0.263,Website Activity,No,No,No,Yes,No,0
705,31,Professional,Website,High,3,1649,1.319,Email Activity,No,No,No,No,No,1
706,61,Unemployed,Website,Medium,3,1910,3.762,Phone Activity,No,No,No,No,No,0
707,48,Unemployed,Website,High,4,1972,2.267,Email Activity,No,No,No,No,No,1
708,57,Professional,Website,Medium,2,1,2.188,Email Activity,No,No,No,No,No,0
709,56,Professional,Website,Medium,6,2056,2.203,Email Activity,No,No,No,No,No,1
710,32,Unemployed,Website,High,7,1633,3.61,Website Activity,No,No,No,No,No,0
711,57,Unemployed,Website,Medium,4,346,5.167,Email Activity,No,No,No,No,No,0
712,58,Professional,Website,High,3,322,6.775,Email Activity,No,No,Yes,No,No,1
713,51,Unemployed,Mobile App,Medium,2,389,2.116,Phone Activity,No,No,No,No,No,0
714,58,Professional,Mobile App,Medium,6,311,2.193,Email Activity,No,No,No,No,No,0
715,45,Professional,Website,Medium,4,514,5.649,Email Activity,No,No,No,No,No,1
716,54,Unemployed,Mobile App,Medium,2,54,2.065,Email Activity,No,No,No,No,No,0
717,41,Professional,Website,Medium,1,1887,3.902,Email Activity,No,No,No,No,No,1
718,60,Professional,Website,Medium,2,1850,3.529,Website Activity,No,No,No,No,No,0
719,57,Professional,Website,High,6,934,7.611,Email Activity,No,No,No,No,No,1
720,58,Professional,Mobile App,High,6,379,3.57,Phone Activity,No,No,Yes,No,No,0
721,46,Professional,Website,High,2,3,2.02,Email Activity,No,No,No,No,No,1
722,22,Student,Mobile App,Medium,4,218,2.017,Website Activity,No,No,No,Yes,No,0
723,57,Unemployed,Website,Medium,1,2159,0.196,Phone Activity,Yes,No,No,No,No,1
724,49,Unemployed,Mobile App,High,3,501,5.392,Email Activity,Yes,No,No,No,No,0
725,51,Professional,Mobile App,High,4,1940,2.017,Website Activity,No,No,No,No,No,0
726,19,Student,Mobile App,Medium,0,0,0,Email Activity,No,No,No,Yes,No,0
727,57,Unemployed,Website,High,3,392,3.187,Email Activity,No,No,No,No,No,1
728,58,Unemployed,Website,High,7,741,2.155,Phone Activity,No,No,No,No,No,1
729,48,Professional,Mobile App,High,3,59,3.545,Email Activity,No,No,No,No,No,0
730,49,Professional,Website,Medium,2,71,3.786,Email Activity,No,No,No,Yes,No,0
731,57,Unemployed,Website,Medium,7,390,2.009,Phone Activity,No,No,No,No,No,0
732,61,Unemployed,Website,High,3,474,3.614,Email Activity,No,No,No,No,No,1
733,54,Professional,Website,High,1,87,0.004,Email Activity,No,No,No,No,No,1
734,35,Professional,Mobile App,High,2,589,3.861,Email Activity,Yes,No,No,No,No,0
735,41,Unemployed,Mobile App,Low,4,162,2.164,Website Activity,No,No,No,No,No,0
736,34,Professional,Website,Medium,2,94,8.122,Phone Activity,No,No,No,No,No,0
737,47,Unemployed,Mobile App,Medium,1,1835,3.671,Email Activity,No,No,No,No,No,0
738,58,Unemployed,Mobile App,High,0,0,0,Email Activity,No,No,No,No,No,0
739,43,Unemployed,Mobile App,Medium,1,233,2.008,Website Activity,No,No,No,Yes,No,0
740,55,Professional,Website,High,3,27,4.311,Phone Activity,No,No,Yes,No,No,1
741,58,Professional,Mobile App,Medium,7,62,0.317,Phone Activity,No,No,No,No,No,0
742,48,Unemployed,Website,Medium,6,558,2.17,Email Activity,No,No,No,No,No,1
743,62,Unemployed,Website,Medium,2,263,6.765,Email Activity,No,No,Yes,Yes,No,0
744,32,Professional,Website,High,2,147,2.241,Phone Activity,No,No,Yes,Yes,No,1
745,56,Professional,Website,High,6,1688,3.039,Phone Activity,No,No,No,No,No,1
746,59,Professional,Website,Medium,3,83,3.689,Phone Activity,No,No,No,Yes,No,0
747,42,Unemployed,Website,High,6,1859,2.181,Email Activity,No,Yes,No,No,No,1
748,46,Unemployed,Website,Medium,2,1456,3.574,Email Activity,Yes,No,No,No,No,0
749,62,Unemployed,Website,High,1,41,2.065,Website Activity,Yes,No,Yes,No,No,0
750,56,Professional,Mobile App,High,4,350,3.825,Phone Activity,No,No,No,Yes,No,0
751,44,Unemployed,Website,High,7,391,5.438,Phone Activity,No,No,No,Yes,No,1
752,43,Professional,Mobile App,High,3,1939,3.833,Phone Activity,No,No,No,No,No,0
753,47,Professional,Mobile App,High,4,1961,0.312,Phone Activity,No,No,No,No,No,1
754,59,Professional,Mobile App,High,3,108,2.064,Website Activity,No,No,No,No,No,0
755,57,Unemployed,Mobile App,Medium,2,594,3.711,Email Activity,No,No,No,No,No,0
756,42,Professional,Website,High,2,1213,3.27,Email Activity,No,No,No,No,No,1
757,33,Unemployed,Website,High,3,60,2.613,Website Activity,No,No,Yes,No,No,0
758,56,Professional,Mobile App,High,2,51,5.531,Email Activity,No,No,No,Yes,No,0
759,49,Professional,Website,High,3,68,2.102,Email Activity,Yes,No,No,No,No,1
760,58,Professional,Website,High,6,1044,6.266,Phone Activity,No,No,Yes,No,No,1
761,38,Unemployed,Website,Medium,2,61,3.741,Email Activity,No,No,Yes,No,No,0
762,59,Unemployed,Website,High,4,1235,3.35,Email Activity,No,No,No,No,No,1
763,59,Professional,Website,Medium,2,969,7.582,Phone Activity,No,No,No,Yes,No,0
764,51,Professional,Website,Medium,2,1804,5.286,Email Activity,No,No,No,No,No,1
765,29,Professional,Website,High,3,323,3.09,Email Activity,No,No,No,No,No,1
766,58,Unemployed,Mobile App,High,2,410,3.541,Email Activity,No,No,No,No,No,0
767,52,Professional,Mobile App,Medium,6,352,3.264,Website Activity,No,No,No,No,No,0
768,60,Professional,Mobile App,High,1,229,2.085,Phone Activity,No,No,No,No,No,0
769,31,Professional,Website,Medium,2,470,1.832,Website Activity,No,No,No,No,No,1
770,41,Professional,Website,High,1,50,3.276,Email Activity,No,No,No,No,No,1
771,58,Professional,Mobile App,High,6,1348,2.207,Email Activity,No,No,No,Yes,No,0
772,50,Professional,Mobile App,Medium,6,1602,3.888,Email Activity,No,No,No,No,No,0
773,56,Professional,Mobile App,Medium,4,272,7.519,Website Activity,No,No,No,No,No,0
774,58,Professional,Website,High,1,648,5.385,Website Activity,No,No,No,No,No,1
775,59,Professional,Website,Medium,0,0,0,Phone Activity,No,No,No,No,No,0
776,56,Professional,Mobile App,Medium,2,549,1.992,Phone Activity,No,No,No,No,No,1
777,58,Professional,Mobile App,High,7,1300,3.061,Phone Activity,No,No,No,No,No,0
778,60,Unemployed,Website,High,4,347,3.162,Website Activity,No,No,No,No,No,1
779,32,Unemployed,Mobile App,Medium,3,1733,5.638,Website Activity,No,No,No,No,No,1
780,32,Unemployed,Mobile App,High,9,60,3.433,Email Activity,No,No,Yes,No,No,0
781,56,Professional,Website,High,6,2271,2.004,Website Activity,No,No,No,No,No,1
782,42,Professional,Website,High,1,1445,1.822,Phone Activity,No,No,Yes,No,No,1
783,59,Professional,Website,Medium,7,248,6.119,Phone Activity,No,No,No,No,No,0
784,51,Professional,Mobile App,Medium,8,1236,2.11,Phone Activity,No,No,No,No,No,0
785,46,Professional,Mobile App,High,0,0,0,Email Activity,No,No,No,No,No,0
786,55,Professional,Mobile App,Medium,8,231,0.09,Email Activity,No,No,No,No,No,0
787,58,Professional,Mobile App,High,2,342,3.347,Email Activity,No,No,No,No,No,0
788,38,Professional,Mobile App,High,6,2233,0.038,Email Activity,No,No,Yes,No,No,0
789,50,Professional,Mobile App,Medium,5,1805,0.27,Email Activity,No,Yes,No,No,No,0
790,58,Professional,Website,High,4,2294,2.116,Website Activity,No,No,Yes,No,No,1
791,60,Professional,Website,High,2,1608,5.748,Email Activity,No,No,No,No,No,1
792,48,Unemployed,Mobile App,Medium,5,1515,0.032,Phone Activity,No,Yes,Yes,No,No,1
793,61,Unemployed,Website,High,5,160,3.681,Email Activity,No,No,No,No,No,0
794,58,Professional,Mobile App,High,9,2218,2.253,Website Activity,No,No,No,No,No,0
795,40,Unemployed,Website,Medium,2,1023,2.074,Website Activity,No,No,No,Yes,No,0
796,32,Unemployed,Website,Medium,3,409,0.249,Email Activity,No,No,No,No,No,0
797,24,Student,Website,Medium,0,0,0,Email Activity,No,No,No,No,No,0
798,57,Professional,Mobile App,High,2,331,2.104,Website Activity,No,No,No,No,No,0
799,20,Student,Website,Medium,3,603,1.199,Email Activity,No,No,No,No,No,1
800,53,Professional,Mobile App,High,3,1087,2.266,Email Activity,No,No,No,No,No,0
801,50,Professional,Mobile App,High,2,413,4.433,Phone Activity,No,No,No,Yes,No,0
802,51,Unemployed,Website,Medium,2,56,1.912,Email Activity,No,No,No,No,No,0
803,58,Professional,Mobile App,High,2,95,3.477,Phone Activity,No,No,No,No,No,0
804,49,Professional,Mobile App,High,2,1477,3.89,Phone Activity,No,No,No,No,No,0
805,56,Unemployed,Website,Medium,0,0,0,Email Activity,No,No,No,No,No,0
806,30,Professional,Mobile App,Medium,3,1114,2.209,Email Activity,Yes,No,No,No,No,0
807,23,Student,Mobile App,Medium,1,223,5.49,Email Activity,No,No,No,No,No,0
808,58,Professional,Mobile App,High,2,20,1.682,Phone Activity,Yes,No,No,No,No,0
809,36,Professional,Website,Medium,1,598,0.206,Email Activity,Yes,No,No,Yes,No,1
810,60,Professional,Website,High,2,391,0.122,Email Activity,No,No,No,No,Yes,1
811,59,Unemployed,Website,Medium,5,185,3.527,Email Activity,No,No,No,No,No,0
812,61,Unemployed,Website,High,2,1073,5.058,Phone Activity,No,Yes,Yes,No,No,0
813,36,Unemployed,Mobile App,Medium,3,295,3.18,Website Activity,No,No,No,No,No,0
814,32,Unemployed,Mobile App,Medium,6,2000,1.24,Phone Activity,No,No,No,No,No,0
815,60,Unemployed,Website,High,3,76,2.566,Email Activity,No,No,No,No,No,0
816,41,Professional,Website,Medium,5,258,5.319,Website Activity,No,No,Yes,No,No,0
817,33,Professional,Website,Low,2,79,3.383,Email Activity,No,No,No,No,No,0
818,32,Unemployed,Website,Medium,1,25,5.398,Email Activity,Yes,No,No,No,No,0
819,49,Professional,Mobile App,Medium,3,2409,5.552,Phone Activity,No,No,No,No,No,0
820,55,Unemployed,Mobile App,Medium,9,272,2.221,Phone Activity,No,No,No,No,No,0
821,51,Unemployed,Mobile App,Medium,2,49,2.14,Phone Activity,No,Yes,No,Yes,No,0
822,55,Professional,Website,High,5,218,2.262,Website Activity,No,No,No,No,No,1
823,47,Professional,Mobile App,High,3,1756,4.986,Phone Activity,No,No,No,No,No,0
824,30,Professional,Mobile App,Medium,0,0,0,Email Activity,No,No,No,Yes,No,0
825,57,Professional,Mobile App,High,1,362,4.027,Email Activity,No,No,No,No,No,0
826,57,Professional,Website,Medium,1,624,3.435,Website Activity,No,No,No,No,No,1
827,55,Professional,Website,High,2,316,3.261,Phone Activity,No,No,No,No,No,1
828,53,Professional,Website,Medium,14,212,2.037,Website Activity,No,No,No,No,No,1
829,37,Professional,Website,Medium,1,2030,2.16,Email Activity,No,No,No,No,No,1
830,56,Professional,Website,Medium,3,404,2.533,Email Activity,No,No,No,No,No,0
831,34,Professional,Website,High,1,670,1.99,Website Activity,No,No,No,No,No,1
832,18,Student,Mobile App,High,1,251,3.907,Email Activity,No,No,No,No,No,0
833,52,Professional,Website,Medium,11,252,2.171,Email Activity,No,No,No,No,No,0
834,55,Professional,Mobile App,Medium,8,576,0.102,Website Activity,No,No,No,No,No,1
835,21,Student,Mobile App,High,2,1745,0.16,Email Activity,No,No,No,No,No,0
836,58,Unemployed,Website,High,2,61,3.437,Email Activity,Yes,No,No,No,No,0
837,37,Professional,Mobile App,High,2,308,2.261,Email Activity,No,No,No,No,No,0
838,48,Professional,Mobile App,High,1,207,3.634,Phone Activity,No,No,Yes,Yes,No,0
839,54,Professional,Website,High,5,54,2.172,Email Activity,No,No,No,No,No,1
840,24,Student,Website,High,4,268,2.115,Website Activity,No,No,No,No,No,0
841,35,Unemployed,Website,High,3,529,3.625,Phone Activity,No,No,No,No,No,0
842,58,Unemployed,Mobile App,High,3,2453,3.448,Phone Activity,No,No,No,No,No,0
843,51,Professional,Website,High,2,541,3.235,Phone Activity,No,No,No,No,No,1
844,37,Unemployed,Mobile App,Medium,5,288,2.2,Website Activity,No,No,No,No,No,0
845,60,Unemployed,Mobile App,High,9,61,5.382,Phone Activity,No,No,No,No,No,0
846,58,Professional,Website,High,6,2081,3.381,Website Activity,No,No,No,No,No,1
847,42,Unemployed,Website,Medium,4,2203,2.222,Email Activity,No,No,No,No,No,0
848,59,Professional,Mobile App,High,7,600,3.562,Website Activity,No,Yes,No,No,No,0
849,58,Professional,Website,High,8,2227,2.167,Website Activity,No,No,No,No,No,1
850,29,Professional,Mobile App,Medium,3,1,3.733,Email Activity,No,No,No,Yes,No,0
851,57,Unemployed,Website,Medium,4,1030,2.977,Email Activity,No,No,No,Yes,No,1
852,34,Unemployed,Website,Medium,8,94,5.184,Email Activity,No,No,No,No,No,0
853,23,Student,Mobile App,High,10,104,2.237,Website Activity,No,No,No,No,No,0
854,56,Unemployed,Mobile App,Medium,2,344,5.359,Email Activity,No,No,No,No,No,0
855,35,Unemployed,Website,Medium,3,49,5.513,Email Activity,No,No,Yes,Yes,No,0
856,60,Professional,Website,Medium,4,359,2.217,Phone Activity,No,No,Yes,No,No,0
857,49,Professional,Website,Medium,3,2076,5.504,Phone Activity,No,No,No,No,No,0
858,57,Professional,Website,High,5,263,3.257,Email Activity,No,No,No,No,No,1
859,61,Unemployed,Mobile App,Medium,12,357,3.908,Website Activity,No,No,No,No,No,0
860,56,Professional,Website,High,4,503,2.488,Website Activity,No,No,No,No,No,1
861,56,Professional,Website,High,1,603,3.599,Email Activity,No,No,No,No,No,1
862,23,Student,Website,Medium,0,0,0,Email Activity,No,Yes,No,No,No,0
863,52,Professional,Website,High,1,1417,2.12,Email Activity,No,Yes,No,No,No,1
864,45,Professional,Website,High,2,309,2.065,Email Activity,No,No,No,Yes,No,1
865,45,Unemployed,Website,High,2,2395,2.048,Email Activity,No,No,No,No,No,1
866,23,Student,Mobile App,High,10,362,0.163,Email Activity,No,No,No,No,No,0
867,24,Student,Mobile App,High,4,936,2.014,Email Activity,No,No,No,No,No,0
868,54,Professional,Mobile App,High,2,234,5.776,Email Activity,No,No,No,No,No,0
869,20,Student,Mobile App,Medium,4,68,5.65,Email Activity,Yes,No,No,No,No,0
870,55,Professional,Website,Medium,2,256,2.13,Email Activity,No,No,Yes,No,No,0
871,58,Professional,Website,Medium,9,283,2.998,Email Activity,No,No,No,Yes,No,0
872,60,Unemployed,Website,High,7,26,3.579,Website Activity,No,No,No,No,No,0
873,58,Unemployed,Website,Medium,1,1604,3.236,Phone Activity,No,No,No,Yes,No,1
874,58,Professional,Website,Medium,1,90,5.238,Email Activity,No,No,No,No,No,0
875,53,Unemployed,Mobile App,Medium,4,77,3.702,Email Activity,No,No,No,No,No,0
876,58,Unemployed,Mobile App,High,0,0,0,Phone Activity,No,No,No,No,No,0
877,25,Professional,Mobile App,High,2,78,2.055,Email Activity,No,No,No,No,No,0
878,56,Professional,Mobile App,High,5,680,1.944,Website Activity,No,No,No,No,No,0
879,56,Professional,Mobile App,High,0,0,0,Email Activity,No,No,No,No,No,0
880,57,Professional,Website,High,1,15,2.003,Phone Activity,No,No,No,No,No,0
881,44,Professional,Website,Medium,1,1107,7.434,Phone Activity,No,No,No,No,No,0
882,52,Professional,Website,High,4,259,2.601,Phone Activity,No,No,No,No,No,1
883,62,Unemployed,Website,Medium,6,244,5.587,Email Activity,No,No,No,No,No,0
884,19,Student,Website,Medium,2,320,8.465,Phone Activity,No,No,No,No,No,0
885,54,Professional,Mobile App,High,4,1426,3.488,Phone Activity,Yes,No,No,No,No,0
886,43,Professional,Website,High,5,44,3.232,Website Activity,No,Yes,No,No,No,0
887,59,Professional,Website,High,1,567,2.151,Email Activity,No,No,No,No,No,1
888,58,Unemployed,Mobile App,High,7,81,3.693,Website Activity,No,No,No,Yes,No,0
889,59,Professional,Website,High,2,311,5.2,Email Activity,Yes,No,No,Yes,No,1
890,60,Professional,Website,Medium,6,495,5.543,Email Activity,No,Yes,Yes,No,No,1
891,45,Unemployed,Website,High,2,1131,2.075,Website Activity,Yes,No,No,No,No,1
892,51,Professional,Mobile App,High,3,318,4.16,Email Activity,No,No,No,No,No,0
893,33,Unemployed,Mobile App,Medium,11,1539,2.084,Email Activity,No,No,No,No,No,0
894,50,Unemployed,Website,Medium,2,2008,2.081,Phone Activity,No,No,No,No,No,0
895,60,Unemployed,Website,High,3,543,1.857,Email Activity,No,No,No,Yes,No,1
896,30,Professional,Website,Low,2,76,2.792,Website Activity,No,No,No,No,No,0
897,33,Professional,Mobile App,Medium,4,232,3.392,Email Activity,No,No,No,No,No,0
898,41,Professional,Website,High,6,361,3.694,Phone Activity,No,No,No,No,No,1
899,28,Professional,Mobile App,Medium,6,447,0.086,Phone Activity,No,No,No,No,No,0
900,50,Unemployed,Mobile App,High,1,317,3.295,Website Activity,No,No,No,No,No,0
901,29,Professional,Mobile App,Medium,4,306,3.421,Email Activity,No,No,No,No,No,0
902,57,Unemployed,Mobile App,High,2,2329,7.83,Phone Activity,No,No,Yes,No,No,0
903,48,Unemployed,Website,High,6,1815,2.122,Phone Activity,No,No,Yes,No,No,0
904,40,Unemployed,Website,High,2,417,0.127,Website Activity,No,No,No,No,No,1
905,59,Professional,Website,Medium,3,2288,2.188,Email Activity,No,No,No,No,No,1
906,26,Professional,Website,Medium,1,211,0.291,Email Activity,No,No,No,No,No,0
907,48,Professional,Website,Medium,3,373,3.756,Email Activity,No,No,No,No,No,0
908,58,Unemployed,Website,High,1,334,5.408,Email Activity,No,No,No,No,No,1
909,49,Professional,Website,Medium,7,301,0.09,Email Activity,No,No,No,Yes,No,0
910,18,Student,Website,High,2,225,5.68,Phone Activity,No,No,No,No,No,0
911,29,Professional,Website,Medium,4,290,3.137,Email Activity,No,No,No,No,No,0
912,42,Professional,Website,Medium,5,1207,5.324,Website Activity,Yes,No,No,No,No,1
913,46,Unemployed,Mobile App,Medium,4,236,5.531,Email Activity,No,Yes,No,No,No,0
914,45,Professional,Website,High,3,83,0.083,Email Activity,No,No,Yes,No,No,1
915,40,Unemployed,Website,Medium,1,576,2.193,Website Activity,No,No,No,No,No,0
916,34,Unemployed,Website,Medium,4,409,2.23,Phone Activity,No,No,No,Yes,No,0
917,59,Professional,Website,High,3,364,5.26,Phone Activity,Yes,No,No,No,No,1
918,43,Professional,Website,High,0,0,0,Email Activity,No,No,No,No,No,1
919,58,Professional,Website,High,9,142,1.924,Phone Activity,Yes,No,Yes,Yes,No,0
920,57,Professional,Mobile App,High,2,382,8.185,Website Activity,No,No,No,No,No,0
921,23,Student,Mobile App,Medium,2,42,1.953,Phone Activity,No,No,No,No,No,0
922,59,Professional,Mobile App,High,2,412,5.366,Phone Activity,No,No,No,No,No,0
923,58,Professional,Website,Medium,3,61,8.303,Phone Activity,Yes,No,No,No,No,0
924,58,Unemployed,Website,High,1,73,5.521,Email Activity,No,No,No,Yes,No,0
925,57,Professional,Mobile App,High,3,1347,2.044,Email Activity,No,No,No,Yes,No,0
926,57,Professional,Website,High,1,833,3.447,Email Activity,No,No,No,No,Yes,1
927,59,Professional,Website,High,2,173,2.745,Email Activity,No,No,No,Yes,No,1
928,35,Unemployed,Mobile App,Medium,9,1336,0.324,Email Activity,No,No,No,No,No,0
929,56,Professional,Mobile App,High,1,639,3.581,Website Activity,No,No,No,No,No,0
930,63,Unemployed,Website,High,4,1436,2.213,Email Activity,No,No,No,No,No,1
931,22,Student,Mobile App,Medium,5,2236,3.504,Website Activity,Yes,No,No,No,No,0
932,44,Unemployed,Website,High,1,374,0.287,Email Activity,No,No,No,No,No,1
933,58,Unemployed,Mobile App,Medium,2,2117,2.158,Email Activity,No,No,No,No,No,0
934,28,Professional,Mobile App,High,2,223,1.742,Email Activity,No,No,Yes,Yes,No,0
935,62,Unemployed,Mobile App,Medium,3,29,2.049,Email Activity,Yes,No,Yes,No,No,0
936,48,Unemployed,Mobile App,Medium,3,1232,4.333,Website Activity,No,No,No,No,No,0
937,55,Professional,Mobile App,High,5,2250,5.762,Phone Activity,No,No,No,Yes,No,0
938,34,Professional,Website,High,3,2485,5.25,Website Activity,No,No,No,No,No,1
939,55,Professional,Website,Medium,2,71,2.185,Phone Activity,No,No,No,No,No,0
940,49,Unemployed,Mobile App,High,2,1814,5.539,Email Activity,No,No,No,No,No,1
941,55,Professional,Mobile App,High,1,60,3.71,Phone Activity,No,No,Yes,No,No,0
942,43,Professional,Website,High,13,2262,3.396,Phone Activity,No,No,No,Yes,No,0
943,58,Unemployed,Mobile App,Medium,12,326,1.407,Email Activity,No,No,No,Yes,No,0
944,58,Professional,Website,High,13,487,3.452,Email Activity,No,No,No,Yes,No,1
945,60,Unemployed,Mobile App,Medium,1,405,3.064,Email Activity,No,No,No,No,No,0
946,55,Professional,Website,High,7,601,5.019,Website Activity,No,No,No,No,No,1
947,57,Professional,Website,High,0,0,0,Email Activity,Yes,No,No,No,No,1
948,37,Professional,Mobile App,High,7,90,0.325,Email Activity,No,No,No,No,No,0
949,57,Professional,Mobile App,Medium,3,444,2.263,Email Activity,No,Yes,No,No,No,0
950,59,Unemployed,Mobile App,High,2,338,2.08,Website Activity,No,No,No,No,No,0
951,39,Professional,Website,High,1,40,6.775,Website Activity,Yes,No,No,No,No,1
952,56,Unemployed,Website,High,6,2303,1.804,Email Activity,No,No,No,Yes,No,1
953,28,Professional,Website,High,4,405,2.292,Phone Activity,No,No,No,No,No,0
954,60,Professional,Website,High,1,535,2.101,Website Activity,No,No,Yes,No,No,1
955,58,Professional,Mobile App,Medium,2,88,5.965,Phone Activity,Yes,No,No,Yes,No,0
956,54,Professional,Mobile App,Medium,6,491,1.928,Email Activity,No,No,No,Yes,No,0
957,58,Professional,Website,High,6,317,5.792,Website Activity,No,No,No,No,No,1
958,20,Student,Mobile App,Medium,3,627,3.568,Email Activity,Yes,No,No,No,No,1
959,44,Professional,Mobile App,High,1,93,3.327,Email Activity,No,No,Yes,No,No,0
960,58,Professional,Mobile App,Medium,0,0,0,Phone Activity,No,No,No,No,No,0
961,23,Student,Mobile App,High,2,196,2.116,Phone Activity,Yes,No,No,Yes,No,0
962,57,Professional,Mobile App,High,6,1341,3.451,Email Activity,No,No,No,No,No,0
963,59,Unemployed,Mobile App,Medium,5,647,3.242,Email Activity,Yes,No,Yes,Yes,No,0
964,59,Professional,Website,Medium,2,402,3.446,Email Activity,No,No,No,No,No,0
965,56,Unemployed,Mobile App,Medium,1,72,2.195,Website Activity,No,No,No,No,No,0
966,18,Student,Website,High,1,246,3.784,Email Activity,No,No,Yes,Yes,No,0
967,52,Professional,Mobile App,High,4,1080,3.931,Phone Activity,No,No,No,No,No,0
968,55,Unemployed,Website,High,2,386,2.772,Email Activity,No,No,No,No,No,0
969,57,Professional,Website,Medium,1,1359,2.7,Website Activity,No,No,No,No,Yes,0
970,32,Professional,Website,Medium,4,312,7.718,Website Activity,No,No,No,Yes,No,0
971,46,Professional,Mobile App,Medium,2,40,3.818,Email Activity,No,No,Yes,No,No,0
972,57,Professional,Mobile App,Medium,2,1343,0.019,Website Activity,No,No,No,No,No,0
973,56,Professional,Website,High,4,68,2.132,Email Activity,Yes,No,No,No,No,1
974,60,Professional,Website,Medium,4,1486,3.659,Website Activity,No,No,No,Yes,No,0
975,58,Unemployed,Website,Medium,2,1,0.149,Email Activity,No,No,No,No,No,0
976,58,Professional,Website,High,1,2200,1.901,Website Activity,No,No,No,No,No,1
977,25,Professional,Mobile App,High,3,1505,2.235,Email Activity,No,No,No,No,No,0
978,36,Professional,Website,Medium,5,688,2.142,Email Activity,Yes,No,Yes,No,No,1
979,59,Professional,Mobile App,High,1,1985,3.289,Email Activity,No,No,No,No,No,0
980,58,Professional,Mobile App,Medium,7,573,3.775,Email Activity,No,Yes,No,No,No,0
981,53,Professional,Website,Medium,11,74,3.06,Phone Activity,No,No,No,No,No,0
982,32,Unemployed,Website,High,1,1716,5.812,Email Activity,No,No,No,No,No,1
983,48,Professional,Website,Medium,5,337,0.275,Phone Activity,No,No,No,No,No,0
984,54,Professional,Website,Medium,2,2227,3.568,Phone Activity,No,No,No,No,No,1
985,36,Professional,Mobile App,High,5,176,8.131,Email Activity,No,No,No,No,No,0
986,60,Professional,Mobile App,Medium,0,0,0,Phone Activity,No,No,No,Yes,No,0
987,32,Professional,Website,High,1,58,2.784,Phone Activity,No,No,No,No,No,0
988,42,Professional,Website,High,1,367,1.901,Website Activity,No,No,No,No,No,0
989,56,Professional,Mobile App,High,6,604,3.356,Email Activity,No,No,No,No,Yes,1
990,39,Professional,Website,High,2,1599,2.202,Phone Activity,No,No,No,Yes,No,1
991,39,Professional,Website,High,3,83,5.317,Phone Activity,No,No,Yes,No,No,1
992,47,Professional,Website,High,2,1843,3.844,Website Activity,No,No,No,No,No,1
993,23,Student,Mobile App,High,4,91,3.878,Phone Activity,No,No,No,No,No,0
994,21,Student,Mobile App,High,2,572,5.459,Website Activity,No,No,No,No,No,0
995,37,Professional,Website,Medium,0,0,0,Phone Activity,Yes,No,No,Yes,No,0
996,22,Student,Website,High,4,288,2.165,Phone Activity,No,No,No,No,No,0
997,59,Unemployed,Mobile App,High,8,648,1.951,Email Activity,No,No,No,No,No,1
998,26,Professional,Website,Medium,5,327,5.529,Email Activity,No,Yes,No,Yes,No,0
999,59,Unemployed,Mobile App,Medium,10,1390,2.286,Email Activity,Yes,No,No,No,No,0
1000,52,Professional,Mobile App,High,1,1255,0.216,Website Activity,No,No,No,No,No,0
1001,59,Unemployed,Website,Medium,1,598,3.757,Website Activity,No,No,No,No,No,1
1002,46,Professional,Website,Medium,2,118,2.08,Email Activity,No,No,No,No,No,0
1003,32,Unemployed,Website,Medium,2,404,3.678,Email Activity,No,No,No,No,No,0
1004,45,Unemployed,Website,High,4,222,0.319,Email Activity,No,No,No,Yes,No,0
1005,49,Unemployed,Mobile App,High,5,360,3.579,Phone Activity,No,No,No,No,No,0
1006,56,Professional,Website,Medium,1,91,3.79,Email Activity,No,No,Yes,No,No,0
1007,57,Unemployed,Website,High,1,1822,2.957,Website Activity,No,No,No,No,No,1
1008,18,Student,Mobile App,Medium,2,1857,2.209,Email Activity,No,No,No,No,No,0
1009,57,Professional,Mobile App,Medium,1,651,0.167,Website Activity,No,No,No,No,No,1
1010,22,Student,Mobile App,Medium,6,221,3.614,Website Activity,No,No,No,Yes,No,0
1011,60,Professional,Website,High,1,1579,1.904,Email Activity,No,No,No,No,No,1
1012,22,Student,Mobile App,High,1,343,1.563,Website Activity,No,No,No,No,No,0
1013,52,Professional,Website,Medium,2,1240,0.275,Website Activity,No,No,No,No,No,1
1014,50,Professional,Website,Medium,0,0,0,Email Activity,No,No,No,No,No,0
1015,59,Professional,Mobile App,High,2,1424,2.063,Website Activity,No,No,No,No,No,0
1016,18,Student,Website,High,6,359,5.547,Phone Activity,No,No,No,Yes,No,0
1017,56,Unemployed,Website,High,5,447,5.372,Phone Activity,No,No,No,No,Yes,1
1018,33,Professional,Website,High,1,337,3.336,Email Activity,No,No,No,Yes,No,1
1019,55,Unemployed,Mobile App,Medium,3,374,0.232,Email Activity,No,No,No,Yes,No,0
1020,56,Professional,Website,Medium,2,555,3.05,Website Activity,No,No,No,No,No,1
1021,23,Student,Website,High,2,375,2.111,Website Activity,No,No,No,No,No,0
1022,53,Professional,Website,High,6,291,3.752,Website Activity,No,No,No,Yes,No,1
1023,57,Professional,Mobile App,High,2,1979,1.954,Website Activity,No,No,No,Yes,No,0
1024,47,Unemployed,Website,Medium,1,273,3.306,Phone Activity,No,No,Yes,No,No,0
1025,46,Professional,Website,High,4,824,2.176,Phone Activity,No,No,No,No,No,1
1026,53,Unemployed,Mobile App,High,5,1536,5.483,Email Activity,No,No,No,No,No,0
1027,45,Professional,Mobile App,Medium,3,60,5.653,Email Activity,No,No,No,No,No,0
1028,56,Professional,Website,High,3,407,2.104,Phone Activity,No,No,No,No,No,1
1029,59,Unemployed,Website,Medium,2,381,1.857,Email Activity,No,No,Yes,No,No,0
1030,56,Unemployed,Mobile App,High,1,1197,2.047,Website Activity,No,Yes,No,No,No,1
1031,59,Unemployed,Website,High,6,2013,1.645,Email Activity,Yes,No,Yes,Yes,No,1
1032,56,Professional,Website,Medium,1,158,2.203,Website Activity,No,No,No,No,No,0
1033,56,Professional,Website,High,3,1903,3.473,Email Activity,Yes,No,No,No,No,1
1034,57,Professional,Website,Medium,3,1034,2.105,Email Activity,No,Yes,No,No,No,1
1035,56,Unemployed,Mobile App,Medium,2,40,2.042,Website Activity,Yes,No,Yes,Yes,No,0
1036,38,Professional,Website,Low,4,174,2.097,Email Activity,No,No,No,No,No,0
1037,55,Unemployed,Website,Medium,2,1845,3.485,Email Activity,Yes,No,No,Yes,No,0
1038,57,Professional,Website,Medium,5,1852,2.152,Email Activity,No,No,No,No,No,1
1039,19,Student,Website,High,10,659,5.265,Phone Activity,No,No,No,No,No,0
1040,48,Professional,Website,High,8,89,0.167,Email Activity,No,No,No,No,No,1
1041,28,Professional,Mobile App,High,3,86,2.226,Website Activity,No,No,No,No,No,0
1042,56,Professional,Mobile App,Medium,5,31,4.904,Phone Activity,No,No,No,No,No,0
1043,50,Professional,Website,High,1,210,2.803,Email Activity,Yes,No,No,No,No,1
1044,23,Student,Website,High,7,62,5.668,Email Activity,No,No,No,No,No,1
1045,24,Student,Website,High,6,53,3.582,Phone Activity,No,No,No,No,No,0
1046,60,Professional,Website,Medium,16,2072,9.058,Email Activity,Yes,No,Yes,Yes,No,1
1047,44,Unemployed,Mobile App,Medium,13,232,5.521,Phone Activity,No,No,No,No,No,0
1048,47,Unemployed,Mobile App,High,9,314,0.257,Email Activity,No,No,Yes,No,No,0
1049,24,Student,Website,Medium,3,164,2.041,Phone Activity,No,No,No,Yes,No,0
1050,57,Professional,Mobile App,Medium,0,0,0,Email Activity,No,No,No,No,No,0
1051,36,Professional,Mobile App,High,4,2269,2.228,Website Activity,No,No,No,Yes,No,0
1052,20,Student,Website,High,3,310,1.321,Website Activity,No,Yes,No,No,No,0
1053,28,Professional,Website,Medium,5,1865,1.879,Website Activity,No,No,Yes,Yes,No,1
1054,55,Professional,Mobile App,High,3,58,3.749,Phone Activity,No,No,No,No,No,0
1055,56,Unemployed,Website,High,0,0,0,Email Activity,No,No,No,No,No,1
1056,49,Professional,Mobile App,Medium,6,2499,3.8,Email Activity,No,No,No,No,No,0
1057,33,Unemployed,Website,Medium,2,2478,2.189,Phone Activity,No,No,No,No,No,0
1058,53,Unemployed,Website,Medium,5,1554,2.123,Email Activity,No,No,No,Yes,No,1
1059,60,Professional,Website,High,1,375,3.91,Email Activity,Yes,No,No,No,No,1
1060,21,Student,Mobile App,Low,3,315,4.386,Email Activity,No,No,No,Yes,No,0
1061,61,Unemployed,Mobile App,Medium,1,1,1.484,Email Activity,No,No,No,No,No,0
1062,37,Professional,Website,High,4,1756,8.455,Email Activity,No,No,No,No,No,1
1063,35,Professional,Mobile App,High,3,575,2.234,Email Activity,Yes,No,No,No,No,0
1064,22,Student,Website,High,8,66,2.221,Website Activity,No,No,No,No,No,0
1065,18,Student,Mobile App,High,6,1589,0.031,Email Activity,No,No,No,No,No,0
1066,59,Professional,Website,High,11,401,0.202,Website Activity,No,No,No,No,No,1
1067,38,Professional,Website,High,1,244,2.134,Website Activity,No,No,No,No,No,1
1068,57,Professional,Website,High,18,371,3.783,Website Activity,Yes,No,No,No,No,0
1069,55,Unemployed,Mobile App,High,2,1073,1.335,Email Activity,No,No,No,No,No,0
1070,59,Professional,Website,High,1,1,2.039,Phone Activity,No,No,No,No,No,1
1071,36,Professional,Mobile App,High,2,1104,3.679,Email Activity,No,No,No,No,No,0
1072,59,Professional,Website,Medium,6,517,3.239,Email Activity,Yes,No,No,No,No,1
1073,24,Student,Website,High,2,177,0.04,Website Activity,Yes,No,No,Yes,No,0
1074,23,Student,Mobile App,High,7,243,3.512,Email Activity,No,No,No,No,No,0
1075,55,Unemployed,Mobile App,High,7,2214,1.982,Email Activity,No,No,No,No,No,0
1076,27,Professional,Mobile App,Medium,1,377,7.663,Website Activity,No,No,No,Yes,No,0
1077,56,Unemployed,Mobile App,Medium,2,78,5.695,Email Activity,No,No,No,Yes,No,0
1078,19,Student,Website,High,1,1158,2.141,Phone Activity,No,No,No,No,No,0
1079,62,Unemployed,Mobile App,Medium,2,2265,2.112,Email Activity,No,No,No,No,No,0
1080,56,Professional,Mobile App,High,2,2531,2.023,Phone Activity,No,No,No,No,No,0
1081,51,Unemployed,Mobile App,High,2,2068,2.245,Phone Activity,No,No,No,No,No,0
1082,34,Professional,Website,High,3,1800,2.152,Phone Activity,No,No,No,Yes,No,1
1083,50,Professional,Mobile App,Medium,7,52,1.805,Email Activity,Yes,Yes,Yes,Yes,No,0
1084,46,Unemployed,Mobile App,Low,7,79,3.617,Website Activity,No,No,No,No,No,0
1085,23,Student,Website,Medium,6,203,2.03,Email Activity,No,No,No,No,No,0
1086,55,Professional,Mobile App,High,1,390,1.45,Phone Activity,No,No,No,Yes,No,0
1087,41,Professional,Website,High,1,1,2.267,Email Activity,No,No,No,No,No,1
1088,59,Professional,Mobile App,High,5,419,3.362,Email Activity,No,No,No,No,No,0
1089,58,Unemployed,Mobile App,Medium,9,299,8.858,Phone Activity,No,No,Yes,No,No,0
1090,56,Professional,Website,High,3,80,2.132,Phone Activity,No,No,No,No,No,0
1091,46,Unemployed,Mobile App,High,9,203,2.166,Email Activity,No,No,No,Yes,No,0
1092,47,Unemployed,Website,High,2,314,2.06,Phone Activity,No,Yes,No,No,No,0
1093,57,Professional,Mobile App,Medium,5,91,1.971,Email Activity,No,No,No,No,No,0
1094,58,Professional,Mobile App,Medium,3,1,3.701,Phone Activity,No,No,No,No,No,0
1095,57,Professional,Mobile App,High,8,68,3.099,Email Activity,No,No,No,No,No,0
1096,47,Unemployed,Website,Medium,1,417,5.629,Website Activity,No,No,No,No,No,0
1097,28,Professional,Mobile App,Medium,5,378,2.245,Website Activity,No,No,No,Yes,No,0
1098,59,Professional,Website,High,0,0,0,Email Activity,No,No,No,No,No,1
1099,22,Student,Website,Medium,6,2372,3.263,Phone Activity,No,No,No,No,No,0
1100,32,Professional,Website,High,2,58,0.274,Website Activity,No,Yes,No,Yes,No,0
1101,57,Professional,Website,Medium,5,107,3.305,Phone Activity,No,No,No,No,No,0
1102,24,Student,Website,Medium,4,425,0.285,Email Activity,No,No,No,No,No,0
1103,59,Professional,Mobile App,High,4,205,1.757,Email Activity,No,No,No,No,No,0
1104,57,Professional,Website,Medium,2,680,5.361,Website Activity,No,No,No,No,No,1
1105,56,Professional,Mobile App,High,2,152,2.216,Website Activity,No,No,No,No,No,0
1106,60,Professional,Website,Medium,1,90,5.863,Email Activity,No,No,No,No,No,0
1107,44,Unemployed,Mobile App,Medium,2,1234,2.261,Email Activity,No,No,No,No,No,0
1108,32,Unemployed,Mobile App,High,2,940,5.628,Website Activity,No,No,No,Yes,No,1
1109,60,Professional,Website,High,4,41,2.247,Email Activity,No,No,No,No,No,0
1110,60,Professional,Website,High,3,1038,2.174,Website Activity,No,No,No,No,No,1
1111,57,Professional,Mobile App,High,2,407,3.575,Phone Activity,No,No,Yes,No,No,0
1112,58,Professional,Website,High,7,329,8.231,Website Activity,No,No,No,Yes,No,1
1113,56,Professional,Mobile App,High,2,1209,8.5,Email Activity,No,No,No,No,No,0
1114,51,Professional,Mobile App,High,5,713,0.104,Email Activity,No,No,No,No,Yes,1
1115,55,Professional,Mobile App,High,2,1506,2.693,Email Activity,No,No,No,No,No,0
1116,58,Professional,Mobile App,Medium,7,1492,2.407,Email Activity,No,No,No,No,No,0
1117,32,Professional,Mobile App,High,2,362,1.402,Email Activity,Yes,No,No,No,No,0
1118,53,Professional,Mobile App,High,2,1410,2.192,Email Activity,No,Yes,No,Yes,Yes,1
1119,57,Professional,Website,Medium,1,164,3.085,Email Activity,No,No,No,Yes,No,0
1120,25,Professional,Mobile App,Medium,1,1240,11.739,Website Activity,No,No,No,No,No,0
1121,28,Professional,Mobile App,Medium,1,281,2.156,Website Activity,No,No,No,No,No,0
1122,62,Unemployed,Website,High,7,626,0.233,Phone Activity,No,No,No,No,No,1
1123,62,Unemployed,Website,Low,2,162,7.284,Email Activity,No,No,No,No,No,0
1124,58,Professional,Website,Medium,4,202,3.136,Email Activity,Yes,No,No,No,No,0
1125,57,Professional,Website,High,8,350,2.056,Email Activity,No,No,No,No,No,0
1126,59,Unemployed,Mobile App,High,1,2335,1.827,Phone Activity,No,No,No,No,No,0
1127,45,Professional,Website,Medium,3,1,6.996,Email Activity,No,No,No,Yes,No,0
1128,58,Professional,Mobile App,Medium,2,1481,2.24,Email Activity,No,No,No,No,No,0
1129,42,Professional,Mobile App,Medium,7,271,5.593,Website Activity,No,No,No,No,No,0
1130,53,Professional,Mobile App,High,9,2443,2.066,Email Activity,No,No,No,Yes,No,0
1131,21,Student,Mobile App,Medium,2,86,2.176,Website Activity,No,No,No,No,No,0
1132,59,Professional,Website,High,2,1810,3.534,Website Activity,No,No,Yes,No,No,1
1133,55,Unemployed,Website,High,1,654,0.144,Email Activity,No,No,No,No,No,1
1134,56,Professional,Mobile App,High,3,2216,1.966,Website Activity,Yes,No,No,Yes,No,1
1135,24,Student,Website,Medium,2,676,8.107,Email Activity,No,No,No,No,No,0
1136,28,Professional,Mobile App,Medium,2,1921,3.383,Phone Activity,No,No,No,No,No,0
1137,50,Professional,Website,High,1,1934,3.537,Email Activity,No,No,Yes,No,No,1
1138,57,Professional,Website,High,5,2321,3.615,Phone Activity,No,No,No,No,No,1
1139,56,Professional,Website,Medium,2,355,5.637,Email Activity,No,No,No,No,No,0
1140,29,Professional,Website,Medium,5,378,1.779,Email Activity,No,No,No,No,No,0
1141,58,Professional,Website,Medium,5,24,0.042,Email Activity,No,No,No,No,No,0
1142,40,Professional,Website,High,2,377,3.38,Phone Activity,No,No,No,No,No,0
1143,60,Unemployed,Mobile App,High,5,83,2.233,Email Activity,No,No,No,No,No,0
1144,58,Unemployed,Mobile App,High,2,370,2.187,Email Activity,No,No,No,No,No,0
1145,58,Professional,Website,Medium,4,121,1.662,Email Activity,Yes,No,No,No,No,0
1146,23,Student,Mobile App,Low,2,237,3.368,Phone Activity,No,No,No,No,No,0
1147,57,Professional,Mobile App,Medium,2,570,5.662,Website Activity,No,No,No,No,No,0
1148,42,Professional,Website,Medium,3,578,2.054,Phone Activity,No,No,No,Yes,No,0
1149,63,Unemployed,Mobile App,High,6,274,2.153,Email Activity,No,Yes,No,No,No,0
1150,18,Student,Mobile App,Medium,2,83,3.513,Email Activity,No,No,No,No,No,0
1151,51,Professional,Mobile App,Low,3,428,5.729,Phone Activity,No,No,No,No,No,0
1152,23,Student,Mobile App,High,2,9,3.228,Website Activity,No,Yes,No,No,No,0
1153,55,Professional,Mobile App,Medium,4,1871,3.661,Email Activity,No,No,Yes,No,No,0
1154,56,Unemployed,Website,High,3,614,2.855,Email Activity,No,No,No,No,No,1
1155,59,Unemployed,Website,Medium,1,34,2.158,Email Activity,No,No,No,No,No,0
1156,32,Unemployed,Mobile App,High,7,235,3.574,Email Activity,No,No,No,Yes,No,0
1157,35,Unemployed,Website,High,6,253,3.611,Email Activity,No,No,No,No,No,0
1158,60,Unemployed,Mobile App,Medium,4,1589,0.171,Phone Activity,No,No,No,No,No,0
1159,21,Student,Website,Low,8,372,0.216,Email Activity,No,No,No,No,No,0
1160,57,Unemployed,Mobile App,Medium,13,326,2.106,Phone Activity,No,No,No,No,No,0
1161,41,Professional,Mobile App,Medium,5,2150,0.12,Website Activity,No,No,No,No,No,1
1162,56,Professional,Website,Medium,2,1549,2.216,Phone Activity,No,No,No,Yes,No,0
1163,35,Unemployed,Website,Medium,2,1937,5.111,Email Activity,No,No,Yes,No,No,0
1164,45,Professional,Website,Medium,2,457,3.755,Email Activity,No,No,No,No,No,1
1165,56,Professional,Website,Medium,4,357,1.963,Email Activity,No,No,No,No,No,0
1166,42,Professional,Mobile App,High,2,463,2.168,Website Activity,No,No,Yes,No,No,0
1167,58,Unemployed,Website,Low,1,376,3.592,Website Activity,No,No,No,No,No,0
1168,48,Unemployed,Mobile App,High,4,1147,6.023,Email Activity,No,No,No,Yes,Yes,0
1169,30,Professional,Website,High,1,780,1.671,Phone Activity,No,No,Yes,Yes,No,1
1170,42,Professional,Mobile App,High,5,264,7.514,Phone Activity,No,No,No,No,No,0
1171,45,Professional,Website,High,2,44,2.252,Website Activity,Yes,Yes,No,No,No,1
1172,47,Professional,Website,High,1,73,1.5,Website Activity,No,No,Yes,No,No,0
1173,43,Professional,Website,High,8,74,2.238,Website Activity,No,No,No,No,No,0
1174,55,Professional,Mobile App,High,3,1917,0.331,Phone Activity,No,No,No,No,No,0
1175,58,Unemployed,Website,Medium,6,1785,0.227,Email Activity,No,No,No,No,No,0
1176,63,Unemployed,Website,High,1,296,0.351,Phone Activity,No,No,No,No,No,0
1177,58,Unemployed,Mobile App,High,1,406,0.192,Email Activity,No,No,Yes,No,No,0
1178,32,Unemployed,Website,High,8,2383,2.834,Website Activity,No,No,No,No,No,1
1179,56,Unemployed,Website,High,3,1,3.512,Email Activity,No,No,No,No,No,0
1180,57,Unemployed,Website,High,1,1832,3.625,Website Activity,No,No,No,Yes,No,1
1181,46,Professional,Mobile App,High,2,33,2.607,Email Activity,No,No,No,No,No,0
1182,49,Professional,Website,High,5,270,6.737,Email Activity,No,No,No,No,No,1
1183,45,Unemployed,Mobile App,Medium,0,0,0,Phone Activity,Yes,Yes,No,No,No,0
1184,38,Unemployed,Mobile App,High,3,222,0.268,Website Activity,No,No,Yes,No,No,0
1185,23,Student,Website,High,6,1734,1.912,Email Activity,No,Yes,No,No,No,0
1186,53,Professional,Website,High,3,655,2.747,Email Activity,No,No,No,No,No,1
1187,55,Professional,Website,Medium,13,949,3.647,Website Activity,No,No,No,No,No,0
1188,37,Professional,Website,Medium,0,0,0,Phone Activity,No,No,Yes,Yes,No,0
1189,57,Unemployed,Website,High,1,415,2.245,Phone Activity,No,No,No,No,No,0
1190,59,Professional,Website,High,2,354,0.267,Email Activity,No,No,Yes,No,No,1
1191,59,Professional,Mobile App,Medium,1,561,0.224,Email Activity,No,No,No,No,No,1
1192,57,Unemployed,Website,Medium,5,261,3.432,Email Activity,No,No,No,No,No,0
1193,52,Unemployed,Website,High,2,2057,0.214,Email Activity,No,No,No,No,No,1
1194,58,Professional,Mobile App,Medium,15,73,3.489,Phone Activity,No,No,No,No,No,0
1195,58,Unemployed,Website,High,1,373,2.264,Email Activity,No,No,No,No,No,0
1196,38,Unemployed,Mobile App,Medium,1,301,1.31,Website Activity,No,No,No,No,No,0
1197,60,Professional,Mobile App,Medium,1,51,2.115,Website Activity,No,No,Yes,No,No,0
1198,41,Unemployed,Mobile App,Medium,6,358,1.102,Email Activity,No,No,No,No,No,0
1199,46,Unemployed,Website,Medium,2,333,2.185,Phone Activity,No,No,No,Yes,No,0
1200,60,Professional,Mobile App,Medium,6,1649,2.138,Email Activity,No,No,No,No,No,0
1201,21,Student,Mobile App,Medium,1,63,3.525,Email Activity,No,No,No,No,No,0
1202,50,Professional,Website,High,2,1686,1.965,Email Activity,No,No,No,Yes,No,1
1203,18,Student,Website,Medium,6,364,3.606,Phone Activity,No,No,No,No,No,0
1204,25,Professional,Mobile App,Medium,4,142,2.122,Website Activity,No,No,No,No,No,0
1205,59,Unemployed,Website,Medium,10,196,3.35,Email Activity,No,No,Yes,No,No,0
1206,56,Professional,Mobile App,Medium,5,440,0.116,Phone Activity,No,No,No,No,No,0
1207,60,Professional,Website,Medium,8,287,0.164,Website Activity,No,No,No,No,No,0
1208,54,Professional,Website,Medium,7,1908,2.183,Phone Activity,No,No,No,No,No,0
1209,45,Professional,Website,High,1,348,0.166,Website Activity,Yes,No,No,No,No,1
1210,32,Unemployed,Website,High,1,928,0.274,Email Activity,No,No,No,No,No,0
1211,63,Unemployed,Mobile App,High,0,0,0,Phone Activity,No,No,No,No,No,0
1212,36,Unemployed,Website,Medium,4,294,0.102,Phone Activity,No,No,No,No,No,0
1213,32,Professional,Website,High,4,622,0.194,Website Activity,No,No,No,No,No,1
1214,42,Professional,Website,High,5,1193,2.113,Website Activity,No,No,No,No,No,1
1215,44,Professional,Website,Medium,1,1839,0.11,Email Activity,No,No,No,No,No,1
1216,58,Professional,Mobile App,Medium,2,496,3.561,Website Activity,No,No,No,No,No,0
1217,59,Professional,Website,Medium,2,837,3.435,Website Activity,No,No,No,Yes,No,1
1218,43,Professional,Mobile App,Medium,3,65,3.115,Phone Activity,No,No,No,No,No,0
1219,22,Student,Mobile App,High,3,604,3.588,Email Activity,No,No,No,Yes,No,0
1220,56,Unemployed,Website,High,4,1392,3.45,Email Activity,No,No,No,No,No,1
1221,55,Unemployed,Mobile App,High,6,348,2.095,Email Activity,No,No,No,No,No,0
1222,59,Unemployed,Website,High,2,85,3.891,Email Activity,No,No,No,No,No,1
1223,56,Professional,Website,High,3,362,3.794,Email Activity,Yes,No,No,No,No,0
1224,41,Unemployed,Website,Medium,2,6,1.989,Website Activity,No,No,No,No,No,0
1225,56,Professional,Mobile App,Medium,2,341,2.093,Website Activity,No,No,No,No,No,0
1226,29,Professional,Website,Medium,3,1896,0.217,Phone Activity,No,No,No,No,Yes,0
1227,59,Unemployed,Mobile App,Medium,3,679,2.197,Website Activity,No,No,Yes,Yes,No,1
1228,59,Professional,Mobile App,High,8,243,2.169,Email Activity,No,No,No,No,No,0
1229,58,Unemployed,Website,Medium,1,4,5.261,Email Activity,No,No,No,No,No,0
1230,59,Professional,Website,High,1,2065,2.125,Phone Activity,No,No,No,No,No,1
1231,40,Professional,Website,Medium,2,84,2.224,Email Activity,No,No,No,No,No,0
1232,60,Professional,Mobile App,Medium,2,1844,8.68,Phone Activity,No,No,No,No,No,0
1233,58,Unemployed,Mobile App,Medium,1,907,0.026,Website Activity,No,No,No,Yes,No,0
1234,56,Professional,Mobile App,High,3,359,3.225,Email Activity,No,No,No,No,No,0
1235,56,Professional,Website,Medium,2,315,2.335,Email Activity,No,No,No,No,No,0
1236,60,Professional,Mobile App,High,5,138,3.661,Website Activity,No,No,No,No,No,0
1237,45,Unemployed,Website,High,6,333,3.638,Email Activity,No,No,No,No,No,0
1238,18,Student,Mobile App,Medium,1,156,2.48,Email Activity,No,No,Yes,No,No,0
1239,57,Unemployed,Website,High,7,700,1.985,Phone Activity,No,No,No,Yes,No,1
1240,58,Unemployed,Website,High,3,24,2.264,Phone Activity,No,No,No,No,No,1
1241,24,Student,Website,Medium,2,1635,4.101,Phone Activity,No,No,No,No,No,0
1242,36,Unemployed,Mobile App,Medium,4,412,3.822,Website Activity,Yes,No,No,No,No,0
1243,59,Professional,Mobile App,Medium,2,1342,2.073,Phone Activity,No,No,No,No,No,0
1244,32,Unemployed,Mobile App,Medium,2,1430,3.805,Email Activity,No,No,No,No,Yes,0
1245,38,Professional,Website,Medium,1,2160,3.773,Phone Activity,No,No,No,No,No,0
1246,37,Unemployed,Website,Medium,3,547,1.968,Website Activity,No,No,No,No,No,1
1247,57,Professional,Mobile App,Medium,8,432,2.176,Website Activity,No,No,No,No,No,0
1248,59,Professional,Website,High,5,1908,3.331,Phone Activity,No,No,Yes,No,No,1
1249,56,Professional,Mobile App,Medium,2,55,3.802,Email Activity,No,No,Yes,No,No,0
1250,49,Professional,Website,Medium,8,1203,0.034,Website Activity,No,No,No,Yes,No,1
1251,32,Unemployed,Mobile App,Medium,7,1598,2.708,Email Activity,No,Yes,No,No,No,1
1252,58,Unemployed,Mobile App,High,3,2254,5.135,Phone Activity,No,No,No,No,No,0
1253,47,Professional,Website,High,2,644,0.117,Phone Activity,No,No,No,No,No,0
1254,53,Unemployed,Mobile App,Medium,6,1454,2.092,Email Activity,No,No,No,No,No,1
1255,51,Professional,Mobile App,Medium,9,2147,3.3,Email Activity,No,No,No,Yes,No,0
1256,43,Professional,Website,High,2,339,3.632,Phone Activity,No,No,No,No,No,1
1257,38,Professional,Mobile App,High,4,46,2.976,Email Activity,No,No,No,No,No,0
1258,25,Professional,Mobile App,Medium,3,429,3.535,Website Activity,No,No,No,No,No,1
1259,33,Unemployed,Mobile App,Medium,2,489,3.95,Website Activity,No,No,No,No,No,1
1260,41,Professional,Mobile App,High,4,337,0.166,Email Activity,No,No,No,No,No,0
1261,52,Professional,Mobile App,Medium,1,400,2.069,Email Activity,No,No,No,Yes,No,0
1262,51,Professional,Mobile App,Medium,5,169,2.2,Email Activity,No,No,No,No,No,0
1263,61,Unemployed,Website,Medium,2,1299,3.27,Email Activity,No,No,No,No,Yes,0
1264,46,Unemployed,Website,Medium,3,1,1.962,Phone Activity,No,No,No,No,No,0
1265,48,Professional,Website,High,3,386,1.949,Website Activity,No,No,No,Yes,No,1
1266,57,Professional,Website,Medium,1,688,2.192,Email Activity,Yes,No,Yes,No,No,1
1267,60,Unemployed,Mobile App,High,3,501,3.149,Phone Activity,No,No,No,No,No,1
1268,60,Professional,Website,High,5,1567,2.148,Email Activity,No,No,No,No,No,1
1269,18,Student,Mobile App,High,3,1869,3.668,Email Activity,No,No,No,No,No,0
1270,52,Professional,Website,Medium,2,378,3.344,Phone Activity,No,No,No,No,No,0
1271,39,Unemployed,Mobile App,High,3,1579,2.173,Website Activity,No,No,No,No,No,1
1272,58,Professional,Mobile App,Medium,4,1023,0.16,Website Activity,Yes,No,No,No,No,1
1273,58,Professional,Website,Medium,5,194,2.106,Email Activity,No,No,No,No,No,0
1274,59,Professional,Website,Medium,6,104,2.865,Website Activity,No,Yes,No,Yes,No,0
1275,55,Professional,Website,Medium,1,1288,2.083,Email Activity,No,No,No,No,No,1
1276,57,Professional,Website,Medium,2,292,2.559,Website Activity,Yes,Yes,No,No,No,0
1277,42,Unemployed,Mobile App,Medium,2,228,6.632,Website Activity,No,No,No,No,No,0
1278,42,Professional,Website,High,4,390,3.561,Website Activity,Yes,No,No,Yes,No,1
1279,35,Unemployed,Mobile App,High,5,2099,3.051,Phone Activity,No,No,Yes,No,No,1
1280,55,Unemployed,Mobile App,Medium,4,28,4.038,Phone Activity,No,No,No,No,No,0
1281,63,Unemployed,Mobile App,Medium,2,4,0.194,Email Activity,No,No,No,No,No,0
1282,55,Professional,Mobile App,Medium,6,417,3.807,Phone Activity,No,No,No,No,No,0
1283,56,Unemployed,Website,Medium,6,2095,1.655,Email Activity,No,No,No,No,No,0
1284,60,Unemployed,Website,Low,1,329,2.171,Phone Activity,No,No,Yes,No,No,0
1285,57,Professional,Mobile App,High,6,1989,2.159,Phone Activity,No,No,Yes,No,No,0
1286,57,Professional,Website,High,3,441,3.751,Phone Activity,No,Yes,No,No,No,1
1287,24,Student,Mobile App,Medium,7,356,3.814,Phone Activity,Yes,No,No,Yes,No,0
1288,58,Professional,Website,Medium,4,69,3.249,Email Activity,No,No,No,No,No,0
1289,46,Unemployed,Website,Medium,3,202,5.791,Website Activity,No,No,No,No,No,0
1290,42,Professional,Website,High,2,544,7.126,Website Activity,No,No,No,No,No,1
1291,22,Student,Mobile App,High,2,514,0.168,Phone Activity,No,No,No,Yes,No,0
1292,42,Unemployed,Mobile App,High,6,322,3.16,Email Activity,No,No,No,No,No,0
1293,32,Unemployed,Mobile App,Medium,3,702,2.102,Phone Activity,No,No,No,No,No,0
1294,55,Professional,Website,Medium,2,340,3.316,Phone Activity,No,No,No,No,No,0
1295,57,Unemployed,Website,High,4,59,0.118,Email Activity,No,No,No,Yes,No,0
1296,57,Unemployed,Mobile App,High,2,1767,2.192,Email Activity,No,No,No,Yes,No,0
1297,50,Unemployed,Mobile App,High,1,1766,2.2,Phone Activity,No,No,No,No,No,1
1298,27,Professional,Website,Medium,1,2019,3.638,Email Activity,No,No,Yes,No,No,1
1299,60,Professional,Mobile App,High,2,125,2.922,Email Activity,No,No,No,Yes,No,0
1300,62,Unemployed,Website,High,1,97,3.182,Website Activity,Yes,No,No,No,No,1
1301,41,Professional,Mobile App,High,9,690,2.172,Email Activity,No,No,No,No,No,0
1302,54,Professional,Website,Medium,7,55,2.203,Phone Activity,No,No,No,No,No,0
1303,42,Unemployed,Mobile App,High,3,435,0.331,Email Activity,No,No,No,Yes,No,0
1304,58,Professional,Website,Medium,2,1955,3.526,Phone Activity,No,No,No,No,No,1
1305,59,Professional,Website,High,5,1420,0.275,Email Activity,No,No,No,Yes,No,1
1306,41,Unemployed,Website,High,1,222,2.119,Website Activity,No,No,No,No,No,0
1307,59,Unemployed,Website,High,3,2160,3.624,Email Activity,No,No,No,No,No,1
1308,23,Student,Website,Medium,3,393,3.385,Website Activity,No,No,No,No,No,0
1309,32,Unemployed,Website,High,2,2238,2.981,Email Activity,No,No,No,No,No,1
1310,24,Student,Mobile App,High,2,419,2.118,Email Activity,No,No,No,No,No,0
1311,35,Professional,Website,High,2,1013,1.987,Phone Activity,No,No,No,Yes,No,0
1312,51,Professional,Website,High,2,91,2.284,Email Activity,No,No,No,No,No,1
1313,55,Professional,Website,High,7,1307,1.595,Email Activity,No,No,No,No,No,1
1314,44,Professional,Website,High,1,670,2.17,Email Activity,No,No,No,No,No,1
1315,20,Student,Mobile App,High,7,189,2.135,Email Activity,No,No,No,No,No,0
1316,58,Professional,Mobile App,Medium,2,1846,2.246,Phone Activity,No,No,No,No,No,0
1317,41,Professional,Website,Medium,3,2050,1.972,Website Activity,Yes,No,No,No,No,1
1318,63,Unemployed,Website,Medium,2,2346,2.184,Email Activity,No,No,No,No,No,1
1319,60,Unemployed,Website,Medium,2,69,2.177,Phone Activity,No,No,No,Yes,No,0
1320,36,Unemployed,Website,High,2,2209,2.154,Email Activity,Yes,No,No,No,No,1
1321,47,Unemployed,Website,High,2,65,1,Phone Activity,No,No,No,No,No,0
1322,57,Unemployed,Website,High,2,237,3.767,Phone Activity,No,No,No,No,No,1
1323,36,Unemployed,Website,High,1,1586,5.599,Email Activity,No,No,No,Yes,No,1
1324,57,Professional,Website,Medium,2,1953,1.746,Website Activity,No,No,No,Yes,No,1
1325,45,Unemployed,Mobile App,Medium,6,292,0.159,Email Activity,No,No,No,No,No,0
1326,57,Professional,Website,Medium,1,1347,0.062,Phone Activity,No,No,No,No,No,1
1327,28,Professional,Website,Medium,1,328,1.989,Website Activity,No,No,No,No,No,0
1328,19,Student,Mobile App,High,6,198,1.855,Email Activity,No,No,No,No,No,0
1329,49,Professional,Website,Medium,4,308,2.173,Website Activity,Yes,No,Yes,Yes,No,0
1330,48,Professional,Mobile App,Medium,4,346,3.533,Email Activity,No,No,No,No,No,0
1331,37,Unemployed,Website,Medium,2,64,4.731,Email Activity,No,No,Yes,Yes,No,0
1332,56,Professional,Mobile App,Medium,1,1706,2.228,Phone Activity,No,No,No,No,No,0
1333,22,Student,Website,Medium,2,307,5.315,Phone Activity,No,No,No,No,No,0
1334,57,Professional,Website,High,1,653,2.282,Website Activity,No,No,No,No,No,1
1335,42,Unemployed,Mobile App,High,2,1359,2.236,Email Activity,No,No,No,No,No,0
1336,22,Student,Mobile App,Medium,2,1296,3.779,Email Activity,No,No,No,Yes,No,0
1337,55,Unemployed,Website,High,3,1736,2.123,Email Activity,No,No,No,No,No,1
1338,57,Unemployed,Mobile App,High,2,966,2.191,Phone Activity,Yes,No,No,No,No,0
1339,56,Unemployed,Website,Medium,4,2227,3.232,Phone Activity,No,No,No,No,No,0
1340,59,Professional,Mobile App,High,5,578,2.228,Website Activity,No,No,No,No,No,0
1341,47,Professional,Mobile App,Medium,10,462,0.296,Email Activity,No,No,No,No,No,1
1342,55,Unemployed,Website,Medium,2,5,5.39,Website Activity,No,Yes,No,No,No,0
1343,56,Professional,Website,High,2,2013,2.191,Email Activity,No,No,Yes,No,No,1
1344,60,Unemployed,Mobile App,High,2,187,4.971,Website Activity,No,No,No,No,No,0
1345,47,Professional,Website,Medium,1,184,3.212,Email Activity,Yes,No,No,Yes,No,0
1346,58,Professional,Mobile App,Medium,2,185,3.976,Phone Activity,No,No,Yes,No,No,0
1347,59,Professional,Website,High,3,1817,2.09,Website Activity,No,No,No,No,No,1
1348,40,Professional,Website,Medium,1,387,2.767,Phone Activity,No,No,No,No,No,0
1349,42,Unemployed,Website,High,2,67,0.216,Email Activity,No,No,No,No,No,0
1350,20,Student,Mobile App,Medium,2,392,0.082,Phone Activity,No,No,No,No,No,0
1351,42,Professional,Website,High,2,255,0.161,Phone Activity,Yes,No,No,No,No,1
1352,58,Professional,Mobile App,High,6,376,3.565,Email Activity,No,No,No,No,No,0
1353,51,Professional,Mobile App,Medium,2,2324,2.165,Email Activity,No,No,No,No,No,0
1354,47,Professional,Website,Medium,5,245,2.178,Website Activity,No,No,No,No,No,0
1355,51,Professional,Mobile App,Medium,0,0,0,Email Activity,No,No,No,No,No,0
1356,58,Professional,Mobile App,High,1,86,5.193,Email Activity,No,No,No,No,No,0
1357,58,Unemployed,Mobile App,High,1,1760,2.065,Email Activity,No,No,No,No,No,0
1358,48,Professional,Website,Medium,3,373,2.268,Email Activity,Yes,No,No,No,No,0
1359,34,Professional,Mobile App,High,5,25,2.12,Phone Activity,No,No,No,Yes,No,0
1360,50,Professional,Website,Medium,1,296,3.503,Email Activity,Yes,No,No,No,No,0
1361,59,Professional,Website,High,1,681,0.136,Email Activity,No,No,No,No,No,1
1362,22,Student,Website,High,3,130,5.813,Phone Activity,No,No,No,No,No,0
1363,35,Professional,Mobile App,Medium,2,291,3.736,Email Activity,No,No,No,Yes,No,0
1364,42,Professional,Website,High,1,64,0.134,Email Activity,No,Yes,No,Yes,No,1
1365,45,Professional,Website,Medium,1,2130,3.69,Email Activity,No,No,Yes,No,No,1
1366,58,Professional,Mobile App,Medium,2,71,2.255,Email Activity,Yes,No,No,No,No,0
1367,58,Professional,Mobile App,Medium,3,649,2.131,Phone Activity,No,Yes,Yes,Yes,No,0
1368,42,Professional,Mobile App,High,3,342,3.5,Website Activity,No,No,No,Yes,No,0
1369,57,Unemployed,Website,Medium,3,2260,2.137,Website Activity,No,No,No,No,No,1
1370,23,Student,Mobile App,High,5,1856,2.236,Email Activity,No,No,No,Yes,No,0
1371,42,Professional,Mobile App,Medium,13,1518,4.287,Phone Activity,No,No,No,No,No,0
1372,58,Professional,Website,Medium,14,82,2.186,Phone Activity,No,No,No,Yes,No,0
1373,50,Unemployed,Mobile App,High,0,0,0,Email Activity,No,No,No,No,No,0
1374,44,Unemployed,Website,Medium,3,1579,1.992,Website Activity,No,No,No,No,No,1
1375,45,Unemployed,Mobile App,Medium,2,179,5.483,Email Activity,Yes,No,No,Yes,No,0
1376,58,Professional,Website,High,0,0,0,Phone Activity,No,No,No,No,No,1
1377,52,Professional,Website,High,2,1,3.685,Website Activity,No,No,No,Yes,No,1
1378,55,Professional,Website,Medium,1,503,0.125,Email Activity,No,No,No,No,No,1
1379,49,Professional,Website,Medium,10,900,4.988,Email Activity,No,No,No,No,No,1
1380,56,Professional,Mobile App,Medium,8,300,2.15,Phone Activity,Yes,No,No,Yes,No,0
1381,52,Professional,Mobile App,Medium,2,2017,3.708,Email Activity,No,No,No,No,No,0
1382,52,Professional,Website,High,2,1966,1.964,Email Activity,No,No,No,No,No,1
1383,60,Unemployed,Website,Medium,2,2180,0.332,Website Activity,Yes,No,No,No,No,0
1384,50,Professional,Website,Medium,7,2151,0.183,Email Activity,No,No,No,No,No,1
1385,57,Professional,Website,High,1,1778,6.586,Phone Activity,No,No,Yes,No,No,0
1386,42,Unemployed,Mobile App,High,0,0,0,Email Activity,No,No,No,No,No,0
1387,59,Professional,Website,High,1,317,2.192,Website Activity,No,No,Yes,No,No,1
1388,46,Unemployed,Website,Medium,5,8,0.111,Email Activity,No,No,No,No,No,0
1389,37,Unemployed,Website,High,0,0,0,Email Activity,No,No,No,No,No,0
1390,59,Professional,Mobile App,Medium,5,409,2.216,Email Activity,Yes,No,No,No,No,0
1391,51,Unemployed,Website,High,2,789,5.079,Email Activity,Yes,No,No,Yes,No,1
1392,56,Unemployed,Mobile App,Medium,2,10,0.295,Website Activity,No,No,No,No,No,0
1393,20,Student,Mobile App,High,6,240,3.789,Phone Activity,No,No,Yes,Yes,No,0
1394,19,Student,Website,High,6,52,3.88,Phone Activity,No,No,No,No,No,0
1395,18,Student,Website,High,3,2062,3.017,Email Activity,No,No,No,No,No,1
1396,19,Student,Mobile App,Medium,3,1465,1.556,Email Activity,No,No,No,No,No,0
1397,41,Professional,Mobile App,Medium,2,277,2.147,Phone Activity,No,No,No,No,No,0
1398,59,Unemployed,Mobile App,High,2,424,3.689,Email Activity,No,No,No,Yes,No,0
1399,56,Professional,Website,High,3,52,3.113,Phone Activity,No,No,No,Yes,No,1
1400,22,Student,Mobile App,Medium,3,1301,0.241,Phone Activity,No,No,No,No,No,0
1401,55,Unemployed,Website,Medium,1,77,3.243,Website Activity,No,No,No,No,No,0
1402,57,Unemployed,Mobile App,High,1,2421,3.154,Phone Activity,No,No,No,No,No,1
1403,55,Professional,Website,High,3,1774,6.44,Phone Activity,No,No,No,No,No,1
1404,60,Professional,Website,High,8,337,1.973,Email Activity,No,No,No,No,No,0
1405,21,Student,Website,High,3,237,2.079,Email Activity,Yes,No,No,No,No,1
1406,22,Student,Website,High,1,1250,8.164,Phone Activity,No,No,No,No,No,0
1407,32,Unemployed,Mobile App,High,3,1282,2.222,Phone Activity,Yes,No,No,No,No,0
1408,59,Professional,Website,High,5,208,3.656,Email Activity,No,No,Yes,No,No,0
1409,48,Professional,Mobile App,Medium,4,176,3.56,Website Activity,No,No,No,Yes,No,0
1410,57,Unemployed,Website,High,2,1407,2.189,Email Activity,No,No,No,No,Yes,1
1411,61,Unemployed,Website,Medium,2,715,3.221,Email Activity,No,No,Yes,No,No,0
1412,35,Professional,Website,Medium,2,205,3.128,Website Activity,No,No,No,No,No,0
1413,34,Professional,Mobile App,High,6,1838,2.197,Phone Activity,No,No,No,No,No,0
1414,18,Student,Website,Medium,1,321,3.437,Phone Activity,No,No,No,No,No,0
1415,58,Professional,Mobile App,Medium,1,657,2.95,Website Activity,No,No,No,No,No,1
1416,41,Professional,Mobile App,High,8,2210,5.71,Website Activity,No,No,No,Yes,No,1
1417,57,Professional,Website,High,2,1908,6.09,Phone Activity,No,No,No,No,No,1
1418,24,Student,Mobile App,High,2,2251,2.127,Website Activity,No,No,No,No,No,0
1419,43,Unemployed,Website,Medium,3,61,3.632,Email Activity,No,No,No,No,No,0
1420,55,Professional,Mobile App,Medium,2,1310,1.401,Website Activity,No,No,No,No,No,0
1421,56,Professional,Website,High,6,230,4.287,Website Activity,No,No,No,No,No,0
1422,45,Professional,Website,Medium,5,1834,7.5,Phone Activity,No,No,No,No,No,1
1423,19,Student,Website,Medium,8,325,3.172,Email Activity,No,No,No,No,No,0
1424,55,Professional,Website,Medium,3,1700,3.09,Website Activity,No,No,No,No,No,1
1425,56,Professional,Website,Medium,7,300,2.118,Email Activity,No,No,No,Yes,No,0
1426,22,Student,Mobile App,High,1,1153,2.216,Email Activity,No,No,No,No,No,1
1427,50,Unemployed,Mobile App,Medium,1,598,0.247,Website Activity,No,No,No,No,No,1
1428,18,Student,Website,High,3,960,2.228,Phone Activity,No,No,No,No,No,1
1429,35,Unemployed,Website,Medium,1,551,1.987,Phone Activity,No,No,No,No,No,0
1430,23,Student,Mobile App,High,5,200,5.772,Website Activity,No,No,No,No,No,0
1431,19,Student,Mobile App,Medium,4,2292,10.584,Website Activity,No,No,No,No,No,0
1432,57,Unemployed,Website,High,5,2222,0.264,Phone Activity,No,No,No,No,No,0
1433,58,Professional,Mobile App,Medium,2,232,5.635,Phone Activity,No,No,No,No,No,0
1434,40,Professional,Website,High,9,350,3.87,Email Activity,No,No,No,No,No,1
1435,55,Professional,Website,High,6,199,0.15,Website Activity,No,No,No,No,No,1
1436,57,Professional,Mobile App,High,1,2057,1.931,Website Activity,No,No,No,No,No,0
1437,28,Professional,Website,High,11,1194,3.817,Phone Activity,No,No,No,No,No,1
1438,63,Unemployed,Mobile App,High,3,599,3.224,Email Activity,No,No,No,No,No,0
1439,19,Student,Mobile App,Medium,2,242,2.057,Phone Activity,No,No,No,Yes,No,0
1440,18,Student,Mobile App,High,5,1,2.249,Email Activity,No,No,No,No,No,0
1441,43,Professional,Mobile App,Medium,0,0,0,Email Activity,No,No,No,No,No,0
1442,43,Professional,Website,Medium,2,88,3.95,Email Activity,No,No,No,No,No,0
1443,26,Professional,Website,Medium,5,196,2,Phone Activity,No,No,No,No,No,0
1444,59,Professional,Mobile App,Medium,5,24,8.395,Email Activity,No,No,Yes,No,No,0
1445,35,Professional,Mobile App,High,3,1556,3.714,Email Activity,No,No,No,No,No,0
1446,43,Professional,Mobile App,High,1,207,2.137,Email Activity,No,No,No,No,No,0
1447,59,Unemployed,Website,High,5,660,6.317,Website Activity,No,No,No,No,Yes,1
1448,43,Unemployed,Website,Medium,2,1592,2.865,Email Activity,No,Yes,Yes,No,No,1
1449,57,Professional,Mobile App,Medium,3,195,0.356,Website Activity,No,No,No,No,No,0
1450,58,Unemployed,Mobile App,Medium,3,384,3.69,Website Activity,No,No,No,No,No,0
1451,33,Professional,Mobile App,Medium,6,261,2.241,Email Activity,No,No,Yes,No,No,0
1452,47,Professional,Website,Medium,3,1832,3.122,Phone Activity,No,No,No,No,No,0
1453,36,Unemployed,Mobile App,Medium,4,1666,3.718,Phone Activity,No,No,No,Yes,No,0
1454,25,Professional,Mobile App,High,5,2247,2.24,Email Activity,Yes,No,No,No,No,0
1455,41,Professional,Website,High,5,678,7.653,Website Activity,No,No,No,Yes,No,1
1456,30,Professional,Website,Medium,3,16,2.025,Email Activity,No,No,Yes,No,No,0
1457,63,Unemployed,Website,Medium,4,382,2.871,Email Activity,No,No,No,No,No,0
1458,28,Professional,Mobile App,High,4,642,2.166,Email Activity,No,No,No,No,No,0
1459,51,Professional,Mobile App,Medium,2,34,3.523,Phone Activity,No,No,No,No,No,0
1460,46,Professional,Website,High,5,83,2.192,Website Activity,No,No,No,No,No,1
1461,35,Professional,Website,Medium,6,2096,1.883,Email Activity,No,No,No,No,No,1
1462,56,Unemployed,Website,Medium,4,396,2.137,Website Activity,No,No,No,No,No,0
1463,59,Unemployed,Website,High,2,90,2.211,Email Activity,No,No,No,No,No,1
1464,18,Student,Website,Medium,4,696,3.58,Email Activity,Yes,No,No,No,No,0
1465,56,Professional,Website,Medium,2,380,1.966,Website Activity,No,No,No,No,No,0
1466,35,Professional,Mobile App,Low,5,672,5.257,Website Activity,No,No,No,No,No,0
1467,52,Unemployed,Mobile App,Medium,2,486,0.274,Website Activity,No,No,Yes,No,No,0
1468,59,Unemployed,Website,High,8,93,3.603,Email Activity,No,No,No,No,No,0
1469,56,Professional,Mobile App,High,2,1945,3.54,Email Activity,No,No,No,No,No,0
1470,21,Student,Website,Medium,14,2052,2.886,Email Activity,No,Yes,No,No,No,0
1471,61,Unemployed,Mobile App,High,2,59,2.2,Email Activity,No,No,No,Yes,No,0
1472,59,Unemployed,Website,Medium,8,342,1.97,Email Activity,Yes,Yes,No,No,No,0
1473,62,Unemployed,Website,High,4,219,3.928,Phone Activity,No,No,No,Yes,No,0
1474,57,Professional,Website,Medium,1,81,2.217,Email Activity,No,No,No,No,No,0
1475,55,Professional,Mobile App,Medium,2,45,3.409,Email Activity,No,No,No,No,No,0
1476,56,Professional,Website,Medium,6,381,0.181,Email Activity,No,No,No,No,No,0
1477,42,Unemployed,Website,High,8,662,0.24,Email Activity,No,No,No,No,No,1
1478,56,Unemployed,Website,High,3,10,0.217,Website Activity,No,No,No,No,No,1
1479,50,Unemployed,Website,Medium,2,349,3.585,Email Activity,No,No,No,Yes,No,0
1480,51,Professional,Mobile App,Medium,12,230,3.894,Phone Activity,No,No,No,Yes,No,0
1481,34,Professional,Mobile App,High,6,31,4.348,Email Activity,No,No,No,No,No,0
1482,57,Professional,Mobile App,Medium,3,250,3.441,Email Activity,No,No,Yes,No,No,0
1483,32,Unemployed,Website,Medium,3,332,3.839,Email Activity,No,No,No,Yes,No,0
1484,26,Professional,Mobile App,Medium,3,438,3.107,Website Activity,No,No,No,No,No,0
1485,57,Professional,Website,Medium,6,78,0.164,Phone Activity,No,No,No,Yes,No,0
1486,54,Professional,Website,Medium,1,2139,3.612,Email Activity,No,No,No,No,No,1
1487,55,Professional,Website,Low,2,19,5.039,Email Activity,No,No,No,No,No,1
1488,54,Professional,Mobile App,High,2,357,2.025,Website Activity,No,No,No,No,No,0
1489,39,Unemployed,Website,Medium,3,302,2.095,Phone Activity,No,No,No,Yes,No,0
1490,58,Unemployed,Website,High,2,524,2.201,Email Activity,No,No,No,No,No,1
1491,56,Unemployed,Mobile App,High,7,51,3.562,Phone Activity,No,No,No,Yes,No,0
1492,36,Unemployed,Mobile App,High,11,1397,3.283,Phone Activity,No,No,No,No,No,0
1493,54,Professional,Mobile App,High,2,35,2.056,Email Activity,No,No,No,No,No,0
1494,30,Professional,Mobile App,Medium,5,1708,5.711,Phone Activity,No,No,No,No,No,0
1495,24,Student,Website,Medium,1,2390,7.757,Website Activity,Yes,Yes,No,No,No,0
1496,38,Professional,Mobile App,High,2,198,2.28,Email Activity,No,Yes,Yes,No,No,0
1497,57,Professional,Website,High,6,613,1.95,Phone Activity,No,No,No,No,No,1
1498,52,Unemployed,Mobile App,High,2,1405,3.708,Email Activity,Yes,No,No,No,No,0
1499,23,Student,Website,Medium,1,148,2.176,Phone Activity,No,No,No,No,No,0
1500,29,Professional,Website,High,3,306,0.233,Email Activity,No,No,No,No,No,1
1501,53,Unemployed,Mobile App,High,4,2117,3.055,Website Activity,No,No,No,No,No,0
1502,46,Professional,Mobile App,Medium,2,366,0.181,Email Activity,No,No,No,No,No,0
1503,54,Unemployed,Website,Medium,1,95,3.765,Website Activity,No,No,Yes,No,No,0
1504,46,Professional,Mobile App,Medium,7,348,0.278,Email Activity,Yes,No,No,Yes,No,0
1505,18,Student,Website,Medium,8,317,3.883,Phone Activity,No,No,No,No,No,0
1506,59,Unemployed,Mobile App,High,3,1670,0.165,Email Activity,No,No,No,No,No,0
1507,62,Unemployed,Website,High,4,101,2.191,Phone Activity,No,No,No,Yes,No,1
1508,54,Professional,Website,High,3,113,3.924,Email Activity,No,No,No,No,No,0
1509,49,Professional,Mobile App,High,7,14,1.931,Phone Activity,No,No,No,Yes,Yes,0
1510,23,Student,Website,High,3,1850,2.013,Website Activity,No,No,No,No,No,1
1511,57,Professional,Mobile App,High,2,589,7.336,Phone Activity,No,No,No,No,No,0
1512,43,Unemployed,Mobile App,Medium,8,1659,1.998,Website Activity,No,No,No,No,No,1
1513,44,Professional,Mobile App,Medium,0,0,0,Email Activity,No,No,No,No,No,0
1514,57,Professional,Website,Medium,4,240,3.565,Email Activity,No,No,No,No,No,0
1515,60,Unemployed,Website,Low,7,114,3.646,Email Activity,No,No,No,Yes,No,0
1516,53,Unemployed,Website,High,3,670,5.454,Phone Activity,No,No,No,No,No,1
1517,52,Professional,Website,High,3,680,2.1,Website Activity,Yes,No,No,No,No,1
1518,57,Professional,Mobile App,Medium,5,495,2.022,Email Activity,No,No,No,No,No,0
1519,56,Professional,Website,High,1,2428,1.922,Website Activity,No,No,No,Yes,No,1
1520,22,Student,Website,Medium,4,345,2.103,Website Activity,No,No,No,Yes,No,0
1521,57,Professional,Mobile App,Medium,3,287,5.803,Email Activity,No,No,No,No,No,0
1522,31,Professional,Website,High,2,1,2.198,Phone Activity,No,No,No,No,No,0
1523,59,Professional,Website,Medium,2,562,2.061,Phone Activity,No,No,No,No,Yes,1
1524,59,Professional,Mobile App,High,6,2352,0.202,Email Activity,No,No,No,No,No,1
1525,57,Professional,Mobile App,High,11,2199,2.184,Email Activity,Yes,No,No,No,No,0
1526,22,Student,Mobile App,High,10,2358,2.238,Website Activity,No,No,No,No,No,0
1527,30,Professional,Website,High,6,391,3.552,Website Activity,No,No,No,No,No,1
1528,30,Professional,Mobile App,High,3,415,3.956,Email Activity,No,No,No,No,No,0
1529,46,Unemployed,Website,Medium,2,1,0.69,Phone Activity,No,No,No,No,No,0
1530,31,Professional,Mobile App,High,3,352,4.172,Email Activity,No,No,No,No,No,0
1531,58,Unemployed,Mobile App,High,1,411,1.411,Email Activity,No,No,No,No,No,0
1532,21,Student,Mobile App,High,5,1362,3.716,Phone Activity,No,No,No,No,No,0
1533,44,Professional,Mobile App,Medium,2,94,3.2,Email Activity,No,No,Yes,No,No,0
1534,59,Professional,Mobile App,Medium,0,0,0,Email Activity,No,No,No,No,No,0
1535,46,Professional,Mobile App,Medium,2,587,5.406,Email Activity,No,No,No,No,No,0
1536,23,Student,Website,Low,1,389,5.787,Email Activity,Yes,No,No,No,No,0
1537,49,Unemployed,Website,High,2,1,2.141,Phone Activity,No,No,No,No,No,1
1538,54,Professional,Website,Medium,6,361,3.089,Website Activity,No,No,No,Yes,No,0
1539,45,Professional,Website,Low,2,140,3.798,Email Activity,No,No,No,No,No,0
1540,39,Professional,Website,Medium,2,1302,2.991,Website Activity,No,No,No,No,No,1
1541,32,Unemployed,Mobile App,Medium,2,55,7.979,Phone Activity,No,No,No,No,No,0
1542,58,Professional,Mobile App,High,6,437,0.157,Website Activity,No,No,No,No,No,0
1543,32,Professional,Website,Medium,0,0,0,Email Activity,No,No,No,No,No,0
1544,61,Unemployed,Mobile App,Medium,5,162,4.257,Email Activity,No,No,No,No,No,0
1545,57,Professional,Mobile App,Medium,3,278,2.098,Email Activity,No,No,No,No,No,0
1546,44,Unemployed,Website,Medium,3,412,8.553,Email Activity,No,No,No,No,No,0
1547,21,Student,Mobile App,High,7,2433,4.353,Website Activity,No,No,Yes,No,No,0
1548,40,Professional,Website,High,5,1553,1.404,Website Activity,No,No,No,No,No,1
1549,59,Unemployed,Website,Medium,1,288,2.246,Email Activity,No,No,No,No,No,0
1550,56,Professional,Mobile App,High,7,567,1.563,Phone Activity,Yes,No,No,No,No,0
1551,52,Unemployed,Website,Low,5,42,3.495,Website Activity,No,No,No,No,No,0
1552,58,Unemployed,Mobile App,Medium,6,418,2.173,Email Activity,No,No,Yes,No,No,0
1553,55,Professional,Mobile App,High,1,261,5.438,Website Activity,No,No,No,No,No,0
1554,60,Professional,Website,High,1,2343,2.229,Website Activity,No,No,No,No,No,1
1555,42,Unemployed,Mobile App,High,1,88,2.765,Email Activity,No,No,No,No,No,0
1556,20,Student,Website,Medium,5,119,2.131,Phone Activity,No,No,No,No,No,0
1557,56,Professional,Website,Medium,4,184,2.057,Email Activity,No,No,No,No,No,0
1558,37,Professional,Mobile App,High,5,1,2.197,Phone Activity,No,No,No,No,No,0
1559,56,Unemployed,Mobile App,Medium,2,2529,2.077,Website Activity,Yes,No,No,No,No,1
1560,49,Professional,Mobile App,High,2,681,2.202,Website Activity,No,No,No,No,No,1
1561,38,Professional,Website,Medium,2,91,2.545,Email Activity,No,No,No,No,No,0
1562,47,Professional,Website,Medium,2,1832,3.658,Website Activity,No,No,No,No,No,1
1563,56,Unemployed,Website,Medium,2,481,0.357,Email Activity,No,No,No,No,No,1
1564,20,Student,Website,High,7,366,3.148,Website Activity,No,No,No,No,No,0
1565,23,Student,Mobile App,High,2,2233,2.139,Phone Activity,Yes,No,No,No,No,0
1566,52,Unemployed,Website,High,1,164,3.462,Email Activity,No,No,No,No,No,1
1567,52,Unemployed,Mobile App,High,5,344,3.202,Email Activity,No,Yes,No,No,No,0
1568,58,Professional,Mobile App,High,5,69,2.215,Phone Activity,No,No,No,No,No,0
1569,56,Unemployed,Website,High,6,2459,1.607,Phone Activity,No,No,No,No,Yes,1
1570,55,Professional,Mobile App,Medium,20,33,3.048,Phone Activity,Yes,No,No,No,No,0
1571,60,Unemployed,Mobile App,High,1,545,2.213,Email Activity,No,No,No,No,No,0
1572,33,Professional,Mobile App,Medium,4,39,2.224,Email Activity,No,No,No,No,No,0
1573,44,Professional,Mobile App,Medium,2,1235,0.268,Email Activity,No,No,No,No,No,0
1574,45,Unemployed,Mobile App,Medium,6,1801,2.075,Phone Activity,No,No,No,Yes,No,1
1575,21,Student,Website,Medium,2,246,1.909,Website Activity,No,Yes,No,No,No,0
1576,47,Unemployed,Website,High,1,2214,7.448,Email Activity,No,No,No,No,No,0
1577,60,Unemployed,Website,Medium,1,1996,2.22,Phone Activity,No,No,No,No,No,1
1578,19,Student,Mobile App,High,4,491,2.066,Email Activity,No,No,No,No,No,0
1579,41,Professional,Mobile App,Medium,5,1585,2.257,Email Activity,No,No,No,No,No,0
1580,19,Student,Website,High,4,300,3.124,Email Activity,No,No,No,No,No,0
1581,32,Professional,Mobile App,Medium,2,41,6.75,Email Activity,No,No,No,No,No,0
1582,57,Professional,Website,Medium,0,0,0,Email Activity,No,Yes,No,No,No,0
1583,40,Professional,Website,High,4,296,3.646,Phone Activity,No,No,No,No,No,0
1584,55,Unemployed,Website,High,7,1382,3.728,Phone Activity,No,No,No,No,No,1
1585,23,Student,Mobile App,High,2,70,3.485,Website Activity,No,No,No,No,No,0
1586,60,Unemployed,Website,Medium,2,285,3.614,Email Activity,No,Yes,No,No,No,0
1587,23,Student,Website,Medium,4,478,0.077,Email Activity,No,No,No,No,No,0
1588,62,Unemployed,Mobile App,Medium,5,115,5.482,Email Activity,No,No,No,No,No,0
1589,51,Unemployed,Mobile App,Medium,2,319,5.633,Phone Activity,No,No,No,Yes,No,0
1590,61,Unemployed,Website,Medium,10,2062,2.221,Email Activity,No,No,No,No,No,0
1591,47,Unemployed,Website,High,1,285,2.172,Phone Activity,Yes,No,No,No,No,0
1592,35,Professional,Mobile App,Medium,4,320,2.213,Phone Activity,No,No,No,No,No,0
1593,56,Professional,Mobile App,Medium,0,0,0,Phone Activity,No,No,No,No,No,0
1594,57,Professional,Website,High,2,174,2.1,Website Activity,No,No,No,Yes,No,1
1595,58,Unemployed,Mobile App,High,5,304,1.691,Phone Activity,No,No,No,No,No,0
1596,46,Professional,Mobile App,Medium,2,2192,3.293,Email Activity,No,No,No,No,No,0
1597,59,Professional,Mobile App,High,3,2315,3.546,Phone Activity,No,No,No,Yes,No,1
1598,36,Unemployed,Mobile App,Low,4,523,2.14,Website Activity,No,No,No,Yes,No,0
1599,60,Unemployed,Mobile App,High,5,1738,3.63,Phone Activity,No,No,No,No,No,0
1600,61,Unemployed,Website,Medium,4,1227,3.145,Website Activity,No,No,No,No,No,0
1601,56,Professional,Website,Medium,3,12,7.077,Email Activity,No,No,No,Yes,No,0
1602,23,Student,Mobile App,High,2,1653,2.091,Phone Activity,No,No,No,No,No,0
1603,31,Professional,Website,Medium,0,0,0,Phone Activity,No,No,No,Yes,No,0
1604,55,Professional,Mobile App,High,3,58,3.323,Phone Activity,Yes,No,Yes,No,No,0
1605,63,Unemployed,Mobile App,High,1,352,2.104,Email Activity,No,No,No,No,No,0
1606,30,Professional,Website,Medium,7,267,3.631,Website Activity,No,No,No,No,No,0
1607,42,Professional,Website,Medium,3,1279,2.053,Phone Activity,No,No,No,No,No,0
1608,47,Professional,Mobile App,High,7,337,3.715,Website Activity,No,No,No,No,No,0
1609,33,Unemployed,Mobile App,Medium,8,233,3.3,Email Activity,No,No,No,No,No,0
1610,59,Unemployed,Website,High,3,208,2.208,Email Activity,No,No,No,Yes,No,0
1611,56,Professional,Mobile App,High,1,2236,2.212,Website Activity,No,No,No,No,No,0
1612,58,Professional,Website,High,5,1804,3.482,Phone Activity,No,No,No,No,No,1
1613,40,Unemployed,Mobile App,High,3,1286,0.089,Email Activity,No,No,No,No,No,0
1614,58,Professional,Mobile App,High,1,50,2.179,Email Activity,No,No,No,Yes,No,0
1615,59,Professional,Website,Medium,2,318,3.919,Phone Activity,No,No,Yes,Yes,No,0
1616,32,Professional,Mobile App,High,2,279,8.35,Email Activity,No,No,No,Yes,No,0
1617,59,Professional,Mobile App,High,10,343,3.275,Website Activity,No,No,Yes,No,No,0
1618,55,Professional,Website,High,2,55,2.091,Email Activity,Yes,No,No,No,No,0
1619,57,Unemployed,Mobile App,Medium,4,670,3.475,Website Activity,No,Yes,No,No,No,0
1620,20,Student,Website,Medium,0,0,0,Email Activity,No,No,No,No,No,0
1621,59,Professional,Website,Medium,7,83,3.336,Email Activity,No,No,No,No,No,0
1622,57,Professional,Website,Medium,7,385,8.201,Phone Activity,No,No,Yes,Yes,No,0
1623,57,Unemployed,Mobile App,Medium,2,72,8.605,Email Activity,No,No,No,No,No,0
1624,60,Unemployed,Website,High,4,531,3.425,Email Activity,No,No,No,No,No,1
1625,33,Unemployed,Mobile App,Medium,7,328,2.139,Phone Activity,No,No,No,No,No,0
1626,62,Unemployed,Website,Medium,7,417,6.683,Website Activity,No,No,No,No,No,0
1627,58,Professional,Mobile App,Medium,2,411,3.347,Email Activity,No,No,No,No,No,0
1628,55,Professional,Website,High,2,337,3.767,Phone Activity,No,No,No,No,No,1
1629,58,Professional,Website,High,4,175,3.886,Email Activity,No,No,Yes,No,No,0
1630,40,Professional,Website,Medium,2,59,2.952,Email Activity,No,No,No,No,No,0
1631,59,Professional,Website,High,1,2003,2.189,Email Activity,Yes,No,No,No,No,1
1632,60,Professional,Mobile App,High,6,2154,2.055,Email Activity,No,No,No,No,No,0
1633,34,Professional,Website,Medium,5,299,2.132,Email Activity,No,No,No,No,No,0
1634,46,Unemployed,Mobile App,High,3,43,3.166,Website Activity,No,No,No,Yes,No,0
1635,23,Student,Mobile App,High,3,256,3.858,Email Activity,No,No,Yes,No,No,0
1636,43,Professional,Mobile App,Medium,2,207,3.853,Phone Activity,No,No,No,Yes,No,0
1637,58,Unemployed,Mobile App,Medium,1,1470,3.235,Email Activity,No,Yes,No,No,No,0
1638,34,Professional,Website,High,8,2326,5.697,Email Activity,No,No,Yes,No,No,1
1639,57,Professional,Website,Medium,0,0,0,Email Activity,Yes,No,No,No,No,0
1640,59,Unemployed,Mobile App,High,3,419,2.061,Email Activity,No,No,No,No,No,0
1641,50,Unemployed,Website,High,1,244,2.244,Email Activity,No,No,No,No,No,1
1642,25,Professional,Mobile App,High,1,645,5.742,Website Activity,No,No,No,No,No,0
1643,19,Student,Mobile App,Medium,4,370,3.107,Email Activity,No,No,No,No,No,0
1644,53,Professional,Website,Medium,5,9,3.453,Email Activity,No,No,No,Yes,No,0
1645,37,Unemployed,Mobile App,Medium,4,599,2.933,Email Activity,No,No,No,No,No,0
1646,56,Unemployed,Mobile App,Medium,2,212,5.56,Website Activity,No,No,No,No,No,0
1647,20,Student,Website,Medium,4,710,2.931,Phone Activity,No,No,No,No,No,0
1648,21,Student,Website,High,2,1,2.214,Email Activity,Yes,No,No,No,No,0
1649,48,Professional,Mobile App,High,9,270,3.296,Email Activity,No,No,No,No,No,0
1650,59,Professional,Mobile App,High,4,76,2.15,Email Activity,No,No,No,No,No,0
1651,59,Professional,Website,Medium,5,2169,3.125,Website Activity,No,No,No,No,No,0
1652,35,Professional,Website,High,3,1704,2.185,Email Activity,No,No,Yes,No,No,1
1653,36,Unemployed,Mobile App,High,1,328,3.369,Email Activity,No,No,No,No,No,0
1654,34,Professional,Website,Low,1,867,3.68,Website Activity,No,Yes,No,Yes,No,0
1655,60,Professional,Website,High,5,43,3.331,Email Activity,No,No,Yes,No,No,1
1656,59,Professional,Mobile App,Medium,3,379,2.163,Phone Activity,Yes,No,No,No,No,0
1657,57,Unemployed,Website,High,1,1437,2.245,Website Activity,No,No,No,No,No,1
1658,59,Professional,Mobile App,High,3,143,1.965,Email Activity,No,No,Yes,No,No,0
1659,56,Professional,Mobile App,Medium,0,0,0,Email Activity,No,No,No,No,No,0
1660,59,Professional,Mobile App,Medium,2,265,3.884,Email Activity,No,No,No,No,No,0
1661,59,Professional,Mobile App,High,1,449,3.257,Website Activity,No,No,No,No,No,1
1662,49,Professional,Mobile App,High,4,383,2.189,Email Activity,No,No,No,No,No,0
1663,55,Professional,Mobile App,Medium,1,170,0.184,Email Activity,No,No,Yes,No,No,0
1664,37,Unemployed,Mobile App,Medium,7,1098,5.402,Website Activity,No,No,No,No,No,1
1665,33,Unemployed,Website,Low,5,60,7.652,Email Activity,No,No,No,Yes,No,0
1666,21,Student,Mobile App,High,1,57,2.044,Phone Activity,No,No,No,No,No,0
1667,56,Professional,Website,Medium,2,76,1.447,Email Activity,No,No,No,No,No,0
1668,51,Professional,Mobile App,High,2,258,6.601,Email Activity,No,No,No,No,No,0
1669,60,Professional,Website,High,6,160,3.112,Email Activity,No,No,No,No,No,1
1670,37,Professional,Website,Medium,10,343,3.637,Phone Activity,No,No,No,No,No,0
1671,32,Unemployed,Website,High,2,148,2.268,Website Activity,No,No,No,No,No,0
1672,35,Unemployed,Mobile App,Medium,7,80,3.232,Phone Activity,No,No,No,No,No,0
1673,31,Professional,Mobile App,Low,15,1,3.872,Phone Activity,No,No,No,No,No,0
1674,32,Unemployed,Website,High,4,116,3.307,Email Activity,No,No,No,Yes,No,0
1675,56,Unemployed,Mobile App,High,8,1810,3.72,Email Activity,No,Yes,No,No,No,0
1676,56,Professional,Mobile App,Medium,0,0,0,Phone Activity,No,No,No,No,No,0
1677,53,Professional,Mobile App,High,2,199,4.245,Email Activity,No,No,Yes,Yes,No,0
1678,51,Professional,Mobile App,High,1,427,2,Email Activity,No,No,No,No,No,0
1679,23,Student,Mobile App,Medium,1,313,2.2,Website Activity,Yes,Yes,No,Yes,No,0
1680,32,Unemployed,Mobile App,High,0,0,0,Email Activity,No,No,No,No,No,0
1681,24,Student,Website,High,2,401,2.653,Email Activity,No,No,No,Yes,No,0
1682,32,Unemployed,Mobile App,Medium,2,1949,5.493,Email Activity,Yes,No,No,No,No,0
1683,59,Professional,Website,High,3,2394,2.041,Email Activity,No,No,No,No,Yes,1
1684,22,Student,Mobile App,High,4,414,1.943,Phone Activity,No,No,No,No,No,0
1685,59,Unemployed,Mobile App,Medium,5,225,0.21,Email Activity,No,No,No,No,No,0
1686,60,Professional,Mobile App,Medium,2,99,0.276,Email Activity,No,No,No,No,No,0
1687,42,Professional,Mobile App,Medium,1,211,1.413,Email Activity,Yes,No,No,No,No,0
1688,59,Unemployed,Website,High,14,313,5.624,Email Activity,No,No,No,No,No,0
1689,49,Professional,Mobile App,Medium,4,682,5.589,Phone Activity,No,No,No,No,No,0
1690,60,Unemployed,Website,Medium,5,302,5.673,Email Activity,No,No,No,No,No,0
1691,44,Professional,Mobile App,High,2,387,3.694,Phone Activity,No,No,No,Yes,No,0
1692,53,Professional,Website,High,13,284,3.32,Email Activity,No,Yes,Yes,No,No,1
1693,59,Professional,Mobile App,Medium,1,1291,3.644,Email Activity,No,Yes,No,No,No,1
1694,54,Professional,Mobile App,Medium,2,346,1.951,Email Activity,No,No,No,No,No,0
1695,50,Professional,Mobile App,High,6,64,3.209,Website Activity,No,No,No,No,No,0
1696,24,Student,Website,High,1,578,2.114,Email Activity,No,No,Yes,No,No,1
1697,58,Professional,Website,High,4,74,4.944,Phone Activity,No,No,No,Yes,No,1
1698,46,Unemployed,Website,High,1,170,2.125,Email Activity,Yes,No,No,No,No,1
1699,23,Student,Mobile App,High,3,2339,2.25,Email Activity,No,No,No,No,No,0
1700,51,Professional,Website,High,2,352,2.28,Phone Activity,No,No,No,No,No,0
1701,57,Professional,Website,Medium,2,127,5.793,Phone Activity,No,No,No,No,No,0
1702,21,Student,Mobile App,High,2,1918,2.22,Phone Activity,Yes,No,No,No,No,0
1703,60,Unemployed,Mobile App,High,3,726,3.82,Email Activity,No,No,No,No,No,1
1704,60,Professional,Website,High,1,209,0.172,Email Activity,No,No,No,No,No,1
1705,41,Unemployed,Mobile App,High,3,1656,1.953,Website Activity,No,No,Yes,No,No,0
1706,56,Professional,Website,Medium,1,2065,7.534,Website Activity,No,Yes,No,Yes,No,1
1707,48,Professional,Mobile App,High,6,353,2.108,Email Activity,Yes,No,No,No,No,0
1708,45,Professional,Mobile App,High,0,0,0,Email Activity,No,No,No,No,No,0
1709,59,Professional,Website,High,2,2307,0.122,Email Activity,No,No,Yes,No,No,1
1710,49,Professional,Website,High,7,352,4.434,Phone Activity,No,No,No,No,No,1
1711,48,Unemployed,Website,Medium,5,1135,2.195,Phone Activity,No,Yes,No,Yes,No,0
1712,60,Professional,Website,High,3,1361,1.145,Phone Activity,No,No,No,No,No,0
1713,53,Unemployed,Mobile App,Medium,2,310,3.398,Phone Activity,No,No,No,No,No,0
1714,44,Unemployed,Website,Medium,5,2237,0.23,Phone Activity,No,No,Yes,No,No,0
1715,38,Unemployed,Website,High,6,169,8.384,Phone Activity,No,No,No,No,No,0
1716,57,Professional,Website,High,2,374,4.115,Email Activity,No,No,No,No,No,0
1717,32,Unemployed,Mobile App,High,3,447,6.547,Website Activity,No,No,No,No,No,1
1718,49,Professional,Website,Medium,6,342,2.18,Email Activity,No,No,Yes,No,No,0
1719,52,Professional,Website,Medium,8,35,2.193,Email Activity,No,No,No,No,No,0
1720,47,Professional,Website,Medium,1,26,7.478,Email Activity,No,No,No,No,No,0
1721,51,Professional,Website,Medium,2,1996,2.168,Email Activity,No,No,No,No,No,1
1722,55,Unemployed,Website,Medium,2,1334,8.103,Email Activity,No,Yes,No,No,No,0
1723,32,Professional,Website,High,2,437,2.116,Email Activity,No,No,No,No,No,1
1724,58,Professional,Website,Medium,5,53,5.577,Email Activity,Yes,No,No,No,No,0
1725,26,Professional,Mobile App,Medium,0,0,0,Email Activity,No,No,No,Yes,No,0
1726,44,Unemployed,Mobile App,Medium,5,377,2.071,Email Activity,No,No,No,No,No,0
1727,58,Professional,Mobile App,Medium,1,229,4.295,Website Activity,No,No,No,No,No,0
1728,41,Professional,Website,High,8,2295,4.954,Email Activity,No,No,No,Yes,No,1
1729,32,Unemployed,Website,Medium,9,102,3.533,Website Activity,No,No,No,Yes,No,0
1730,30,Professional,Mobile App,Medium,1,42,1.826,Website Activity,No,No,No,No,No,0
1731,47,Professional,Website,High,3,1610,1.972,Email Activity,No,No,No,No,No,1
1732,22,Student,Mobile App,High,3,169,6.16,Email Activity,Yes,No,No,No,No,0
1733,56,Professional,Website,High,5,38,2.964,Website Activity,No,No,No,No,No,0
1734,58,Unemployed,Website,Medium,1,1906,2.099,Email Activity,No,No,No,No,No,0
1735,57,Professional,Website,Medium,2,58,8.431,Phone Activity,No,No,No,Yes,No,0
1736,50,Unemployed,Website,High,3,76,0.163,Phone Activity,No,No,No,No,No,0
1737,57,Professional,Website,High,8,1891,2.158,Website Activity,No,No,No,No,No,1
1738,33,Professional,Mobile App,High,2,83,3.625,Website Activity,No,No,No,No,No,0
1739,49,Professional,Website,Medium,9,1721,5.204,Email Activity,No,Yes,No,No,No,1
1740,55,Unemployed,Website,High,2,85,5.569,Phone Activity,No,No,No,No,No,0
1741,58,Professional,Mobile App,High,2,1703,0.042,Email Activity,No,No,No,No,No,0
1742,43,Professional,Mobile App,Medium,3,772,2.241,Email Activity,No,No,No,No,No,0
1743,21,Student,Website,High,1,55,2.146,Website Activity,No,No,No,No,Yes,1
1744,57,Professional,Mobile App,Medium,1,2500,3.476,Website Activity,No,No,No,No,No,0
1745,60,Unemployed,Website,Medium,2,644,5.454,Email Activity,No,No,No,Yes,No,0
1746,42,Unemployed,Website,Medium,1,499,3.202,Website Activity,No,No,No,No,No,0
1747,57,Professional,Mobile App,High,2,1854,8.218,Website Activity,No,No,No,No,No,0
1748,19,Student,Website,High,5,1490,5.516,Website Activity,No,No,Yes,No,No,0
1749,58,Professional,Mobile App,Medium,7,27,5.032,Phone Activity,No,No,No,No,No,0
1750,51,Unemployed,Website,Medium,5,1,5.375,Website Activity,No,No,No,No,No,0
1751,59,Professional,Website,High,3,369,10.67,Website Activity,No,No,No,No,No,0
1752,54,Professional,Website,Medium,2,328,2.126,Phone Activity,No,No,No,No,No,0
1753,42,Professional,Mobile App,High,2,1,8.895,Website Activity,No,No,No,No,No,0
1754,20,Student,Mobile App,High,5,721,10.808,Email Activity,No,No,No,No,No,1
1755,57,Unemployed,Website,High,8,90,2.168,Phone Activity,No,No,No,No,No,1
1756,56,Professional,Mobile App,Medium,1,694,1.941,Phone Activity,Yes,No,No,Yes,No,0
1757,48,Unemployed,Website,High,4,314,2.192,Email Activity,No,No,No,No,No,1
1758,32,Unemployed,Website,Medium,2,676,2.171,Email Activity,No,No,Yes,No,No,0
1759,59,Unemployed,Website,High,2,1540,3.39,Email Activity,Yes,No,No,No,No,0
1760,20,Student,Website,High,27,417,2.071,Email Activity,No,No,No,No,No,0
1761,34,Unemployed,Website,Medium,4,1862,3.221,Email Activity,No,No,No,No,No,1
1762,54,Professional,Website,High,2,1397,2.218,Email Activity,No,No,Yes,No,No,1
1763,58,Professional,Mobile App,High,2,366,5.202,Phone Activity,Yes,No,No,No,No,0
1764,20,Student,Mobile App,Medium,4,175,7.265,Email Activity,No,No,No,No,Yes,1
1765,59,Unemployed,Mobile App,Medium,2,1776,3.733,Email Activity,No,No,No,No,No,0
1766,32,Unemployed,Mobile App,High,15,232,3.616,Phone Activity,No,No,No,No,No,0
1767,48,Professional,Mobile App,High,5,96,2.061,Website Activity,Yes,No,No,No,No,0
1768,50,Professional,Website,Medium,8,64,2.661,Phone Activity,No,No,No,No,No,0
1769,50,Unemployed,Website,Medium,5,462,2.049,Phone Activity,No,No,No,No,No,0
1770,61,Unemployed,Website,High,4,49,2.189,Email Activity,No,No,No,No,No,1
1771,28,Professional,Website,High,1,2274,0.26,Email Activity,No,No,No,No,No,1
1772,59,Unemployed,Website,Medium,6,60,0.125,Email Activity,No,No,No,No,No,0
1773,19,Student,Website,High,1,610,3.769,Website Activity,No,No,Yes,Yes,Yes,1
1774,19,Student,Website,High,1,335,3.538,Email Activity,No,No,No,No,No,0
1775,44,Unemployed,Mobile App,Medium,4,1275,3.382,Website Activity,No,No,No,No,No,0
1776,32,Unemployed,Website,Medium,4,1321,4.864,Website Activity,No,No,No,Yes,No,1
1777,21,Student,Website,High,5,1244,2.834,Email Activity,No,No,No,No,No,0
1778,59,Professional,Mobile App,High,6,640,2.182,Email Activity,Yes,No,No,No,No,0
1779,36,Professional,Website,Low,3,277,0.298,Phone Activity,No,No,No,No,No,0
1780,58,Professional,Website,Medium,3,111,2.108,Phone Activity,No,No,No,No,No,0
1781,41,Professional,Mobile App,High,2,2206,3.267,Email Activity,No,No,No,No,No,1
1782,48,Professional,Website,Medium,6,2422,3.485,Email Activity,No,No,Yes,Yes,No,1
1783,57,Professional,Website,High,6,553,1.936,Email Activity,No,No,No,No,No,1
1784,60,Professional,Website,High,4,16,3.087,Phone Activity,Yes,No,No,No,No,0
1785,38,Professional,Mobile App,Medium,8,335,1.7,Email Activity,No,No,No,Yes,No,0
1786,23,Student,Website,High,7,1675,2.231,Email Activity,No,No,No,No,No,1
1787,43,Professional,Mobile App,Medium,5,684,3.841,Phone Activity,No,No,No,No,No,0
1788,59,Professional,Mobile App,Medium,2,305,2.103,Email Activity,No,No,No,No,No,0
1789,55,Unemployed,Website,Medium,12,960,2.245,Website Activity,No,No,No,No,Yes,1
1790,40,Professional,Mobile App,High,5,1038,3.369,Email Activity,No,No,No,No,No,0
1791,55,Professional,Website,High,2,112,3.334,Phone Activity,No,No,No,No,No,0
1792,57,Professional,Mobile App,Medium,6,1600,0.237,Website Activity,No,No,No,No,No,0
1793,20,Student,Website,Medium,5,49,5.682,Email Activity,No,No,No,No,No,0
1794,54,Professional,Mobile App,Medium,7,245,2.278,Email Activity,No,No,Yes,No,No,0
1795,57,Professional,Mobile App,Medium,5,586,3.349,Email Activity,No,No,Yes,No,No,0
1796,32,Unemployed,Mobile App,Medium,7,50,2.192,Email Activity,No,No,No,No,No,0
1797,56,Unemployed,Website,Medium,7,2409,3.376,Email Activity,No,No,No,No,No,0
1798,63,Unemployed,Mobile App,High,1,69,2.627,Email Activity,Yes,Yes,No,No,No,0
1799,50,Professional,Mobile App,High,7,281,0.198,Website Activity,Yes,No,No,No,No,0
1800,20,Student,Website,High,3,425,3.488,Email Activity,Yes,No,No,No,No,1
1801,35,Professional,Mobile App,High,3,43,0.249,Website Activity,No,No,No,No,No,0
1802,36,Unemployed,Website,Medium,0,0,0,Phone Activity,No,No,No,No,No,0
1803,51,Unemployed,Website,Low,4,196,3.406,Email Activity,No,No,No,No,No,0
1804,58,Professional,Website,Medium,6,576,3.779,Email Activity,No,No,No,No,No,1
1805,57,Professional,Mobile App,High,3,430,0.283,Website Activity,No,No,No,No,No,1
1806,54,Professional,Website,High,1,287,2.121,Website Activity,No,No,No,No,No,1
1807,18,Student,Website,High,1,369,2.056,Email Activity,No,No,No,No,No,0
1808,55,Professional,Website,High,6,57,3.969,Phone Activity,No,No,No,No,No,1
1809,41,Professional,Mobile App,Medium,2,69,3.448,Email Activity,No,No,No,No,No,0
1810,56,Professional,Mobile App,High,2,1291,5.514,Email Activity,Yes,No,No,Yes,No,0
1811,44,Professional,Mobile App,Medium,6,402,3.676,Phone Activity,No,Yes,Yes,Yes,No,0
1812,18,Student,Website,Medium,10,614,2.158,Phone Activity,No,No,No,No,No,0
1813,51,Professional,Website,High,4,52,0.263,Website Activity,No,No,No,No,No,0
1814,48,Professional,Mobile App,Medium,2,380,5.474,Phone Activity,No,No,No,No,No,0
1815,46,Professional,Website,High,3,239,0.318,Website Activity,No,Yes,No,No,No,1
1816,59,Professional,Website,Medium,3,1725,2.159,Website Activity,No,No,No,No,No,1
1817,32,Unemployed,Mobile App,High,3,521,1.7,Phone Activity,No,No,No,No,No,0
1818,56,Professional,Mobile App,Medium,5,325,5.248,Website Activity,No,No,No,No,No,0
1819,36,Unemployed,Mobile App,Medium,4,227,2.185,Email Activity,Yes,No,No,No,No,0
1820,57,Professional,Website,Medium,2,328,0.114,Email Activity,No,No,No,No,No,0
1821,34,Unemployed,Website,High,4,288,0.188,Phone Activity,No,No,No,No,No,1
1822,22,Student,Website,Medium,2,497,3.576,Email Activity,Yes,No,Yes,Yes,No,0
1823,56,Professional,Mobile App,Medium,2,574,3.932,Website Activity,No,No,No,No,No,0
1824,33,Unemployed,Mobile App,High,3,2387,3.604,Email Activity,No,Yes,No,No,No,1
1825,52,Professional,Website,High,5,402,2.175,Email Activity,Yes,No,No,Yes,No,1
1826,58,Professional,Website,High,2,238,3.619,Phone Activity,Yes,No,No,No,No,1
1827,32,Unemployed,Website,Medium,1,93,3.398,Email Activity,No,No,No,No,No,0
1828,55,Unemployed,Mobile App,High,2,1559,2.098,Email Activity,No,No,No,No,No,0
1829,18,Student,Mobile App,High,1,411,2.232,Website Activity,No,No,No,No,No,0
1830,41,Professional,Website,Medium,3,2007,5.395,Website Activity,No,No,No,No,No,0
1831,45,Professional,Website,High,2,2028,2.114,Email Activity,No,No,Yes,No,No,1
1832,32,Unemployed,Website,High,2,2450,2.439,Website Activity,No,No,No,No,No,1
1833,60,Unemployed,Mobile App,Medium,1,341,4.405,Email Activity,No,No,No,Yes,No,0
1834,50,Professional,Mobile App,Medium,1,303,2.124,Website Activity,No,No,No,No,No,0
1835,32,Professional,Website,High,2,623,2.155,Email Activity,No,No,No,No,No,1
1836,42,Unemployed,Website,Low,1,173,5.267,Email Activity,No,No,Yes,No,No,0
1837,60,Unemployed,Website,Medium,5,541,3.756,Website Activity,No,No,No,No,No,1
1838,59,Professional,Mobile App,Medium,11,1868,3.615,Email Activity,No,No,No,No,No,0
1839,20,Student,Website,Medium,1,1058,0.178,Email Activity,No,No,No,No,No,0
1840,45,Professional,Mobile App,Medium,8,427,3.198,Website Activity,No,No,No,No,No,1
1841,30,Professional,Website,High,0,0,0,Email Activity,No,Yes,No,No,No,0
1842,61,Unemployed,Website,High,1,296,7.825,Email Activity,No,No,No,No,No,0
1843,60,Unemployed,Mobile App,High,1,27,3.036,Phone Activity,No,No,No,No,No,0
1844,57,Professional,Mobile App,High,2,203,3.948,Email Activity,No,No,Yes,No,No,0
1845,51,Professional,Mobile App,High,2,1963,2.138,Email Activity,No,No,No,No,No,0
1846,58,Professional,Mobile App,High,2,1996,2.269,Email Activity,No,Yes,No,Yes,Yes,1
1847,58,Professional,Website,Medium,2,299,2.193,Website Activity,No,No,No,No,No,0
1848,62,Unemployed,Mobile App,Medium,8,412,3.001,Phone Activity,No,No,No,No,No,0
1849,46,Professional,Mobile App,High,3,618,3.325,Phone Activity,No,No,No,No,No,0
1850,58,Professional,Website,High,6,64,2.256,Email Activity,No,No,Yes,No,No,1
1851,23,Student,Mobile App,Medium,2,1762,2.682,Email Activity,No,No,No,No,No,0
1852,21,Student,Mobile App,Medium,15,94,4.137,Website Activity,No,No,No,No,No,0
1853,23,Student,Mobile App,High,1,412,3.255,Phone Activity,No,No,No,No,No,0
1854,50,Professional,Mobile App,High,7,416,5.185,Email Activity,No,No,No,No,No,0
1855,35,Professional,Mobile App,High,3,2299,2.227,Email Activity,No,No,No,No,No,1
1856,52,Professional,Mobile App,Medium,8,265,3.727,Email Activity,No,No,No,No,No,0
1857,42,Professional,Mobile App,Medium,6,253,2.055,Email Activity,Yes,No,No,No,No,0
1858,57,Unemployed,Mobile App,High,5,674,3.859,Phone Activity,No,No,No,No,No,0
1859,18,Student,Website,Medium,0,0,0,Email Activity,No,No,No,No,No,0
1860,57,Professional,Website,High,3,416,0.112,Website Activity,No,No,No,No,No,1
1861,39,Unemployed,Website,High,2,29,8.209,Email Activity,No,No,No,No,No,0
1862,57,Professional,Mobile App,Medium,2,448,3.572,Website Activity,No,Yes,No,No,No,1
1863,34,Unemployed,Website,Medium,3,187,2.79,Email Activity,No,No,No,No,No,0
1864,54,Professional,Mobile App,High,4,48,0.247,Website Activity,Yes,No,No,Yes,Yes,0
1865,39,Professional,Mobile App,High,1,1012,3.647,Email Activity,No,No,No,Yes,No,1
1866,43,Unemployed,Mobile App,High,4,355,2.047,Email Activity,Yes,No,No,Yes,No,0
1867,52,Professional,Mobile App,Medium,1,277,2.101,Email Activity,No,No,No,Yes,No,0
1868,59,Unemployed,Mobile App,High,11,70,0.245,Phone Activity,No,No,Yes,No,No,0
1869,57,Professional,Mobile App,Medium,2,295,1.943,Email Activity,No,No,No,No,No,0
1870,49,Unemployed,Website,Medium,4,1840,2.251,Email Activity,No,No,No,No,No,0
1871,51,Professional,Website,Medium,7,231,2.687,Email Activity,No,Yes,No,No,No,0
1872,32,Unemployed,Website,High,2,2087,3.145,Phone Activity,No,No,No,No,No,1
1873,48,Professional,Mobile App,High,10,325,3.861,Phone Activity,No,No,No,Yes,No,0
1874,55,Professional,Website,Medium,2,1635,2.123,Email Activity,No,No,No,No,No,1
1875,32,Unemployed,Mobile App,Medium,3,1860,3.136,Email Activity,No,Yes,No,No,No,1
1876,56,Unemployed,Website,Medium,8,13,2.104,Website Activity,No,No,No,No,No,0
1877,58,Professional,Website,High,4,648,3.199,Email Activity,No,No,No,No,No,1
1878,54,Professional,Mobile App,Medium,2,2155,5.541,Phone Activity,No,No,No,No,No,0
1879,43,Unemployed,Mobile App,High,1,1264,0.24,Email Activity,No,No,No,No,No,0
1880,41,Professional,Website,High,2,2184,2.082,Email Activity,No,No,No,No,No,1
1881,58,Professional,Mobile App,Medium,3,406,2.095,Phone Activity,No,No,No,No,No,0
1882,60,Professional,Website,Medium,6,330,3.765,Email Activity,No,No,No,Yes,No,0
1883,58,Unemployed,Website,Medium,6,585,3.139,Email Activity,No,No,No,No,No,1
1884,58,Professional,Website,High,5,2437,3.351,Email Activity,No,No,No,No,No,1
1885,57,Unemployed,Mobile App,High,8,398,2.075,Email Activity,No,No,No,No,No,0
1886,57,Professional,Mobile App,Low,2,260,2.256,Website Activity,No,No,Yes,No,No,0
1887,32,Unemployed,Website,Medium,4,542,3.049,Email Activity,Yes,No,No,No,No,0
1888,57,Professional,Mobile App,High,3,559,3.47,Email Activity,No,No,No,No,No,1
1889,56,Unemployed,Mobile App,High,9,1887,2.196,Email Activity,No,No,No,No,No,0
1890,59,Professional,Website,High,2,86,1.958,Website Activity,No,No,No,No,No,1
1891,49,Unemployed,Website,High,7,369,3.68,Email Activity,No,No,Yes,No,No,0
1892,43,Professional,Mobile App,High,8,1351,4.842,Email Activity,No,Yes,No,No,Yes,1
1893,59,Professional,Mobile App,Medium,1,49,5.183,Website Activity,No,No,No,No,No,0
1894,57,Professional,Website,Medium,2,405,1.682,Email Activity,Yes,No,No,No,No,0
1895,33,Professional,Website,Medium,7,280,2.247,Website Activity,No,No,No,No,No,0
1896,59,Professional,Website,High,2,1485,5.546,Email Activity,No,No,No,No,No,1
1897,54,Professional,Mobile App,Medium,4,1879,2.168,Website Activity,Yes,No,No,No,No,0
1898,53,Professional,Website,High,1,327,2.096,Phone Activity,No,No,No,Yes,No,1
1899,59,Professional,Website,High,4,1470,0.063,Email Activity,Yes,No,No,No,No,1
1900,30,Professional,Mobile App,High,2,252,0.285,Website Activity,Yes,No,Yes,No,No,0
1901,59,Unemployed,Website,Medium,3,1688,4.207,Phone Activity,No,No,No,No,No,0
1902,59,Professional,Website,Medium,2,2239,3.835,Email Activity,No,No,Yes,No,No,1
1903,47,Professional,Mobile App,Medium,7,41,0.046,Email Activity,Yes,No,Yes,Yes,No,0
1904,55,Professional,Website,Medium,0,0,0,Email Activity,Yes,Yes,No,No,No,0
1905,57,Professional,Mobile App,High,3,358,2.097,Email Activity,No,No,No,No,No,0
1906,35,Professional,Mobile App,High,6,403,2.159,Email Activity,No,No,No,No,No,0
1907,57,Unemployed,Mobile App,Medium,3,357,2.819,Website Activity,No,No,No,No,No,0
1908,31,Professional,Website,High,0,0,0,Email Activity,No,No,No,No,No,1
1909,32,Unemployed,Mobile App,Medium,1,2319,0.178,Email Activity,No,No,No,No,No,1
1910,24,Student,Mobile App,Medium,2,372,2.111,Website Activity,No,No,No,No,No,0
1911,57,Professional,Mobile App,Medium,2,397,3.711,Website Activity,Yes,No,No,No,No,0
1912,56,Professional,Mobile App,Medium,2,60,5.595,Email Activity,Yes,No,No,No,No,0
1913,55,Professional,Website,Low,1,1,0.252,Website Activity,No,No,No,Yes,No,0
1914,58,Unemployed,Mobile App,High,1,1,3.613,Email Activity,No,No,No,No,No,0
1915,56,Unemployed,Website,Medium,7,1068,3.556,Phone Activity,Yes,No,No,Yes,No,0
1916,48,Professional,Website,Medium,1,53,3.782,Email Activity,No,No,No,No,No,0
1917,18,Student,Website,High,5,95,4.322,Website Activity,No,No,No,Yes,No,0
1918,62,Unemployed,Website,Low,8,350,3.604,Email Activity,No,No,No,No,No,1
1919,32,Professional,Website,High,5,1852,4.338,Email Activity,No,No,No,No,No,1
1920,55,Unemployed,Mobile App,High,13,1980,2.515,Phone Activity,No,No,Yes,No,No,0
1921,59,Unemployed,Website,Medium,3,1465,0.955,Email Activity,No,No,No,No,No,0
1922,22,Student,Mobile App,High,4,42,3.774,Phone Activity,No,No,No,Yes,No,0
1923,47,Professional,Website,High,1,1517,5.683,Email Activity,No,No,No,No,No,1
1924,44,Professional,Website,Medium,4,667,2.257,Phone Activity,No,No,No,No,No,0
1925,48,Professional,Mobile App,High,0,0,0,Phone Activity,Yes,No,Yes,No,No,0
1926,19,Student,Mobile App,Medium,1,51,3.089,Website Activity,No,No,No,No,No,0
1927,56,Professional,Website,High,2,710,3.831,Website Activity,No,No,No,No,No,1
1928,52,Unemployed,Mobile App,Medium,8,390,2.213,Phone Activity,No,No,No,Yes,No,0
1929,56,Professional,Website,High,2,605,2.632,Website Activity,No,No,No,No,No,1
1930,20,Student,Website,Medium,4,1262,3.379,Email Activity,No,No,No,No,No,0
1931,43,Unemployed,Mobile App,Medium,6,401,0.207,Website Activity,No,No,No,No,No,0
1932,21,Student,Website,High,6,1741,2.111,Phone Activity,No,No,No,No,No,0
1933,29,Professional,Website,Medium,1,356,2.061,Phone Activity,No,No,No,No,No,0
1934,56,Professional,Website,Medium,25,678,3.804,Email Activity,No,No,No,No,No,1
1935,34,Professional,Website,High,6,423,3.762,Email Activity,No,No,No,No,No,1
1936,40,Professional,Website,High,4,383,2.236,Email Activity,No,No,No,No,No,0
1937,60,Unemployed,Mobile App,Medium,5,366,3.217,Website Activity,No,No,No,No,No,0
1938,23,Student,Mobile App,High,2,41,0.302,Email Activity,No,No,No,No,No,0
1939,45,Unemployed,Mobile App,High,6,490,2.013,Phone Activity,Yes,No,No,No,No,0
1940,58,Unemployed,Mobile App,Medium,2,221,3.573,Website Activity,No,No,No,Yes,No,0
1941,52,Professional,Website,High,3,2113,2.229,Website Activity,No,No,No,No,Yes,1
1942,27,Professional,Mobile App,Medium,1,1225,5.436,Website Activity,No,No,No,No,No,1
1943,59,Professional,Website,High,1,244,3.263,Email Activity,No,No,No,No,No,1
1944,41,Professional,Mobile App,Medium,2,134,2.086,Email Activity,No,No,No,No,No,0
1945,32,Unemployed,Mobile App,High,2,654,0.221,Phone Activity,No,No,No,Yes,No,0
1946,57,Professional,Website,High,6,30,3.258,Website Activity,No,No,No,No,No,1
1947,58,Professional,Website,Medium,1,413,3.329,Email Activity,No,No,No,No,No,0
1948,53,Professional,Mobile App,High,4,55,1.984,Email Activity,No,No,No,No,No,0
1949,23,Student,Website,Medium,2,83,3.727,Email Activity,No,No,No,No,No,0
1950,32,Unemployed,Website,Medium,6,245,1.937,Email Activity,Yes,No,No,Yes,No,0
1951,31,Professional,Website,Medium,2,585,4.911,Phone Activity,No,No,No,No,No,0
1952,59,Professional,Website,Medium,11,2120,2.28,Website Activity,No,No,Yes,No,No,1
1953,32,Professional,Website,High,2,73,2.208,Email Activity,No,No,No,No,No,0
1954,57,Professional,Website,Medium,1,66,0.105,Email Activity,No,No,No,No,No,0
1955,46,Professional,Website,High,4,1470,5.435,Website Activity,No,No,No,Yes,No,1
1956,38,Professional,Website,High,2,274,4.421,Email Activity,No,No,No,No,No,0
1957,55,Professional,Website,High,5,46,0.868,Email Activity,No,No,No,Yes,No,1
1958,50,Unemployed,Mobile App,Medium,2,538,3.49,Website Activity,No,No,No,No,No,1
1959,49,Professional,Mobile App,Medium,4,1570,2.967,Email Activity,No,No,No,No,No,1
1960,55,Professional,Website,Medium,5,1806,0.154,Phone Activity,No,Yes,No,No,No,0
1961,24,Student,Mobile App,High,1,345,1.495,Email Activity,No,No,No,No,No,0
1962,58,Unemployed,Website,Medium,1,4,4.338,Phone Activity,No,No,No,No,No,0
1963,32,Unemployed,Mobile App,Medium,2,1748,8.512,Email Activity,No,No,No,No,No,1
1964,55,Unemployed,Website,Medium,2,300,3.803,Email Activity,No,No,No,No,No,0
1965,31,Professional,Mobile App,High,2,23,3.316,Email Activity,No,No,No,Yes,No,0
1966,47,Professional,Mobile App,Medium,7,876,3.823,Phone Activity,No,Yes,No,No,No,0
1967,57,Professional,Mobile App,High,2,1,3.72,Website Activity,No,No,No,No,No,0
1968,42,Professional,Mobile App,Medium,6,32,4.186,Website Activity,No,No,No,No,No,0
1969,58,Unemployed,Website,High,1,295,2.132,Website Activity,No,No,No,Yes,No,1
1970,41,Unemployed,Website,High,6,284,2.156,Email Activity,No,No,No,No,No,0
1971,43,Professional,Website,Low,1,649,5.656,Email Activity,No,Yes,No,No,No,0
1972,56,Professional,Website,Medium,8,2167,4.437,Email Activity,No,No,No,No,Yes,1
1973,43,Professional,Website,Low,4,288,3.768,Website Activity,No,No,No,No,No,0
1974,58,Unemployed,Mobile App,High,6,1944,3.655,Email Activity,No,No,No,Yes,No,1
1975,54,Professional,Website,Medium,4,261,3.399,Phone Activity,No,No,No,No,No,0
1976,59,Professional,Website,High,6,92,2.978,Website Activity,No,No,No,No,No,0
1977,40,Professional,Mobile App,Medium,3,1992,2.874,Phone Activity,No,No,No,No,No,0
1978,36,Professional,Mobile App,Medium,2,2083,0.331,Phone Activity,No,No,Yes,No,No,0
1979,49,Professional,Mobile App,Medium,5,354,3.257,Phone Activity,No,No,No,No,No,0
1980,32,Unemployed,Website,High,6,95,2.133,Website Activity,No,No,No,No,No,1
1981,28,Professional,Mobile App,High,1,268,2.832,Website Activity,Yes,No,No,No,No,0
1982,55,Unemployed,Mobile App,High,8,421,0.152,Email Activity,Yes,No,No,No,No,0
1983,44,Unemployed,Website,Medium,2,49,5.498,Website Activity,No,No,No,No,No,0
1984,20,Student,Mobile App,High,1,157,2.262,Website Activity,No,No,Yes,Yes,No,0
1985,57,Unemployed,Website,Medium,2,1645,0.262,Website Activity,No,No,No,No,No,1
1986,19,Student,Mobile App,High,1,262,3.727,Email Activity,No,Yes,No,Yes,Yes,0
1987,54,Professional,Mobile App,Medium,1,25,3.293,Website Activity,No,No,No,No,No,0
1988,53,Professional,Website,Medium,2,1599,5.719,Email Activity,No,Yes,No,Yes,No,1
1989,42,Professional,Website,Medium,3,2311,0.054,Email Activity,No,No,No,No,No,1
1990,52,Professional,Mobile App,Medium,6,79,1,Email Activity,No,Yes,Yes,No,No,0
1991,55,Professional,Mobile App,High,5,1665,1.945,Phone Activity,No,No,No,No,No,0
1992,58,Professional,Website,High,1,241,3.458,Phone Activity,No,No,No,No,No,1
1993,53,Professional,Website,High,3,601,0.158,Email Activity,No,No,Yes,No,No,1
1994,35,Professional,Mobile App,High,1,1,0.251,Email Activity,No,No,No,No,No,0
1995,47,Professional,Website,Medium,6,395,2.485,Website Activity,Yes,No,No,No,No,0
1996,59,Unemployed,Mobile App,High,3,2383,3.081,Email Activity,Yes,Yes,No,No,No,0
1997,53,Unemployed,Website,High,5,457,2.162,Website Activity,No,No,No,Yes,No,1
1998,59,Unemployed,Website,Medium,2,93,2.091,Email Activity,No,No,No,No,No,0
1999,55,Unemployed,Mobile App,Low,9,22,3.492,Email Activity,No,No,No,No,No,0
2000,20,Student,Mobile App,High,1,78,12.357,Website Activity,No,No,No,No,Yes,0
2001,56,Professional,Mobile App,High,4,2296,2.189,Email Activity,No,No,No,No,No,0
2002,56,Professional,Mobile App,High,2,268,5.108,Website Activity,No,No,No,No,No,0
2003,19,Student,Mobile App,High,3,95,2.109,Phone Activity,No,No,No,No,Yes,0
2004,57,Professional,Website,High,8,164,2.185,Email Activity,No,No,No,No,No,1
2005,35,Professional,Website,High,3,190,2.098,Phone Activity,Yes,No,Yes,No,No,1
2006,56,Professional,Website,Medium,2,1819,3.979,Website Activity,No,No,No,No,No,0
2007,30,Professional,Mobile App,High,5,335,0.335,Website Activity,No,No,No,No,No,0
2008,55,Unemployed,Mobile App,Medium,3,984,2.97,Website Activity,No,No,Yes,No,No,1
2009,57,Professional,Mobile App,Medium,2,608,3.613,Email Activity,No,No,No,No,No,0
2010,40,Unemployed,Website,Medium,2,64,3.197,Email Activity,Yes,No,No,No,No,0
2011,59,Professional,Website,Medium,7,50,2.076,Website Activity,No,No,No,No,No,1
2012,45,Professional,Mobile App,High,2,98,3.851,Website Activity,No,No,No,No,No,0
2013,19,Student,Mobile App,Medium,2,1955,1.966,Email Activity,No,No,No,No,No,0
2014,63,Unemployed,Website,High,1,275,3.307,Website Activity,No,No,No,No,No,0
2015,59,Professional,Website,High,3,331,3.481,Website Activity,No,No,No,No,No,1
2016,58,Professional,Mobile App,Medium,2,23,0.134,Email Activity,No,No,No,No,No,0
2017,57,Professional,Website,Medium,1,205,1.999,Email Activity,No,No,No,No,No,0
2018,58,Professional,Mobile App,High,1,36,3.787,Email Activity,No,No,No,No,No,0
2019,44,Unemployed,Mobile App,Medium,1,76,3.507,Email Activity,No,No,No,No,No,0
2020,25,Professional,Mobile App,Medium,6,377,0.312,Email Activity,No,No,Yes,No,No,0
2021,39,Professional,Mobile App,Low,2,360,3.287,Website Activity,No,No,No,No,No,0
2022,56,Professional,Website,Medium,7,310,5.609,Email Activity,No,No,No,No,No,0
2023,36,Professional,Website,High,2,264,3.369,Phone Activity,No,No,No,No,No,1
2024,62,Unemployed,Website,Medium,3,24,2.2,Email Activity,No,No,No,No,No,0
2025,32,Unemployed,Mobile App,High,5,730,5.497,Email Activity,No,No,No,No,No,0
2026,60,Unemployed,Website,Medium,3,213,2.234,Website Activity,No,No,No,Yes,No,0
2027,38,Professional,Mobile App,Medium,9,254,5.156,Email Activity,No,No,No,No,No,0
2028,58,Professional,Mobile App,High,5,2438,7.367,Phone Activity,Yes,No,No,No,No,0
2029,34,Professional,Website,High,1,1703,3.511,Email Activity,No,No,No,No,No,1
2030,62,Unemployed,Mobile App,Medium,11,234,2.249,Phone Activity,No,No,No,No,No,0
2031,21,Student,Website,Medium,1,73,3.889,Email Activity,Yes,No,No,Yes,No,0
2032,50,Professional,Website,High,2,2095,5.76,Website Activity,Yes,No,No,No,No,1
2033,59,Professional,Mobile App,Medium,1,80,7.269,Email Activity,No,No,No,No,No,0
2034,48,Professional,Mobile App,Medium,1,2057,3.351,Email Activity,No,No,No,No,No,0
2035,53,Professional,Mobile App,Medium,0,0,0,Email Activity,No,No,No,Yes,No,0
2036,40,Professional,Mobile App,High,1,90,5.5,Email Activity,No,No,No,No,No,0
2037,43,Unemployed,Mobile App,High,1,313,2.116,Email Activity,No,No,No,No,No,0
2038,21,Student,Website,Medium,2,276,1.959,Email Activity,Yes,No,No,No,No,0
2039,36,Unemployed,Website,High,2,422,2.219,Email Activity,No,No,Yes,Yes,No,0
2040,55,Professional,Mobile App,Medium,3,239,3.494,Email Activity,No,No,No,No,No,0
2041,39,Professional,Website,Medium,6,40,2.051,Email Activity,No,No,No,No,No,0
2042,41,Professional,Website,Medium,2,1,2.178,Phone Activity,No,No,No,No,No,0
2043,47,Professional,Website,Medium,5,304,3.584,Email Activity,No,No,No,No,No,0
2044,56,Professional,Website,Medium,3,1173,3.358,Website Activity,No,No,No,No,No,1
2045,60,Professional,Website,High,4,284,2.178,Email Activity,No,No,No,No,No,0
2046,19,Student,Mobile App,Medium,5,1097,3.662,Website Activity,No,No,No,No,No,0
2047,57,Professional,Website,High,3,1787,4.319,Phone Activity,No,No,No,No,No,1
2048,58,Professional,Mobile App,High,0,0,0,Email Activity,No,No,No,No,No,0
2049,42,Professional,Mobile App,High,4,13,2.106,Phone Activity,No,No,No,No,No,0
2050,26,Professional,Website,High,1,2059,3.428,Email Activity,Yes,No,No,No,No,1
2051,55,Professional,Mobile App,Medium,10,772,2.211,Phone Activity,Yes,No,No,No,No,0
2052,58,Professional,Mobile App,Medium,2,48,4.188,Website Activity,No,No,No,No,No,0
2053,44,Professional,Website,Medium,2,572,3.16,Email Activity,No,No,No,No,No,1
2054,58,Professional,Mobile App,High,4,817,2.197,Email Activity,No,No,No,No,No,0
2055,21,Student,Website,High,9,2039,3.539,Email Activity,No,No,Yes,No,No,1
2056,34,Professional,Website,High,1,70,3.636,Phone Activity,No,No,No,No,No,1
2057,54,Unemployed,Mobile App,Medium,10,650,0.139,Email Activity,No,No,No,No,No,0
2058,59,Professional,Website,Medium,2,1256,3.122,Phone Activity,No,Yes,Yes,No,No,0
2059,55,Professional,Mobile App,Medium,2,2254,2.443,Website Activity,No,No,No,No,No,1
2060,55,Professional,Website,High,8,1388,5.193,Email Activity,No,No,No,Yes,No,1
2061,33,Unemployed,Mobile App,Medium,6,373,2.655,Website Activity,No,No,No,No,No,0
2062,58,Unemployed,Mobile App,Medium,2,367,3.719,Website Activity,No,No,No,No,No,0
2063,37,Professional,Website,Medium,4,1742,2.954,Email Activity,No,No,No,No,No,1
2064,29,Professional,Mobile App,High,2,2031,3.251,Phone Activity,No,No,No,No,No,0
2065,47,Professional,Mobile App,Medium,12,87,1.957,Phone Activity,No,No,No,No,No,0
2066,32,Unemployed,Website,High,1,397,2.056,Email Activity,No,No,No,No,No,0
2067,62,Unemployed,Website,High,9,380,3.124,Email Activity,No,No,No,No,No,0
2068,63,Unemployed,Website,Medium,1,332,5.684,Phone Activity,No,No,No,Yes,No,0
2069,57,Professional,Mobile App,High,1,2261,2.047,Email Activity,No,No,No,No,No,0
2070,34,Professional,Website,Medium,2,47,2.134,Email Activity,No,No,No,No,No,0
2071,20,Student,Website,High,4,361,3.003,Email Activity,No,No,No,No,No,0
2072,38,Unemployed,Website,High,3,264,2.206,Email Activity,No,No,No,No,No,1
2073,60,Unemployed,Mobile App,Medium,3,399,0.055,Email Activity,No,No,Yes,No,No,0
2074,55,Professional,Website,Medium,8,1937,0.276,Email Activity,No,No,Yes,No,No,1
2075,43,Professional,Mobile App,High,4,1790,2.004,Email Activity,No,No,No,No,No,1
2076,57,Unemployed,Mobile App,Medium,2,98,3.836,Email Activity,No,No,No,No,No,0
2077,54,Professional,Website,Medium,3,620,5.475,Phone Activity,No,No,No,No,No,0
2078,49,Professional,Mobile App,Medium,2,285,3.349,Email Activity,No,No,No,No,No,0
2079,28,Professional,Website,Medium,1,74,2.214,Email Activity,Yes,No,No,No,No,0
2080,35,Professional,Mobile App,Low,3,1698,2.077,Website Activity,No,Yes,No,No,No,0
2081,59,Unemployed,Website,High,0,0,0,Email Activity,No,No,No,No,No,1
2082,49,Professional,Website,Medium,3,336,5.207,Email Activity,No,No,No,No,No,0
2083,40,Professional,Mobile App,Medium,2,1979,2.405,Email Activity,No,No,No,No,No,0
2084,52,Professional,Mobile App,Medium,4,85,3.527,Email Activity,No,No,No,Yes,No,0
2085,59,Unemployed,Website,Medium,1,309,3.169,Phone Activity,No,No,No,Yes,No,0
2086,32,Unemployed,Website,Medium,2,585,3.81,Phone Activity,No,No,No,No,No,1
2087,57,Professional,Mobile App,Medium,3,345,2.257,Email Activity,No,No,No,No,No,0
2088,46,Professional,Website,High,2,45,2.242,Email Activity,No,No,No,Yes,No,1
2089,49,Professional,Website,Medium,0,0,0,Phone Activity,No,No,No,No,No,0
2090,59,Professional,Mobile App,Low,5,632,3.632,Email Activity,No,No,No,No,No,0
2091,55,Unemployed,Website,High,2,698,2.172,Email Activity,No,No,No,Yes,No,1
2092,56,Professional,Mobile App,Medium,4,40,3.712,Phone Activity,No,No,No,No,No,0
2093,33,Unemployed,Website,Medium,1,39,5.133,Phone Activity,No,No,No,No,No,0
2094,43,Professional,Mobile App,High,6,505,8.717,Phone Activity,No,No,No,No,No,0
2095,42,Unemployed,Website,Low,1,57,2.103,Phone Activity,No,No,No,No,No,0
2096,60,Unemployed,Website,High,1,423,2.103,Phone Activity,No,No,No,No,No,1
2097,57,Professional,Website,Medium,4,34,0.053,Email Activity,No,No,No,No,No,0
2098,59,Unemployed,Website,Medium,4,1774,2.105,Email Activity,Yes,No,No,Yes,No,0
2099,57,Professional,Website,Medium,1,179,2.128,Email Activity,No,No,No,No,No,0
2100,56,Professional,Website,High,4,516,6.656,Email Activity,No,No,No,No,No,1
2101,51,Professional,Mobile App,High,1,2026,5.168,Phone Activity,No,No,No,No,No,0
2102,48,Professional,Website,High,1,363,5.408,Email Activity,No,No,Yes,No,No,0
2103,54,Professional,Mobile App,Medium,2,1,3.831,Email Activity,No,No,No,No,No,0
2104,58,Professional,Mobile App,Medium,1,536,2.056,Phone Activity,No,No,Yes,No,No,0
2105,30,Professional,Website,High,3,174,2.156,Website Activity,No,No,No,No,No,1
2106,58,Professional,Website,High,5,1815,3.106,Email Activity,No,No,No,No,No,1
2107,56,Professional,Mobile App,Medium,2,453,3.744,Email Activity,No,No,No,No,No,0
2108,18,Student,Mobile App,High,2,347,0.203,Phone Activity,No,No,No,No,No,0
2109,57,Professional,Website,Medium,2,363,2.003,Email Activity,No,No,No,No,No,0
2110,39,Professional,Website,High,1,219,3.842,Website Activity,No,No,No,No,No,1
2111,54,Unemployed,Website,High,4,145,2.271,Website Activity,No,No,No,No,No,1
2112,57,Professional,Mobile App,Medium,8,376,0.198,Email Activity,No,No,No,No,No,0
2113,56,Professional,Website,Medium,3,121,2.154,Email Activity,No,No,No,No,No,0
2114,40,Unemployed,Website,High,4,93,1.758,Phone Activity,No,No,Yes,No,No,1
2115,51,Unemployed,Mobile App,Medium,4,1753,3.527,Website Activity,No,No,Yes,No,No,0
2116,57,Unemployed,Website,Medium,2,313,1.41,Email Activity,No,No,No,Yes,No,0
2117,57,Professional,Mobile App,Medium,7,80,0,Phone Activity,No,No,No,Yes,No,0
2118,56,Unemployed,Website,High,2,892,3.899,Email Activity,No,No,No,No,No,1
2119,23,Student,Mobile App,Medium,2,59,3.561,Phone Activity,No,No,No,Yes,No,0
2120,60,Professional,Mobile App,High,12,1255,0.294,Phone Activity,No,No,No,No,No,0
2121,24,Student,Website,Medium,1,1,3.504,Email Activity,No,No,No,No,No,0
2122,57,Unemployed,Website,Medium,5,1567,2.018,Email Activity,No,No,No,Yes,No,0
2123,59,Unemployed,Website,Medium,1,165,2.177,Phone Activity,No,No,No,No,No,0
2124,58,Unemployed,Website,Medium,1,228,3.479,Website Activity,Yes,Yes,No,No,No,0
2125,19,Student,Website,High,2,46,3.21,Website Activity,No,No,No,No,No,0
2126,23,Student,Website,Medium,3,341,4.089,Phone Activity,No,No,No,No,No,0
2127,59,Unemployed,Website,Medium,2,520,3.142,Phone Activity,Yes,No,No,Yes,No,0
2128,51,Professional,Website,High,7,62,2.762,Email Activity,No,No,No,No,No,0
2129,18,Student,Website,High,8,362,2.894,Phone Activity,No,No,No,No,No,0
2130,54,Professional,Website,Medium,3,163,4.319,Email Activity,No,No,No,Yes,No,0
2131,36,Unemployed,Website,Medium,2,267,1.962,Email Activity,No,No,No,No,No,0
2132,57,Professional,Website,Medium,4,392,3.779,Email Activity,No,No,No,Yes,No,0
2133,46,Unemployed,Website,High,6,11,2.045,Email Activity,No,No,No,Yes,No,0
2134,57,Professional,Mobile App,High,4,1881,2.163,Website Activity,No,No,Yes,No,No,0
2135,59,Professional,Website,Medium,2,1858,2.5,Website Activity,No,No,No,No,No,1
2136,39,Unemployed,Website,Medium,1,30,2.932,Email Activity,No,No,No,No,No,0
2137,60,Professional,Website,Medium,5,355,2.059,Website Activity,No,No,No,No,No,0
2138,55,Professional,Mobile App,High,2,1930,3.677,Email Activity,No,No,No,No,No,1
2139,34,Professional,Website,High,8,309,2.194,Email Activity,No,No,No,Yes,No,1
2140,38,Professional,Website,Medium,4,1633,1.987,Website Activity,Yes,No,No,No,No,1
2141,55,Professional,Website,High,3,917,0.179,Email Activity,No,Yes,No,No,No,1
2142,54,Professional,Mobile App,Medium,3,65,2.279,Website Activity,No,No,No,No,No,0
2143,52,Unemployed,Website,High,1,587,3.233,Email Activity,No,No,No,No,No,1
2144,30,Professional,Mobile App,High,1,367,2.164,Phone Activity,No,Yes,No,No,No,0
2145,32,Unemployed,Website,High,1,459,2.243,Email Activity,No,No,No,No,No,1
2146,63,Unemployed,Website,Medium,3,2248,5.16,Website Activity,Yes,No,No,No,No,1
2147,39,Unemployed,Website,Medium,2,335,3.125,Website Activity,No,No,No,Yes,No,0
2148,23,Student,Website,Medium,7,163,3.317,Website Activity,No,No,No,No,No,0
2149,49,Professional,Website,Medium,7,337,3.508,Email Activity,No,No,No,No,No,0
2150,39,Professional,Mobile App,Medium,4,646,5.386,Website Activity,No,No,No,Yes,No,0
2151,45,Professional,Mobile App,Medium,2,1936,7.593,Phone Activity,No,No,No,No,No,0
2152,58,Professional,Mobile App,Medium,13,549,2.184,Email Activity,No,No,No,No,No,0
2153,58,Professional,Website,High,3,1637,5.417,Phone Activity,No,No,No,No,No,1
2154,53,Professional,Website,Medium,3,86,1,Email Activity,No,No,No,Yes,No,0
2155,55,Unemployed,Mobile App,Medium,7,396,3.471,Website Activity,No,No,No,No,No,0
2156,38,Professional,Mobile App,Medium,2,469,1.946,Email Activity,No,No,No,No,Yes,1
2157,51,Unemployed,Website,Medium,3,1,0,Email Activity,No,No,No,No,No,0
2158,33,Unemployed,Mobile App,High,3,1775,3.126,Phone Activity,No,Yes,No,No,No,0
2159,21,Student,Website,Medium,2,333,2.044,Email Activity,Yes,No,No,No,No,0
2160,56,Professional,Mobile App,High,3,32,6.624,Phone Activity,No,No,Yes,Yes,No,0
2161,57,Unemployed,Mobile App,High,3,1570,5.56,Email Activity,No,No,Yes,No,No,1
2162,20,Student,Website,High,4,525,5.371,Website Activity,No,No,Yes,No,No,0
2163,35,Professional,Mobile App,High,2,1584,2.115,Email Activity,No,No,No,No,No,0
2164,47,Professional,Website,High,1,59,2.108,Email Activity,No,No,No,No,No,1
2165,32,Unemployed,Mobile App,High,6,42,3.512,Website Activity,No,No,No,No,No,0
2166,58,Professional,Website,Medium,2,87,0.292,Email Activity,Yes,No,No,Yes,No,0
2167,35,Unemployed,Website,Medium,2,181,3.331,Email Activity,No,No,No,No,No,0
2168,58,Unemployed,Website,High,2,2066,11.506,Email Activity,No,No,Yes,No,No,1
2169,58,Unemployed,Website,Medium,3,2178,2.244,Email Activity,No,No,No,No,No,1
2170,53,Professional,Website,Medium,2,875,1.868,Website Activity,No,No,No,No,No,1
2171,56,Professional,Mobile App,High,3,2113,3.561,Phone Activity,No,No,No,No,No,0
2172,34,Unemployed,Mobile App,Medium,6,21,2.353,Email Activity,No,No,No,No,No,0
2173,59,Professional,Website,Medium,6,2340,3.407,Email Activity,No,Yes,No,No,No,1
2174,57,Professional,Website,High,4,444,1.846,Email Activity,No,Yes,No,No,No,1
2175,57,Professional,Website,Medium,5,2428,3.71,Phone Activity,No,Yes,No,No,No,0
2176,44,Professional,Mobile App,Medium,5,710,2.224,Website Activity,No,No,No,Yes,No,0
2177,32,Unemployed,Website,High,1,2168,1.558,Website Activity,No,No,No,No,No,1
2178,57,Professional,Website,High,4,370,3.752,Email Activity,No,No,No,No,No,0
2179,58,Unemployed,Website,Medium,1,1763,2.144,Email Activity,No,No,Yes,No,No,1
2180,62,Unemployed,Mobile App,High,2,660,3.01,Email Activity,No,No,No,No,No,0
2181,38,Professional,Website,Medium,2,57,1.868,Email Activity,No,No,No,No,No,0
2182,34,Professional,Mobile App,Medium,3,318,3.926,Email Activity,Yes,No,No,No,No,0
2183,58,Professional,Mobile App,Medium,3,668,3.755,Website Activity,No,No,No,No,No,1
2184,40,Unemployed,Mobile App,Medium,2,619,2.261,Website Activity,No,No,No,Yes,No,0
2185,49,Professional,Website,Medium,1,400,2.18,Phone Activity,No,No,No,No,No,0
2186,40,Professional,Mobile App,Medium,1,321,7.834,Website Activity,No,No,No,No,No,0
2187,53,Professional,Mobile App,Medium,5,2131,2.124,Email Activity,No,No,No,No,No,0
2188,41,Professional,Website,High,0,0,0,Email Activity,No,No,No,No,No,1
2189,56,Professional,Mobile App,Medium,7,1331,2.113,Phone Activity,No,No,Yes,Yes,No,0
2190,19,Student,Website,High,6,367,3.861,Website Activity,No,No,No,No,No,0
2191,34,Professional,Website,Medium,5,577,3.45,Phone Activity,No,No,No,No,No,0
2192,53,Unemployed,Mobile App,High,1,313,3.717,Website Activity,No,No,No,No,No,0
2193,40,Professional,Website,Low,21,216,2.252,Email Activity,No,No,No,No,No,0
2194,59,Unemployed,Mobile App,High,2,285,3.424,Website Activity,No,Yes,Yes,No,No,0
2195,47,Professional,Website,High,5,308,2.278,Phone Activity,No,No,Yes,No,No,0
2196,44,Professional,Mobile App,High,8,127,5.709,Phone Activity,No,No,No,No,No,0
2197,36,Unemployed,Website,Medium,6,2007,12.078,Website Activity,No,No,No,No,No,1
2198,45,Unemployed,Website,High,2,1929,3.185,Email Activity,No,No,No,No,No,1
2199,41,Professional,Website,Medium,3,910,2.246,Email Activity,No,No,No,No,No,1
2200,30,Professional,Mobile App,High,7,424,5.58,Website Activity,No,No,No,Yes,No,0
2201,57,Professional,Mobile App,High,3,686,3.291,Website Activity,No,No,No,No,No,0
2202,63,Unemployed,Website,Medium,1,65,4.031,Email Activity,No,No,Yes,No,No,0
2203,36,Unemployed,Mobile App,Medium,9,24,3.727,Phone Activity,Yes,Yes,No,No,No,0
2204,44,Professional,Website,High,0,0,0,Phone Activity,Yes,No,No,No,No,1
2205,47,Professional,Mobile App,High,3,1999,3.51,Email Activity,No,No,No,Yes,No,0
2206,53,Professional,Website,Medium,5,1222,1.675,Email Activity,Yes,No,No,No,No,1
2207,57,Unemployed,Website,High,1,744,3.498,Phone Activity,No,Yes,No,No,No,1
2208,56,Professional,Mobile App,Medium,4,1571,2.222,Phone Activity,No,No,No,No,No,0
2209,56,Professional,Website,High,3,1913,5.172,Email Activity,No,No,No,No,No,1
2210,58,Professional,Mobile App,High,2,1835,2.051,Website Activity,No,No,No,No,No,1
2211,43,Unemployed,Mobile App,Medium,0,0,0,Phone Activity,No,No,Yes,No,No,0
2212,50,Professional,Website,High,4,1,5.639,Phone Activity,Yes,Yes,Yes,No,No,1
2213,57,Professional,Website,Medium,8,372,0.112,Email Activity,No,No,No,No,No,0
2214,57,Professional,Mobile App,High,5,83,2.653,Website Activity,Yes,No,Yes,No,No,0
2215,55,Unemployed,Mobile App,High,2,565,2.148,Website Activity,No,No,No,No,No,1
2216,59,Professional,Website,High,1,1122,4.872,Email Activity,No,No,No,No,No,1
2217,37,Professional,Website,High,7,65,3.402,Phone Activity,Yes,No,No,No,No,1
2218,57,Unemployed,Mobile App,Medium,3,1545,13.095,Website Activity,No,No,No,No,No,1
2219,57,Unemployed,Website,High,2,798,3.224,Phone Activity,No,No,No,No,No,1
2220,48,Professional,Mobile App,Medium,2,103,3.753,Email Activity,No,No,No,No,No,0
2221,55,Professional,Website,High,2,324,2.222,Email Activity,No,No,Yes,No,No,1
2222,51,Professional,Mobile App,Medium,7,8,2.156,Email Activity,No,No,No,Yes,No,0
2223,57,Professional,Mobile App,Medium,3,985,3.736,Website Activity,Yes,No,Yes,No,Yes,1
2224,49,Unemployed,Mobile App,Medium,2,325,1.494,Email Activity,No,No,No,No,No,0
2225,58,Professional,Website,High,7,25,2.161,Website Activity,No,No,No,No,No,1
2226,54,Professional,Mobile App,High,6,443,3.132,Email Activity,No,No,No,No,No,0
2227,46,Unemployed,Mobile App,High,2,338,2.202,Email Activity,No,No,No,No,No,0
2228,57,Unemployed,Mobile App,High,2,228,3.256,Website Activity,No,No,No,No,No,0
2229,21,Student,Mobile App,Medium,12,232,3.449,Website Activity,No,No,No,No,No,0
2230,51,Unemployed,Website,Medium,1,356,2.152,Phone Activity,No,No,Yes,No,No,0
2231,58,Unemployed,Website,High,1,2314,1.544,Website Activity,No,No,Yes,No,No,1
2232,45,Professional,Mobile App,High,4,1331,5.962,Email Activity,Yes,No,No,No,No,0
2233,24,Student,Website,High,4,336,11.409,Email Activity,No,No,No,Yes,No,0
2234,58,Professional,Website,High,1,702,2.231,Phone Activity,No,No,No,No,No,0
2235,58,Professional,Mobile App,Medium,3,652,1.832,Website Activity,No,No,No,No,No,1
2236,45,Professional,Mobile App,Low,3,195,2.055,Website Activity,No,No,No,No,No,0
2237,58,Professional,Website,Medium,1,252,0.122,Email Activity,No,No,No,No,No,0
2238,57,Professional,Website,Medium,2,2113,3.206,Email Activity,No,No,No,No,No,1
2239,53,Professional,Mobile App,High,2,293,2.109,Email Activity,No,No,No,No,No,0
2240,41,Professional,Mobile App,Medium,2,304,2.066,Website Activity,No,No,No,No,No,0
2241,42,Professional,Mobile App,Medium,2,61,3.071,Email Activity,No,No,No,No,No,0
2242,59,Unemployed,Mobile App,Medium,0,0,0,Phone Activity,Yes,No,No,No,No,0
2243,56,Professional,Mobile App,High,3,1930,3.686,Website Activity,No,No,No,Yes,No,0
2244,43,Unemployed,Mobile App,High,9,132,3.833,Phone Activity,No,Yes,No,No,No,0
2245,52,Professional,Mobile App,High,6,387,3.887,Email Activity,No,No,No,No,Yes,0
2246,47,Professional,Mobile App,Medium,1,296,2.288,Email Activity,No,No,No,No,No,0
2247,32,Professional,Mobile App,High,4,2377,0.152,Phone Activity,No,No,Yes,No,No,0
2248,37,Professional,Website,High,0,0,0,Phone Activity,No,No,No,No,No,1
2249,56,Unemployed,Website,High,4,240,3.971,Email Activity,Yes,No,Yes,No,No,0
2250,51,Unemployed,Mobile App,High,9,165,3.35,Email Activity,No,No,No,No,No,0
2251,57,Professional,Mobile App,High,7,308,4.374,Email Activity,No,Yes,No,No,No,0
2252,46,Unemployed,Website,Medium,4,1667,4.398,Website Activity,Yes,No,No,No,No,1
2253,23,Student,Website,Medium,7,365,5.103,Email Activity,No,No,No,No,No,0
2254,24,Student,Website,High,4,613,3.812,Phone Activity,No,Yes,No,Yes,No,0
2255,59,Professional,Website,Medium,1,662,0.175,Phone Activity,No,No,No,No,No,0
2256,56,Professional,Website,Medium,2,55,2.112,Website Activity,No,No,No,No,No,0
2257,58,Professional,Mobile App,Medium,2,559,2.422,Email Activity,No,No,Yes,No,No,0
2258,24,Student,Mobile App,High,5,687,7.812,Website Activity,No,No,No,No,No,0
2259,37,Professional,Mobile App,High,3,2223,4.171,Website Activity,No,No,Yes,No,No,0
2260,19,Student,Website,Medium,2,1070,2.268,Phone Activity,No,No,Yes,Yes,No,0
2261,60,Unemployed,Website,Medium,4,2221,5.361,Website Activity,No,No,No,No,No,1
2262,57,Professional,Website,High,2,279,2.24,Phone Activity,No,No,No,No,No,1
2263,57,Professional,Mobile App,Medium,7,49,3.166,Phone Activity,No,No,No,Yes,No,0
2264,19,Student,Website,Medium,1,2279,3.846,Website Activity,No,No,No,Yes,No,0
2265,57,Professional,Website,High,4,1546,8.393,Email Activity,No,No,No,No,No,1
2266,55,Professional,Website,High,9,2391,3.109,Email Activity,No,No,No,No,Yes,1
2267,55,Professional,Website,Medium,4,34,2.55,Phone Activity,No,No,No,No,No,0
2268,57,Unemployed,Mobile App,High,4,53,2.5,Phone Activity,No,No,No,No,No,0
2269,24,Student,Mobile App,Medium,2,1903,5.692,Phone Activity,No,No,No,No,No,0
2270,59,Professional,Website,High,3,343,2.898,Email Activity,No,No,No,No,No,1
2271,42,Unemployed,Mobile App,High,2,367,3.661,Website Activity,No,No,No,Yes,No,0
2272,58,Professional,Website,Medium,2,2159,3.679,Website Activity,No,No,No,No,No,1
2273,57,Professional,Mobile App,High,0,0,0,Email Activity,No,Yes,No,No,No,0
2274,58,Unemployed,Website,High,3,143,7.433,Email Activity,No,No,No,No,No,0
2275,44,Unemployed,Website,Low,0,0,0,Phone Activity,No,No,No,No,No,0
2276,38,Professional,Website,High,6,1665,3.231,Website Activity,No,No,No,No,No,1
2277,51,Professional,Mobile App,High,2,401,2.019,Email Activity,No,Yes,No,No,No,0
2278,57,Professional,Website,Medium,4,714,2.107,Phone Activity,Yes,No,No,No,No,0
2279,23,Student,Website,High,2,338,5.106,Website Activity,No,No,No,No,No,0
2280,36,Professional,Mobile App,Medium,1,1463,2.249,Email Activity,Yes,No,No,No,No,0
2281,60,Professional,Website,High,3,1551,1.821,Website Activity,No,No,No,No,No,1
2282,56,Professional,Website,High,4,2001,2.629,Phone Activity,Yes,No,Yes,No,No,1
2283,62,Unemployed,Website,Medium,3,2090,2.039,Phone Activity,No,No,Yes,No,No,0
2284,57,Professional,Website,High,1,353,3.704,Phone Activity,No,No,No,No,No,1
2285,53,Professional,Website,High,7,1527,3.545,Phone Activity,No,No,No,No,No,0
2286,38,Professional,Website,High,6,1314,4.425,Website Activity,No,No,No,Yes,No,1
2287,46,Unemployed,Website,High,1,1274,3.71,Email Activity,No,No,No,No,No,1
2288,37,Unemployed,Website,High,1,207,5.85,Phone Activity,No,No,No,No,No,1
2289,58,Unemployed,Website,High,2,1206,3.776,Email Activity,No,No,No,No,No,1
2290,48,Professional,Mobile App,Medium,2,400,3.278,Phone Activity,No,No,No,No,No,0
2291,49,Professional,Mobile App,Medium,1,1976,2.191,Email Activity,No,No,No,No,No,0
2292,32,Unemployed,Mobile App,High,1,414,2.142,Phone Activity,Yes,No,Yes,No,No,0
2293,32,Unemployed,Mobile App,High,1,1487,2.168,Email Activity,No,No,No,No,No,0
2294,22,Student,Website,High,1,720,2.232,Email Activity,Yes,No,Yes,No,No,1
2295,47,Professional,Website,Medium,2,1750,3.76,Website Activity,No,No,No,No,No,1
2296,56,Professional,Mobile App,Medium,0,0,0,Email Activity,No,No,No,Yes,No,0
2297,45,Professional,Website,High,2,1763,5.442,Email Activity,No,No,No,No,No,1
2298,39,Unemployed,Website,High,4,379,2.093,Website Activity,No,No,No,No,No,0
2299,28,Professional,Website,Medium,3,214,10.417,Email Activity,No,No,No,No,No,0
2300,45,Professional,Mobile App,High,9,735,5.811,Website Activity,No,No,No,No,No,0
2301,58,Unemployed,Website,High,3,417,5.602,Email Activity,No,No,No,No,No,0
2302,33,Professional,Mobile App,Medium,4,205,5.816,Email Activity,No,Yes,No,No,No,0
2303,48,Professional,Website,Medium,5,72,0.932,Phone Activity,No,No,No,No,No,0
2304,24,Student,Mobile App,High,4,862,2.209,Email Activity,Yes,No,No,No,No,1
2305,36,Unemployed,Mobile App,High,2,1925,4.273,Email Activity,No,No,No,No,No,0
2306,51,Professional,Website,Medium,2,293,3.912,Email Activity,No,No,No,No,No,0
2307,43,Unemployed,Mobile App,High,3,1177,5.235,Email Activity,No,Yes,No,No,No,1
2308,28,Professional,Website,High,4,2409,3.008,Phone Activity,No,No,No,No,No,1
2309,62,Unemployed,Website,Medium,2,398,2.204,Phone Activity,No,No,No,No,No,0
2310,23,Student,Website,High,5,2102,7.36,Email Activity,No,No,No,No,No,0
2311,31,Professional,Website,Medium,3,61,4.387,Email Activity,No,No,No,No,No,0
2312,19,Student,Website,High,6,580,2.266,Email Activity,No,No,No,No,No,1
2313,48,Unemployed,Website,High,2,604,2.943,Email Activity,No,No,No,No,No,1
2314,32,Unemployed,Website,High,2,1682,3.544,Email Activity,No,Yes,No,No,No,0
2315,47,Unemployed,Website,High,2,307,4.253,Website Activity,No,No,No,No,No,0
2316,39,Unemployed,Website,Medium,2,2087,3.262,Email Activity,No,No,No,No,Yes,0
2317,58,Unemployed,Website,Medium,4,257,0.311,Email Activity,No,No,No,No,No,0
2318,18,Student,Website,Medium,2,195,2.21,Phone Activity,No,No,No,No,No,0
2319,54,Professional,Mobile App,Medium,15,1109,3.203,Email Activity,No,No,No,No,No,0
2320,47,Professional,Website,High,1,359,3.236,Email Activity,No,No,No,Yes,No,0
2321,53,Professional,Website,Medium,6,1313,2.058,Email Activity,No,No,Yes,Yes,No,1
2322,63,Unemployed,Website,Medium,2,2136,2.249,Email Activity,No,No,No,No,No,1
2323,55,Professional,Website,Medium,5,503,3.895,Email Activity,No,No,No,No,No,1
2324,57,Unemployed,Website,Medium,0,0,0,Email Activity,No,No,No,No,No,0
2325,39,Professional,Website,High,2,546,2.234,Email Activity,No,No,No,No,No,1
2326,21,Student,Website,Medium,0,0,0,Email Activity,Yes,No,No,No,No,0
2327,47,Professional,Mobile App,High,6,318,5.031,Website Activity,No,No,No,Yes,No,0
2328,20,Student,Website,Medium,2,2314,4.678,Website Activity,No,No,Yes,Yes,No,0
2329,24,Student,Mobile App,Medium,2,599,3.468,Email Activity,No,No,No,No,No,0
2330,32,Unemployed,Website,Medium,1,218,3.306,Phone Activity,No,No,No,No,No,0
2331,46,Unemployed,Website,High,2,37,3.639,Email Activity,No,No,No,No,No,0
2332,24,Student,Website,Medium,4,291,1.555,Email Activity,No,No,Yes,Yes,No,0
2333,60,Unemployed,Mobile App,High,5,1286,2.26,Email Activity,No,No,No,No,No,1
2334,60,Unemployed,Mobile App,High,7,155,1.787,Phone Activity,No,No,No,No,No,0
2335,43,Professional,Mobile App,High,1,148,7.709,Website Activity,No,No,No,No,No,0
2336,55,Professional,Website,High,8,2280,3.244,Phone Activity,No,No,Yes,No,No,1
2337,58,Professional,Mobile App,High,2,1901,2.168,Email Activity,No,No,No,No,No,1
2338,33,Professional,Mobile App,Medium,3,210,3.797,Website Activity,No,No,No,No,No,0
2339,43,Professional,Mobile App,High,2,2263,6.65,Email Activity,No,No,Yes,No,No,0
2340,30,Professional,Mobile App,Medium,6,2266,3.627,Email Activity,No,Yes,No,No,No,0
2341,57,Professional,Website,Medium,8,239,5.641,Phone Activity,No,No,No,No,No,0
2342,46,Professional,Website,Medium,6,575,5.641,Website Activity,No,No,No,No,No,1
2343,58,Unemployed,Website,Medium,2,272,2.222,Phone Activity,No,No,No,No,No,0
2344,24,Student,Mobile App,High,4,687,3.853,Phone Activity,No,No,No,No,No,0
2345,57,Professional,Website,Medium,2,412,2.13,Email Activity,No,No,No,Yes,No,0
2346,58,Unemployed,Mobile App,Medium,5,1,2.12,Website Activity,No,No,No,No,No,0
2347,38,Professional,Mobile App,Medium,2,75,3.383,Email Activity,No,No,Yes,No,No,0
2348,21,Student,Website,Medium,3,35,0.22,Email Activity,No,No,No,No,No,0
2349,60,Professional,Website,Medium,4,327,5.909,Phone Activity,No,Yes,No,Yes,No,0
2350,30,Professional,Mobile App,High,2,75,1,Email Activity,No,No,No,No,No,0
2351,44,Unemployed,Website,Medium,7,2058,3.132,Website Activity,Yes,No,Yes,No,No,1
2352,59,Unemployed,Website,Medium,5,665,3.317,Email Activity,Yes,No,No,No,No,1
2353,60,Unemployed,Website,Medium,2,403,2.215,Phone Activity,No,No,No,Yes,No,0
2354,57,Unemployed,Website,High,1,154,2.102,Email Activity,No,No,No,No,No,0
2355,50,Professional,Mobile App,Medium,5,1955,5.823,Website Activity,No,No,No,No,No,1
2356,57,Professional,Mobile App,Medium,4,302,3.113,Phone Activity,No,No,No,No,No,0
2357,39,Professional,Mobile App,High,2,450,2.23,Website Activity,No,No,No,No,No,0
2358,57,Professional,Website,Medium,4,1055,5.419,Email Activity,No,No,No,Yes,No,1
2359,48,Professional,Mobile App,Medium,9,1150,2.217,Email Activity,No,No,No,No,No,0
2360,47,Unemployed,Mobile App,Medium,6,286,8.094,Website Activity,Yes,No,No,Yes,No,0
2361,39,Professional,Mobile App,Medium,1,99,2.215,Phone Activity,Yes,No,No,No,No,0
2362,19,Student,Website,High,14,681,4.302,Phone Activity,No,No,No,No,No,0
2363,24,Student,Website,High,2,1445,2.085,Email Activity,No,No,No,Yes,No,1
2364,24,Student,Mobile App,Medium,2,307,2.154,Website Activity,No,No,Yes,No,No,0
2365,23,Student,Website,High,5,1662,5.314,Email Activity,No,No,No,No,No,0
2366,47,Unemployed,Website,Medium,1,535,2.899,Phone Activity,No,No,No,No,No,1
2367,45,Unemployed,Mobile App,High,3,169,3.133,Phone Activity,No,No,No,No,No,0
2368,63,Unemployed,Mobile App,Medium,5,85,2.078,Email Activity,No,No,No,No,No,0
2369,58,Professional,Website,Medium,2,2167,3.644,Email Activity,No,Yes,No,Yes,No,1
2370,57,Unemployed,Website,Medium,8,1527,5.805,Email Activity,No,No,No,No,Yes,1
2371,60,Unemployed,Website,High,4,146,3.892,Phone Activity,No,Yes,No,No,No,0
2372,58,Professional,Website,High,9,1330,2.181,Phone Activity,No,No,No,No,No,1
2373,58,Unemployed,Mobile App,High,3,33,4.244,Website Activity,No,No,No,Yes,No,0
2374,45,Unemployed,Mobile App,Medium,2,685,2.161,Phone Activity,No,No,Yes,No,No,0
2375,60,Professional,Website,High,6,1519,5.532,Phone Activity,No,No,No,Yes,No,1
2376,32,Professional,Mobile App,Medium,5,2020,3.819,Website Activity,No,No,No,No,No,1
2377,40,Unemployed,Mobile App,Medium,2,2036,0.108,Website Activity,No,No,No,Yes,No,1
2378,53,Professional,Mobile App,Medium,6,364,5.627,Phone Activity,No,Yes,No,No,No,0
2379,60,Unemployed,Mobile App,Medium,3,1730,3.741,Website Activity,No,No,Yes,No,No,1
2380,59,Professional,Mobile App,Medium,7,362,8.361,Email Activity,No,No,No,No,No,0
2381,59,Professional,Website,High,2,1953,0.363,Email Activity,No,Yes,Yes,No,No,1
2382,50,Professional,Mobile App,Medium,1,79,0.346,Email Activity,No,No,No,No,No,0
2383,56,Unemployed,Website,High,1,1910,2.012,Phone Activity,Yes,No,No,No,No,1
2384,24,Student,Website,Medium,2,284,3.24,Email Activity,No,No,No,No,No,0
2385,57,Professional,Mobile App,High,2,1388,2.235,Website Activity,Yes,No,No,No,No,0
2386,58,Professional,Website,Medium,2,2022,2.804,Website Activity,No,No,No,No,No,1
2387,58,Unemployed,Website,Medium,4,1560,2.053,Website Activity,No,No,No,No,No,1
2388,58,Professional,Website,Medium,4,877,5.777,Website Activity,No,No,No,No,No,1
2389,47,Unemployed,Mobile App,High,2,1620,3.098,Email Activity,No,No,No,No,No,0
2390,60,Professional,Mobile App,High,7,556,1.948,Phone Activity,No,No,No,No,No,0
2391,36,Professional,Website,High,6,267,5.05,Email Activity,No,No,Yes,No,No,1
2392,54,Professional,Website,High,6,812,5.651,Website Activity,No,No,Yes,No,No,1
2393,53,Professional,Website,High,1,1940,2.015,Website Activity,No,Yes,No,No,Yes,1
2394,58,Professional,Website,Low,8,531,1.873,Phone Activity,No,No,No,No,No,0
2395,49,Professional,Website,Medium,5,44,2.207,Phone Activity,No,No,Yes,No,No,0
2396,57,Professional,Mobile App,Medium,1,1871,5.217,Email Activity,No,No,Yes,No,No,0
2397,55,Unemployed,Website,Medium,2,2361,0.281,Email Activity,No,No,No,No,No,0
2398,58,Professional,Mobile App,High,2,2081,2.118,Phone Activity,No,No,No,No,No,0
2399,37,Professional,Website,Medium,2,317,2.192,Website Activity,No,No,Yes,No,No,0
2400,47,Professional,Mobile App,High,4,381,3.948,Email Activity,Yes,No,No,No,No,0
2401,55,Unemployed,Mobile App,Medium,2,82,2.215,Phone Activity,No,No,No,No,No,0
2402,46,Unemployed,Website,High,3,2202,3.452,Email Activity,No,No,No,No,No,0
2403,47,Professional,Mobile App,High,1,1,3.15,Website Activity,Yes,No,No,No,No,0
2404,60,Professional,Website,High,1,501,1.776,Website Activity,No,No,No,No,No,1
2405,63,Unemployed,Mobile App,Medium,2,85,8.597,Email Activity,No,No,No,Yes,No,0
2406,23,Student,Mobile App,Medium,7,548,3.048,Email Activity,No,No,No,No,No,0
2407,32,Unemployed,Website,High,3,573,3.267,Email Activity,Yes,No,No,No,No,1
2408,49,Professional,Mobile App,High,5,323,2.254,Email Activity,No,No,No,No,No,0
2409,56,Professional,Website,High,1,141,3.635,Phone Activity,No,No,No,No,No,0
2410,32,Professional,Website,High,2,2,3.108,Phone Activity,Yes,No,No,No,No,0
2411,31,Professional,Website,Medium,4,137,2.183,Email Activity,No,No,No,No,No,0
2412,60,Unemployed,Website,Medium,1,343,1.1,Phone Activity,No,No,No,No,No,0
2413,47,Unemployed,Website,Medium,2,1801,2.239,Phone Activity,Yes,No,No,Yes,No,1
2414,52,Unemployed,Mobile App,Medium,1,283,5.194,Website Activity,No,No,No,No,No,0
2415,56,Professional,Website,Medium,7,356,2.98,Website Activity,No,No,No,No,No,1
2416,27,Professional,Mobile App,Medium,5,401,2.219,Email Activity,No,No,No,No,No,0
2417,44,Unemployed,Website,High,3,2089,2.073,Website Activity,No,No,No,No,No,1
2418,59,Professional,Website,Medium,5,317,2.745,Phone Activity,No,No,No,No,No,0
2419,61,Unemployed,Website,High,5,47,3.692,Website Activity,No,No,No,No,No,0
2420,59,Professional,Website,High,2,645,5.378,Website Activity,No,No,No,No,No,1
2421,57,Unemployed,Mobile App,Medium,3,2114,2.151,Email Activity,Yes,No,Yes,No,No,0
2422,58,Professional,Website,Medium,1,179,0.301,Email Activity,Yes,No,No,Yes,No,0
2423,59,Professional,Website,High,5,29,1.86,Email Activity,No,No,No,No,No,0
2424,24,Student,Mobile App,High,0,0,0,Email Activity,Yes,No,No,No,No,0
2425,55,Unemployed,Website,Medium,1,1298,0.224,Website Activity,No,No,No,No,No,1
2426,56,Unemployed,Website,High,0,0,0,Phone Activity,Yes,No,No,No,No,0
2427,63,Unemployed,Mobile App,High,6,124,0.91,Phone Activity,No,No,No,No,No,0
2428,57,Professional,Website,High,2,329,8.602,Email Activity,No,No,No,No,No,1
2429,22,Student,Website,Medium,2,75,1.976,Phone Activity,No,Yes,No,No,No,0
2430,55,Professional,Mobile App,High,4,1575,3.646,Email Activity,No,No,No,No,No,0
2431,58,Professional,Website,High,0,0,0,Email Activity,Yes,No,No,No,No,1
2432,33,Professional,Website,Medium,2,1733,0.073,Phone Activity,No,No,No,No,No,0
2433,57,Professional,Website,Medium,1,82,11.346,Email Activity,No,Yes,No,No,No,0
2434,52,Professional,Mobile App,High,4,57,2.216,Phone Activity,No,No,No,No,No,0
2435,59,Professional,Website,Medium,0,0,0,Phone Activity,No,No,Yes,Yes,No,0
2436,55,Professional,Website,High,8,662,3.364,Email Activity,No,No,No,No,No,1
2437,45,Unemployed,Mobile App,Medium,1,341,3.297,Email Activity,No,No,No,No,No,0
2438,33,Professional,Website,Low,1,375,2.138,Phone Activity,No,No,No,No,No,0
2439,59,Professional,Mobile App,Medium,1,587,2.827,Email Activity,No,No,No,No,No,0
2440,62,Unemployed,Mobile App,High,6,61,5.477,Phone Activity,No,No,No,No,No,0
2441,23,Student,Website,High,1,210,3.721,Email Activity,No,No,No,No,No,0
2442,47,Professional,Mobile App,Medium,2,1605,3.706,Email Activity,No,No,No,No,No,0
2443,57,Unemployed,Website,Medium,2,393,3.407,Email Activity,No,No,Yes,No,No,0
2444,50,Professional,Website,Medium,3,51,1.909,Email Activity,No,No,No,Yes,No,0
2445,60,Unemployed,Mobile App,High,2,26,5.61,Website Activity,No,No,No,No,No,0
2446,37,Professional,Mobile App,Medium,2,43,2.267,Email Activity,No,No,No,No,No,0
2447,44,Unemployed,Website,Medium,1,2047,0.169,Website Activity,No,No,No,No,No,1
2448,21,Student,Website,Medium,1,2132,5.5,Phone Activity,No,No,No,No,No,0
2449,58,Professional,Mobile App,High,12,1376,3.494,Email Activity,No,No,No,No,No,0
2450,47,Unemployed,Website,High,2,47,3.043,Email Activity,No,No,No,No,No,1
2451,55,Professional,Mobile App,High,1,53,0.079,Website Activity,No,No,No,No,No,0
2452,39,Professional,Mobile App,High,2,75,3.506,Phone Activity,No,No,No,No,No,0
2453,53,Professional,Mobile App,High,1,65,0.201,Email Activity,No,No,No,No,No,0
2454,57,Unemployed,Mobile App,High,2,194,0.374,Phone Activity,No,No,No,No,No,0
2455,35,Professional,Website,High,2,1658,0.215,Email Activity,Yes,No,Yes,No,No,1
2456,29,Professional,Mobile App,Medium,4,139,3.648,Website Activity,No,No,No,No,No,0
2457,59,Unemployed,Mobile App,Medium,1,1,3.53,Website Activity,No,No,No,No,No,0
2458,51,Unemployed,Website,Medium,3,1659,3.482,Email Activity,No,No,No,Yes,No,0
2459,53,Professional,Mobile App,High,5,1549,2.244,Website Activity,No,No,No,No,No,0
2460,42,Unemployed,Website,High,9,156,0.205,Website Activity,No,No,No,No,No,0
2461,59,Professional,Website,High,1,78,2.262,Email Activity,Yes,No,No,No,No,0
2462,20,Student,Website,High,10,191,1.89,Website Activity,No,No,No,No,No,0
2463,57,Unemployed,Mobile App,High,2,26,0.109,Email Activity,No,No,No,No,No,0
2464,34,Unemployed,Mobile App,High,7,688,5.673,Email Activity,No,No,No,No,No,0
2465,22,Student,Website,Medium,10,262,2.132,Phone Activity,No,No,No,Yes,No,0
2466,58,Professional,Website,Medium,2,59,3.301,Email Activity,No,No,No,No,No,0
2467,48,Professional,Website,High,1,266,5.812,Email Activity,No,No,No,No,No,1
2468,31,Professional,Website,Medium,5,392,0.259,Email Activity,No,No,Yes,No,No,0
2469,36,Professional,Mobile App,Medium,1,1846,2.278,Email Activity,No,No,No,No,No,1
2470,60,Unemployed,Mobile App,Low,2,99,8.548,Email Activity,No,No,No,No,No,0
2471,56,Professional,Website,High,2,1471,3.616,Email Activity,No,No,No,Yes,No,1
2472,19,Student,Website,Medium,5,88,2.177,Phone Activity,No,No,No,No,No,0
2473,57,Unemployed,Mobile App,Medium,1,351,3.818,Phone Activity,No,No,No,No,No,0
2474,31,Professional,Mobile App,Medium,2,2065,2.179,Phone Activity,No,No,No,No,No,0
2475,56,Professional,Website,High,8,43,0.096,Email Activity,No,No,No,No,No,1
2476,49,Professional,Mobile App,Medium,3,279,1.926,Website Activity,No,No,No,No,No,0
2477,45,Professional,Website,High,6,275,5.607,Email Activity,No,No,No,No,No,0
2478,59,Professional,Mobile App,Medium,6,271,3.549,Phone Activity,No,Yes,No,No,No,0
2479,56,Professional,Website,Medium,6,360,1.985,Website Activity,No,No,No,No,No,0
2480,24,Student,Website,Low,3,614,1.57,Email Activity,No,Yes,No,No,No,0
2481,58,Unemployed,Mobile App,Medium,3,282,2.155,Email Activity,No,No,No,Yes,No,0
2482,59,Professional,Website,High,0,0,0,Email Activity,No,No,Yes,No,No,1
2483,39,Professional,Mobile App,Medium,1,656,0.083,Website Activity,No,No,No,No,No,1
2484,34,Professional,Website,High,2,317,3.501,Website Activity,No,No,No,No,No,1
2485,58,Unemployed,Website,Medium,1,1386,2.152,Email Activity,No,No,No,No,No,0
2486,29,Professional,Website,High,2,1734,2.086,Email Activity,No,No,No,Yes,No,1
2487,24,Student,Website,Medium,5,161,3.754,Phone Activity,No,No,Yes,No,No,0
2488,51,Professional,Website,Medium,5,402,1.3,Email Activity,No,No,No,No,No,0
2489,53,Professional,Mobile App,High,4,599,2.148,Email Activity,No,No,No,No,No,0
2490,60,Professional,Website,High,5,416,3.207,Email Activity,No,No,Yes,No,No,1
2491,36,Professional,Website,High,2,456,2.977,Phone Activity,Yes,No,No,Yes,No,1
2492,56,Professional,Website,Medium,2,1579,5.282,Email Activity,Yes,No,No,No,No,1
2493,44,Professional,Website,Medium,2,83,5.466,Email Activity,No,No,No,No,No,0
2494,21,Student,Website,High,4,147,3.521,Email Activity,Yes,No,No,Yes,No,1
2495,57,Professional,Website,High,3,798,3.585,Website Activity,Yes,Yes,No,Yes,No,1
2496,52,Professional,Website,Medium,4,182,1.971,Email Activity,Yes,No,No,No,No,0
2497,44,Professional,Website,Medium,2,432,10.828,Email Activity,No,No,No,No,No,1
2498,35,Professional,Website,High,2,2324,0.062,Phone Activity,No,No,No,No,No,1
2499,32,Unemployed,Website,High,2,393,5.529,Email Activity,No,No,No,No,No,1
2500,20,Student,Website,Medium,5,2234,3.007,Email Activity,No,No,No,No,No,0
2501,36,Professional,Website,Medium,1,2132,0.154,Phone Activity,No,No,No,No,No,0
2502,58,Professional,Website,High,5,255,3.932,Email Activity,No,No,No,Yes,No,1
2503,57,Professional,Website,High,2,247,1.885,Website Activity,No,No,No,No,No,0
2504,32,Unemployed,Website,High,1,1147,5.62,Phone Activity,No,No,Yes,Yes,No,1
2505,54,Professional,Mobile App,Medium,3,1619,3.566,Phone Activity,No,No,No,Yes,No,0
2506,62,Unemployed,Website,Medium,2,661,2.134,Phone Activity,Yes,No,No,No,No,0
2507,59,Unemployed,Website,Medium,2,1503,2.249,Website Activity,No,No,No,No,No,1
2508,57,Unemployed,Website,Medium,2,108,4.854,Email Activity,No,No,No,Yes,No,0
2509,57,Professional,Website,Medium,2,287,2.212,Email Activity,No,No,No,Yes,No,0
2510,54,Professional,Website,High,1,32,3.026,Phone Activity,No,No,No,Yes,No,1
2511,58,Professional,Website,Medium,2,492,5.1,Email Activity,No,No,No,No,No,1
2512,53,Unemployed,Website,High,9,211,3.1,Email Activity,No,No,No,No,No,0
2513,22,Student,Website,Medium,1,1377,8.353,Phone Activity,No,No,No,Yes,No,0
2514,19,Student,Website,High,4,1467,2.471,Email Activity,No,No,Yes,No,No,1
2515,57,Professional,Website,Medium,1,93,5.374,Website Activity,No,No,No,No,No,0
2516,57,Professional,Website,High,2,139,2.243,Email Activity,No,No,No,No,No,0
2517,53,Professional,Website,Medium,2,366,0.26,Website Activity,Yes,No,No,No,No,0
2518,45,Professional,Mobile App,Medium,4,1248,2.103,Phone Activity,Yes,No,No,No,No,0
2519,39,Unemployed,Website,Medium,2,2029,2.199,Email Activity,No,No,No,No,No,0
2520,23,Student,Mobile App,High,1,2348,5.248,Phone Activity,No,No,No,Yes,No,0
2521,59,Professional,Website,Medium,2,1835,2.27,Email Activity,No,No,Yes,No,Yes,1
2522,45,Unemployed,Mobile App,Medium,6,63,3.672,Website Activity,No,No,No,No,No,0
2523,32,Unemployed,Website,High,3,291,2.105,Email Activity,No,No,No,No,No,0
2524,57,Professional,Website,Medium,2,473,5.53,Email Activity,No,No,No,No,No,1
2525,55,Professional,Mobile App,Medium,3,33,2.994,Phone Activity,No,No,No,No,No,0
2526,39,Unemployed,Website,Medium,5,1716,3.9,Email Activity,No,No,No,No,No,0
2527,48,Professional,Website,High,2,330,2.116,Email Activity,No,No,Yes,Yes,No,0
2528,58,Professional,Mobile App,Medium,4,63,2.618,Email Activity,No,No,No,No,No,0
2529,60,Professional,Website,Medium,4,2,3.772,Website Activity,No,No,No,Yes,No,0
2530,46,Unemployed,Website,High,0,0,0,Email Activity,No,No,No,No,No,0
2531,58,Unemployed,Website,Medium,4,283,5.662,Email Activity,No,Yes,No,Yes,No,0
2532,51,Professional,Mobile App,High,1,357,2.293,Email Activity,No,No,No,No,No,0
2533,41,Professional,Mobile App,High,2,731,1,Email Activity,No,Yes,No,No,Yes,1
2534,45,Unemployed,Website,Medium,1,55,3.732,Email Activity,No,No,Yes,No,No,0
2535,56,Professional,Website,Medium,10,1960,2.147,Email Activity,No,No,No,No,Yes,1
2536,55,Unemployed,Mobile App,High,2,40,7.456,Phone Activity,No,No,No,No,No,0
2537,18,Student,Mobile App,Medium,5,191,3.567,Email Activity,No,No,No,No,No,1
2538,57,Unemployed,Website,Medium,5,41,2.218,Website Activity,No,No,No,No,No,0
2539,60,Professional,Mobile App,High,5,1958,2.783,Email Activity,Yes,No,No,No,Yes,1
2540,46,Professional,Website,Medium,5,442,3.613,Email Activity,No,No,Yes,Yes,No,1
2541,58,Unemployed,Website,Medium,1,4,3.134,Email Activity,No,No,No,No,No,0
2542,27,Professional,Website,Medium,11,272,0.217,Website Activity,Yes,No,No,No,No,1
2543,56,Professional,Mobile App,High,2,2393,0.2,Website Activity,No,No,No,Yes,No,0
2544,37,Professional,Website,Medium,5,390,3.707,Website Activity,No,No,No,No,No,0
2545,58,Unemployed,Website,High,2,571,5.015,Phone Activity,No,No,No,No,No,0
2546,39,Professional,Website,High,4,1,2.267,Phone Activity,No,No,No,No,Yes,1
2547,46,Professional,Mobile App,Medium,2,602,2.164,Email Activity,No,Yes,No,No,No,0
2548,57,Professional,Mobile App,High,1,545,3.627,Website Activity,Yes,No,No,No,No,1
2549,19,Student,Mobile App,Medium,1,505,4.137,Email Activity,Yes,No,No,No,No,0
2550,33,Professional,Mobile App,Medium,16,367,2.401,Email Activity,No,No,No,No,No,0
2551,35,Professional,Website,High,6,304,0.114,Website Activity,No,No,Yes,No,No,1
2552,57,Professional,Website,Medium,0,0,0,Email Activity,No,No,No,No,No,0
2553,52,Professional,Website,Medium,5,65,3.481,Website Activity,Yes,No,No,No,No,0
2554,41,Professional,Website,High,1,1,2.151,Email Activity,Yes,No,No,No,No,1
2555,49,Professional,Mobile App,High,10,66,9.999,Email Activity,No,No,No,No,No,0
2556,57,Unemployed,Mobile App,High,8,421,3.509,Email Activity,Yes,No,No,No,No,0
2557,57,Unemployed,Mobile App,High,1,164,3.506,Website Activity,Yes,No,No,No,No,0
2558,18,Student,Website,Medium,2,1808,5.339,Phone Activity,No,No,No,No,No,0
2559,33,Unemployed,Website,High,3,239,3.163,Website Activity,No,No,No,No,No,0
2560,63,Unemployed,Website,Medium,0,0,0,Phone Activity,No,No,No,No,No,0
2561,46,Professional,Mobile App,High,1,63,2.232,Email Activity,No,No,No,Yes,No,0
2562,55,Professional,Mobile App,High,2,65,2.166,Email Activity,Yes,No,No,No,No,0
2563,59,Professional,Website,Medium,11,2388,11.512,Email Activity,No,No,No,Yes,No,1
2564,57,Professional,Website,High,3,1291,2.703,Phone Activity,No,No,No,No,No,1
2565,33,Professional,Mobile App,High,2,437,0.179,Email Activity,No,No,No,No,No,0
2566,60,Professional,Website,Low,2,77,7.511,Website Activity,Yes,No,No,No,No,0
2567,18,Student,Website,Medium,3,62,3.413,Email Activity,No,No,No,No,No,0
2568,58,Professional,Website,High,2,303,3.374,Phone Activity,No,No,No,No,No,1
2569,20,Student,Website,Medium,6,158,5.005,Phone Activity,No,No,No,No,No,0
2570,59,Professional,Website,High,3,316,14.147,Website Activity,No,No,Yes,No,No,0
2571,59,Professional,Website,Medium,6,924,2.165,Email Activity,Yes,No,No,No,No,1
2572,58,Unemployed,Mobile App,High,2,52,2.24,Email Activity,No,No,No,Yes,No,0
2573,55,Unemployed,Website,Medium,3,1723,2.042,Website Activity,No,No,No,No,No,0
2574,41,Professional,Mobile App,High,2,1605,0.112,Email Activity,No,No,Yes,Yes,No,0
2575,53,Unemployed,Mobile App,High,1,42,2.216,Website Activity,No,No,No,No,No,0
2576,23,Student,Website,High,3,191,0.163,Email Activity,No,No,No,No,No,0
2577,50,Professional,Mobile App,Medium,5,190,3.467,Email Activity,No,No,No,No,No,0
2578,33,Professional,Mobile App,Medium,8,419,11.345,Phone Activity,No,No,No,No,No,0
2579,18,Student,Mobile App,High,1,297,1.074,Email Activity,No,No,No,Yes,No,0
2580,49,Professional,Mobile App,High,1,97,2.188,Email Activity,No,No,No,No,No,0
2581,18,Student,Mobile App,Medium,1,121,8.835,Email Activity,No,No,No,No,No,0
2582,33,Unemployed,Website,High,5,402,0.192,Phone Activity,No,No,No,No,No,0
2583,51,Professional,Mobile App,Medium,9,144,2.109,Website Activity,No,No,No,No,No,0
2584,58,Professional,Website,High,1,1534,8.023,Email Activity,No,No,No,Yes,No,1
2585,41,Unemployed,Mobile App,High,1,59,2.155,Website Activity,No,No,No,Yes,No,0
2586,21,Student,Website,Medium,7,253,10.538,Email Activity,No,No,No,No,No,0
2587,60,Unemployed,Mobile App,Medium,2,1798,7.678,Email Activity,No,No,No,No,No,0
2588,58,Professional,Website,Medium,1,238,1.75,Phone Activity,No,No,Yes,Yes,No,0
2589,52,Professional,Website,High,2,409,2.154,Email Activity,No,No,No,No,No,0
2590,53,Unemployed,Mobile App,High,3,65,3.149,Email Activity,No,No,Yes,Yes,No,0
2591,33,Unemployed,Mobile App,High,5,1339,2.103,Phone Activity,No,No,No,No,No,0
2592,50,Professional,Mobile App,High,5,367,3.405,Email Activity,No,No,No,Yes,No,0
2593,59,Professional,Mobile App,High,5,1354,2.447,Email Activity,No,No,No,Yes,No,0
2594,47,Professional,Mobile App,Medium,4,86,5.71,Email Activity,No,No,Yes,No,No,0
2595,46,Professional,Website,High,2,2092,2.218,Email Activity,No,No,No,No,Yes,1
2596,57,Professional,Website,High,6,2249,3.285,Email Activity,No,No,No,Yes,No,1
2597,56,Unemployed,Mobile App,High,2,391,1.984,Email Activity,No,No,No,No,No,0
2598,56,Professional,Mobile App,High,4,516,3.637,Email Activity,No,No,No,No,No,0
2599,51,Unemployed,Website,High,3,555,1.842,Email Activity,No,No,No,No,No,1
2600,32,Unemployed,Website,Medium,2,968,0.235,Website Activity,No,No,No,No,No,0
2601,56,Professional,Mobile App,High,1,119,4.486,Website Activity,No,No,No,No,No,0
2602,21,Student,Mobile App,Medium,2,1472,2.017,Phone Activity,No,No,No,No,No,0
2603,42,Professional,Mobile App,Medium,3,1,5.511,Phone Activity,No,No,No,Yes,No,0
2604,24,Student,Website,Medium,1,1461,8.121,Email Activity,No,No,No,No,No,0
2605,60,Unemployed,Mobile App,Medium,6,1234,1.979,Phone Activity,No,Yes,No,No,No,1
2606,23,Student,Website,High,0,0,0,Email Activity,No,No,Yes,No,No,0
2607,55,Professional,Website,High,3,393,2.065,Email Activity,No,No,No,No,No,1
2608,58,Unemployed,Website,High,2,2378,11.5,Phone Activity,No,No,Yes,No,No,1
2609,56,Unemployed,Mobile App,Medium,4,2278,11.5,Phone Activity,No,No,No,No,No,0
2610,49,Professional,Website,Medium,1,260,3.182,Email Activity,No,No,No,No,No,0
2611,23,Student,Website,Medium,3,440,4.324,Email Activity,No,No,No,No,No,0
2612,54,Unemployed,Website,Medium,5,1902,3.744,Website Activity,No,No,No,No,No,1
2613,56,Professional,Website,Medium,2,163,2.141,Email Activity,No,No,No,No,No,0
2614,32,Professional,Website,Medium,3,553,0.076,Website Activity,No,Yes,No,No,No,1
2615,58,Professional,Website,High,6,1890,1.984,Phone Activity,No,No,No,Yes,No,1
2616,54,Unemployed,Mobile App,High,1,1139,5.45,Email Activity,No,No,Yes,No,No,0
2617,56,Professional,Mobile App,Medium,6,535,3.743,Website Activity,No,No,No,No,No,0
2618,18,Student,Website,High,3,1114,3.586,Phone Activity,Yes,No,No,No,No,0
2619,20,Student,Website,High,4,203,3.841,Website Activity,No,No,No,No,No,0
2620,59,Professional,Website,Medium,2,685,3.275,Email Activity,No,No,No,No,No,1
2621,48,Professional,Website,Medium,1,224,2.167,Email Activity,No,No,No,No,No,0
2622,54,Unemployed,Mobile App,Medium,8,1465,3.292,Phone Activity,No,No,No,No,No,0
2623,46,Professional,Mobile App,High,8,378,5.508,Phone Activity,No,No,No,No,No,0
2624,40,Professional,Mobile App,High,1,729,2.972,Email Activity,No,Yes,No,Yes,No,0
2625,63,Unemployed,Website,High,7,599,5.598,Email Activity,No,No,No,No,No,1
2626,39,Unemployed,Mobile App,High,1,50,3.048,Email Activity,No,No,No,No,No,0
2627,58,Professional,Mobile App,Medium,0,0,0,Phone Activity,Yes,No,Yes,No,No,0
2628,60,Professional,Website,Medium,1,233,7.489,Email Activity,No,No,No,No,No,0
2629,54,Unemployed,Website,High,2,318,3.419,Website Activity,No,No,Yes,No,No,0
2630,21,Student,Mobile App,Medium,4,384,0.728,Email Activity,No,No,No,No,No,0
2631,49,Unemployed,Mobile App,Medium,5,2020,1.529,Phone Activity,Yes,No,No,No,No,0
2632,58,Professional,Mobile App,Medium,5,183,2.241,Email Activity,No,Yes,Yes,No,No,0
2633,59,Professional,Website,Medium,3,1,0,Email Activity,No,No,No,No,No,0
2634,59,Unemployed,Website,Medium,1,92,3.748,Email Activity,No,No,No,No,No,0
2635,58,Unemployed,Website,Medium,5,1274,1.989,Phone Activity,No,No,No,No,No,0
2636,57,Professional,Website,High,2,1968,2.115,Phone Activity,No,No,No,No,No,1
2637,62,Unemployed,Website,High,4,286,2.067,Website Activity,No,No,No,No,No,0
2638,36,Unemployed,Mobile App,High,1,493,3.763,Email Activity,Yes,No,No,No,No,0
2639,42,Professional,Mobile App,Medium,14,57,2.086,Phone Activity,No,No,No,No,No,0
2640,37,Professional,Website,Medium,3,1681,2.043,Website Activity,Yes,No,Yes,No,Yes,1
2641,45,Professional,Website,Medium,1,394,3.888,Phone Activity,No,No,No,No,No,0
2642,53,Professional,Mobile App,High,6,452,2.177,Website Activity,No,No,No,No,No,0
2643,56,Professional,Website,High,17,1626,2.236,Website Activity,No,No,No,No,No,1
2644,20,Student,Website,High,5,60,3.34,Email Activity,No,No,No,No,No,0
2645,40,Professional,Mobile App,High,1,291,0.301,Phone Activity,Yes,No,No,No,No,0
2646,56,Unemployed,Mobile App,Medium,3,215,2.161,Website Activity,Yes,No,Yes,No,No,0
2647,50,Professional,Mobile App,High,1,1549,3.696,Website Activity,No,Yes,No,No,No,0
2648,58,Professional,Mobile App,High,1,1,2.969,Phone Activity,Yes,No,No,No,No,0
2649,63,Unemployed,Mobile App,High,2,2066,3.5,Email Activity,Yes,No,Yes,No,No,0
2650,24,Student,Mobile App,Medium,6,124,2.216,Email Activity,No,No,No,No,No,0
2651,58,Unemployed,Website,Medium,1,566,3.447,Phone Activity,No,No,No,No,No,1
2652,57,Professional,Mobile App,Medium,0,0,0,Phone Activity,No,No,No,No,No,0
2653,56,Professional,Website,Medium,4,1,2.238,Email Activity,No,No,No,No,No,0
2654,63,Unemployed,Mobile App,High,4,2248,3.388,Email Activity,No,No,Yes,No,No,0
2655,59,Professional,Mobile App,High,2,234,0.105,Email Activity,No,No,No,No,No,0
2656,55,Professional,Website,High,8,155,2.228,Email Activity,No,No,Yes,No,No,1
2657,30,Professional,Mobile App,High,3,2412,0.257,Email Activity,No,No,No,No,No,0
2658,32,Unemployed,Website,High,1,586,3.441,Website Activity,No,No,No,No,No,1
2659,58,Professional,Mobile App,Medium,2,724,3.272,Website Activity,No,No,No,No,No,0
2660,60,Professional,Mobile App,High,5,265,8.627,Phone Activity,No,No,No,Yes,No,0
2661,56,Professional,Mobile App,High,3,2404,3.29,Email Activity,No,No,No,No,No,0
2662,45,Unemployed,Mobile App,Medium,3,85,2.25,Website Activity,No,No,No,No,No,0
2663,59,Professional,Mobile App,Medium,4,51,3.712,Website Activity,No,No,No,No,No,0
2664,59,Unemployed,Mobile App,Medium,1,287,3.245,Email Activity,No,No,Yes,No,No,0
2665,37,Professional,Mobile App,High,2,1827,6.88,Website Activity,No,No,No,No,No,1
2666,57,Professional,Mobile App,High,0,0,0,Email Activity,No,No,No,Yes,No,0
2667,44,Unemployed,Website,Medium,3,1858,5.455,Website Activity,No,No,No,No,No,1
2668,60,Professional,Website,Medium,2,86,0.129,Email Activity,No,No,No,Yes,No,0
2669,56,Unemployed,Mobile App,High,5,303,3.426,Email Activity,No,No,No,No,No,0
2670,57,Professional,Website,Medium,5,64,2.241,Phone Activity,No,No,No,No,No,0
2671,56,Professional,Website,Medium,2,351,3.63,Email Activity,Yes,No,No,Yes,No,0
2672,32,Unemployed,Website,Medium,1,277,1.684,Email Activity,No,No,No,No,No,0
2673,45,Professional,Website,High,5,308,0.032,Website Activity,No,No,No,No,No,1
2674,56,Professional,Mobile App,Medium,19,330,2.186,Email Activity,No,No,No,Yes,No,0
2675,47,Professional,Mobile App,Medium,0,0,0,Phone Activity,No,No,No,No,No,0
2676,45,Professional,Website,Low,5,394,3.38,Phone Activity,No,No,No,No,No,1
2677,57,Unemployed,Website,Medium,4,729,3.277,Phone Activity,No,No,No,No,No,1
2678,31,Professional,Website,High,3,438,11.8,Phone Activity,No,No,Yes,No,No,1
2679,55,Professional,Website,Medium,2,609,2.188,Website Activity,Yes,No,No,No,No,1
2680,38,Professional,Mobile App,High,5,88,3.786,Website Activity,Yes,No,No,No,No,0
2681,57,Professional,Website,Medium,3,1880,2.115,Email Activity,No,No,No,Yes,No,1
2682,46,Professional,Mobile App,Medium,7,1490,3.268,Phone Activity,No,No,No,Yes,No,0
2683,48,Professional,Website,Medium,6,415,5.797,Email Activity,No,No,No,No,No,0
2684,54,Professional,Mobile App,Medium,2,60,2.092,Email Activity,No,No,Yes,No,No,0
2685,32,Unemployed,Mobile App,Medium,2,79,8.289,Phone Activity,No,No,No,Yes,No,0
2686,59,Professional,Mobile App,High,5,617,2.169,Email Activity,No,No,No,No,No,0
2687,37,Professional,Mobile App,Medium,1,331,3.072,Email Activity,No,No,No,No,No,0
2688,30,Professional,Mobile App,Medium,4,1696,2.216,Website Activity,No,No,No,No,No,0
2689,23,Student,Website,High,2,105,2.22,Email Activity,No,No,No,No,No,0
2690,54,Professional,Website,High,6,91,3.618,Email Activity,Yes,No,No,No,No,1
2691,60,Professional,Website,High,3,2027,3.755,Website Activity,No,No,No,No,No,1
2692,20,Student,Website,Medium,2,78,2.886,Email Activity,No,No,No,Yes,No,0
2693,59,Unemployed,Website,High,5,98,1.701,Email Activity,No,No,No,Yes,No,0
2694,45,Unemployed,Website,Medium,3,706,2.265,Email Activity,No,No,No,No,No,0
2695,20,Student,Mobile App,Medium,29,1152,3.868,Phone Activity,No,No,No,Yes,No,0
2696,59,Unemployed,Mobile App,High,2,81,2.108,Website Activity,No,No,No,Yes,No,0
2697,21,Student,Mobile App,High,2,690,5.386,Email Activity,No,No,Yes,No,No,1
2698,60,Unemployed,Website,High,5,36,6.848,Email Activity,No,No,No,No,No,0
2699,59,Unemployed,Website,Medium,0,0,0,Phone Activity,No,No,No,No,No,0
2700,34,Professional,Website,High,1,2398,0.278,Email Activity,No,No,No,No,No,1
2701,47,Unemployed,Mobile App,High,3,349,5.278,Website Activity,No,No,No,No,No,0
2702,59,Unemployed,Mobile App,Medium,9,47,0.19,Email Activity,No,No,No,No,No,0
2703,58,Professional,Mobile App,High,4,50,4.1,Website Activity,No,No,No,No,No,0
2704,58,Professional,Website,Medium,9,2120,3.252,Phone Activity,No,No,No,No,No,0
2705,43,Unemployed,Website,High,0,0,0,Email Activity,No,No,No,No,No,1
2706,57,Professional,Mobile App,Medium,7,601,2.092,Email Activity,No,No,No,No,No,1
2707,50,Professional,Website,High,2,2073,3.098,Website Activity,No,No,No,No,No,1
2708,47,Unemployed,Website,High,2,218,2.071,Email Activity,No,No,No,No,No,1
2709,29,Professional,Website,High,2,48,5.568,Phone Activity,No,No,No,Yes,No,0
2710,56,Professional,Mobile App,Medium,6,83,8.031,Email Activity,No,No,No,No,No,0
2711,57,Professional,Website,Medium,2,78,6.313,Phone Activity,No,No,No,No,No,0
2712,56,Professional,Website,High,4,354,3.744,Website Activity,No,No,No,No,No,0
2713,60,Unemployed,Mobile App,High,2,1,3.925,Website Activity,Yes,No,No,Yes,No,0
2714,54,Professional,Website,Low,1,1,3.23,Email Activity,No,No,No,Yes,No,0
2715,53,Professional,Website,High,1,1,4.181,Website Activity,No,No,No,No,No,1
2716,32,Professional,Mobile App,High,9,413,5.669,Phone Activity,No,No,No,No,No,0
2717,48,Unemployed,Mobile App,High,3,1224,3.745,Phone Activity,No,No,No,Yes,No,1
2718,33,Unemployed,Website,Medium,6,13,0.334,Phone Activity,No,No,No,No,No,0
2719,60,Unemployed,Website,Medium,3,361,3.338,Email Activity,No,No,Yes,No,No,0
2720,55,Professional,Website,Medium,4,2418,5.31,Phone Activity,No,Yes,No,No,No,0
2721,42,Unemployed,Mobile App,Medium,4,38,3.415,Email Activity,No,Yes,No,No,No,0
2722,57,Unemployed,Mobile App,Medium,5,391,3.986,Phone Activity,No,No,No,No,No,0
2723,59,Unemployed,Website,High,11,579,1.446,Website Activity,No,No,No,No,No,1
2724,55,Professional,Mobile App,High,12,650,2.054,Email Activity,Yes,No,No,No,No,0
2725,20,Student,Website,High,7,88,1.79,Email Activity,No,No,No,No,No,0
2726,56,Professional,Website,High,1,257,3.968,Email Activity,No,No,Yes,No,No,1
2727,56,Unemployed,Website,High,2,2212,2.174,Email Activity,No,No,No,No,No,1
2728,54,Professional,Mobile App,High,3,501,1.223,Email Activity,No,No,No,No,No,0
2729,59,Unemployed,Website,Medium,5,84,0.126,Email Activity,No,No,No,No,No,0
2730,34,Professional,Website,Medium,0,0,0,Email Activity,No,No,Yes,No,No,0
2731,59,Professional,Website,Medium,3,2021,7.793,Website Activity,Yes,No,No,No,No,1
2732,33,Professional,Mobile App,High,3,52,0.185,Website Activity,No,No,No,No,No,0
2733,26,Professional,Mobile App,High,2,38,1.684,Email Activity,No,No,No,No,No,0
2734,21,Student,Mobile App,Low,2,44,7.687,Phone Activity,No,No,No,Yes,No,0
2735,46,Professional,Website,Medium,6,621,0.137,Email Activity,No,No,No,No,No,1
2736,58,Unemployed,Mobile App,High,2,44,0.204,Phone Activity,No,No,No,No,No,0
2737,32,Unemployed,Website,High,5,375,2.121,Website Activity,No,No,No,No,No,0
2738,45,Unemployed,Website,Medium,1,376,0.143,Phone Activity,No,No,No,No,No,0
2739,38,Unemployed,Website,Medium,7,1903,3.289,Website Activity,No,No,No,No,No,1
2740,55,Professional,Website,Medium,3,1700,5.841,Phone Activity,No,No,Yes,No,No,0
2741,50,Professional,Website,Medium,2,85,4.381,Phone Activity,No,No,No,No,No,0
2742,43,Professional,Website,High,3,9,5.671,Email Activity,No,No,No,No,No,1
2743,58,Professional,Mobile App,High,2,1748,3.103,Email Activity,Yes,No,Yes,No,No,0
2744,20,Student,Website,Medium,2,336,3.61,Email Activity,No,No,No,No,No,0
2745,54,Professional,Mobile App,Medium,3,48,3.89,Phone Activity,No,No,No,No,No,0
2746,58,Unemployed,Mobile App,Low,2,65,2.229,Email Activity,No,No,No,Yes,No,0
2747,52,Professional,Mobile App,Medium,2,56,0.215,Website Activity,No,No,No,No,No,0
2748,50,Unemployed,Mobile App,Medium,4,351,3.748,Email Activity,No,No,No,No,No,0
2749,32,Professional,Website,Medium,3,1788,0.145,Website Activity,No,No,Yes,No,No,1
2750,32,Professional,Mobile App,Medium,0,0,0,Email Activity,No,No,No,No,No,0
2751,48,Professional,Mobile App,High,1,41,2.086,Phone Activity,No,No,Yes,No,No,0
2752,59,Professional,Website,Medium,4,603,2.117,Email Activity,No,No,No,No,No,1
2753,59,Unemployed,Mobile App,Medium,5,193,3.703,Email Activity,No,No,Yes,No,No,0
2754,58,Unemployed,Mobile App,Medium,2,1090,0.299,Phone Activity,No,No,No,No,No,0
2755,31,Professional,Mobile App,High,8,458,3.132,Website Activity,No,No,No,No,No,1
2756,49,Unemployed,Mobile App,Medium,11,1995,5.501,Email Activity,Yes,No,No,No,No,1
2757,61,Unemployed,Website,High,2,344,4.46,Phone Activity,No,No,No,Yes,No,1
2758,58,Professional,Mobile App,High,2,1960,2.108,Email Activity,No,No,No,No,No,1
2759,32,Unemployed,Website,High,5,386,8.083,Email Activity,No,No,No,No,No,0
2760,57,Professional,Mobile App,High,4,1708,3.934,Email Activity,No,No,No,No,No,0
2761,59,Unemployed,Website,Medium,3,99,4.418,Email Activity,No,No,Yes,No,No,0
2762,38,Unemployed,Mobile App,Medium,3,13,5.492,Website Activity,No,No,No,No,No,0
2763,53,Professional,Website,High,13,1852,3.654,Phone Activity,No,No,Yes,No,No,1
2764,44,Professional,Website,High,1,64,5.051,Website Activity,No,Yes,No,Yes,No,1
2765,45,Professional,Website,High,5,255,5.631,Email Activity,No,No,No,No,No,1
2766,51,Unemployed,Website,Medium,1,602,1.954,Website Activity,No,No,No,No,No,1
2767,60,Unemployed,Mobile App,High,3,1518,3.898,Website Activity,No,No,Yes,No,No,0
2768,58,Professional,Website,High,2,2306,3.894,Email Activity,No,No,No,No,No,1
2769,32,Unemployed,Mobile App,Low,7,1294,3.835,Email Activity,No,No,No,No,No,0
2770,56,Professional,Website,High,1,301,2.06,Website Activity,No,No,No,No,No,1
2771,38,Unemployed,Mobile App,High,1,1894,3.93,Phone Activity,No,No,No,No,No,0
2772,51,Professional,Mobile App,High,9,2336,2.239,Website Activity,No,No,No,No,No,0
2773,50,Unemployed,Mobile App,High,4,477,0.264,Website Activity,No,No,Yes,No,No,0
2774,63,Unemployed,Mobile App,High,2,2486,5.53,Email Activity,Yes,No,No,Yes,No,0
2775,24,Student,Website,High,4,158,2.239,Email Activity,No,No,No,Yes,No,0
2776,51,Professional,Website,High,2,683,3.296,Email Activity,No,No,No,No,No,1
2777,54,Unemployed,Mobile App,High,4,729,2.264,Phone Activity,No,Yes,No,No,No,0
2778,53,Unemployed,Mobile App,Medium,5,267,2.007,Phone Activity,No,Yes,No,No,No,0
2779,60,Unemployed,Website,Medium,6,538,4.311,Website Activity,No,No,No,No,No,1
2780,23,Student,Website,Medium,1,927,5.495,Website Activity,No,No,No,Yes,No,0
2781,55,Professional,Website,High,8,562,3.171,Phone Activity,No,No,No,No,No,0
2782,57,Unemployed,Mobile App,Medium,2,112,3.422,Email Activity,No,No,No,No,No,0
2783,59,Professional,Mobile App,High,3,2248,3.746,Email Activity,No,No,No,No,No,0
2784,58,Professional,Website,Medium,6,408,4.913,Email Activity,No,No,No,No,No,0
2785,50,Unemployed,Website,High,2,49,2.006,Email Activity,No,No,No,Yes,No,0
2786,24,Student,Mobile App,Medium,7,6,5.725,Email Activity,No,No,No,No,No,0
2787,56,Professional,Mobile App,High,3,1094,2.204,Website Activity,No,No,No,No,No,0
2788,57,Unemployed,Website,Medium,1,18,3.345,Phone Activity,Yes,No,No,No,No,0
2789,20,Student,Website,Medium,6,918,3.538,Phone Activity,Yes,No,No,No,No,0
2790,59,Unemployed,Mobile App,High,0,0,0,Email Activity,No,No,No,No,No,0
2791,60,Professional,Website,High,4,219,1.909,Email Activity,No,No,No,No,No,1
2792,60,Professional,Website,Medium,2,2008,2.28,Phone Activity,No,No,Yes,No,No,0
2793,40,Unemployed,Mobile App,Medium,3,309,3.277,Email Activity,No,No,No,Yes,No,0
2794,57,Professional,Website,Low,2,65,3.664,Website Activity,No,No,No,No,No,1
2795,44,Professional,Website,High,10,83,4.256,Website Activity,No,No,No,No,No,1
2796,18,Student,Mobile App,Medium,7,2087,3.009,Email Activity,No,No,No,No,No,0
2797,24,Student,Mobile App,High,6,420,3.756,Email Activity,No,No,No,No,No,1
2798,63,Unemployed,Mobile App,High,5,358,3.601,Email Activity,No,No,No,No,Yes,0
2799,57,Unemployed,Website,High,3,67,9.806,Email Activity,No,No,No,No,No,1
2800,52,Unemployed,Website,Medium,0,0,0,Email Activity,No,No,No,No,No,0
2801,35,Professional,Mobile App,High,3,62,3.873,Email Activity,No,No,No,Yes,No,0
2802,48,Unemployed,Mobile App,High,5,38,8.212,Phone Activity,No,No,No,No,No,0
2803,18,Student,Mobile App,High,7,1199,2.068,Website Activity,No,No,No,No,No,0
2804,21,Student,Mobile App,High,8,241,2.173,Email Activity,No,No,No,No,No,0
2805,37,Professional,Website,Medium,0,0,0,Email Activity,No,No,No,No,No,0
2806,59,Unemployed,Mobile App,Medium,1,130,3.64,Email Activity,No,No,No,No,No,0
2807,59,Professional,Mobile App,High,5,59,2.228,Website Activity,Yes,No,No,No,No,0
2808,55,Unemployed,Mobile App,Medium,2,2479,1.911,Website Activity,No,No,No,No,No,1
2809,46,Professional,Mobile App,Medium,2,125,2.17,Email Activity,Yes,No,Yes,No,No,0
2810,48,Unemployed,Mobile App,Medium,2,1790,5.67,Phone Activity,No,No,No,No,No,0
2811,60,Unemployed,Mobile App,High,4,211,0.032,Email Activity,No,No,No,Yes,No,0
2812,52,Professional,Mobile App,High,2,539,3.832,Phone Activity,No,No,Yes,No,No,0
2813,39,Professional,Website,Medium,4,1950,3.353,Email Activity,No,No,No,No,No,1
2814,60,Unemployed,Mobile App,High,1,2007,2.199,Email Activity,Yes,No,No,No,No,0
2815,56,Professional,Mobile App,Medium,2,219,2.101,Email Activity,No,No,No,Yes,No,0
2816,55,Professional,Mobile App,Medium,1,348,4.005,Email Activity,No,No,No,No,No,0
2817,61,Unemployed,Mobile App,High,5,443,9.886,Phone Activity,No,No,No,No,No,1
2818,56,Unemployed,Mobile App,High,1,1753,2.017,Email Activity,No,No,No,No,No,0
2819,59,Professional,Website,High,5,1432,2.196,Email Activity,No,No,No,Yes,Yes,1
2820,57,Professional,Website,Medium,3,570,3.291,Website Activity,No,No,No,No,No,1
2821,41,Professional,Mobile App,Medium,7,1812,2.208,Email Activity,No,No,No,No,No,0
2822,43,Unemployed,Mobile App,Medium,4,1227,2.701,Phone Activity,Yes,No,No,No,No,0
2823,30,Professional,Website,Medium,7,322,3.917,Phone Activity,No,No,No,No,No,0
2824,57,Professional,Mobile App,High,2,870,2.15,Email Activity,Yes,No,No,No,No,0
2825,38,Professional,Website,Medium,4,1758,4.129,Phone Activity,No,No,No,Yes,No,0
2826,18,Student,Website,Medium,2,1626,1.854,Phone Activity,No,No,No,No,No,0
2827,30,Professional,Website,Medium,1,73,0.271,Phone Activity,No,No,No,No,No,0
2828,20,Student,Website,Medium,2,443,5.122,Email Activity,No,Yes,No,No,No,1
2829,43,Professional,Website,High,6,58,3.258,Email Activity,No,No,Yes,No,No,1
2830,55,Unemployed,Mobile App,High,5,1471,5.517,Phone Activity,No,No,No,No,No,0
2831,55,Professional,Mobile App,High,4,410,2.079,Website Activity,No,Yes,No,No,No,0
2832,18,Student,Website,High,2,82,2.945,Email Activity,No,No,No,No,No,0
2833,35,Professional,Mobile App,High,2,1,2.217,Email Activity,No,No,No,No,No,0
2834,58,Unemployed,Mobile App,High,2,1254,3.808,Phone Activity,No,No,No,No,No,0
2835,60,Professional,Website,High,2,45,5.739,Email Activity,No,No,No,No,No,0
2836,24,Student,Website,Medium,8,2114,6.808,Phone Activity,No,No,No,No,No,0
2837,57,Professional,Mobile App,Medium,5,2186,2.173,Email Activity,No,No,Yes,No,No,0
2838,30,Professional,Website,Medium,4,294,2.011,Phone Activity,No,No,No,No,No,0
2839,28,Professional,Website,Medium,2,49,3.634,Website Activity,No,Yes,No,Yes,No,0
2840,31,Professional,Website,High,3,1932,2.168,Website Activity,No,No,No,No,No,1
2841,62,Unemployed,Website,High,1,374,4.128,Email Activity,Yes,No,No,No,No,1
2842,42,Unemployed,Mobile App,Medium,1,387,3.818,Phone Activity,No,No,No,No,No,0
2843,40,Professional,Website,High,2,1832,3.795,Website Activity,No,No,No,No,No,1
2844,21,Student,Mobile App,High,7,92,3.366,Website Activity,No,No,No,No,No,0
2845,41,Unemployed,Website,Medium,12,340,2.644,Email Activity,No,No,No,Yes,No,0
2846,57,Professional,Mobile App,High,2,2186,3.398,Email Activity,No,No,No,No,No,0
2847,60,Unemployed,Website,Medium,9,393,1.773,Email Activity,No,No,No,No,No,0
2848,28,Professional,Mobile App,Low,6,316,2.211,Email Activity,No,No,No,No,No,0
2849,48,Professional,Website,Medium,2,358,2.093,Email Activity,No,No,No,No,No,0
2850,48,Unemployed,Mobile App,High,5,1378,1.923,Phone Activity,No,No,No,No,No,1
2851,58,Professional,Mobile App,Medium,2,1856,0.196,Email Activity,No,No,No,No,No,0
2852,19,Student,Website,Medium,1,1530,3.394,Phone Activity,No,No,No,No,No,0
2853,56,Unemployed,Website,Medium,1,308,4.215,Phone Activity,No,No,No,No,No,0
2854,58,Professional,Mobile App,High,2,2058,3.724,Email Activity,No,Yes,No,No,No,0
2855,55,Professional,Website,Medium,2,1151,7.687,Website Activity,No,Yes,No,Yes,No,0
2856,29,Professional,Website,High,2,1050,3.515,Phone Activity,No,No,Yes,No,No,0
2857,56,Professional,Website,Medium,1,1570,3.569,Website Activity,No,No,No,No,Yes,1
2858,25,Professional,Website,Medium,4,258,0.348,Website Activity,No,No,No,No,No,0
2859,60,Professional,Mobile App,High,10,220,3.854,Email Activity,No,Yes,No,No,No,0
2860,18,Student,Website,High,3,655,3.355,Phone Activity,No,No,No,No,No,1
2861,56,Unemployed,Website,High,0,0,0,Phone Activity,No,No,No,No,No,1
2862,32,Unemployed,Mobile App,High,3,258,2.081,Email Activity,No,No,No,No,No,0
2863,54,Professional,Mobile App,High,2,134,2.165,Phone Activity,No,No,No,Yes,No,0
2864,57,Professional,Mobile App,High,4,45,3.721,Email Activity,No,No,No,No,No,0
2865,56,Professional,Mobile App,Medium,2,38,4.333,Email Activity,No,No,No,No,No,0
2866,21,Student,Mobile App,High,3,204,5.319,Website Activity,No,No,No,No,No,0
2867,32,Unemployed,Website,Medium,2,71,3.898,Email Activity,No,No,No,No,No,0
2868,37,Unemployed,Mobile App,Low,4,211,2.01,Email Activity,Yes,No,No,No,No,0
2869,18,Student,Website,High,8,359,1.707,Email Activity,No,No,No,No,No,0
2870,19,Student,Website,High,1,268,2.964,Phone Activity,No,No,No,No,No,0
2871,57,Professional,Website,Medium,5,2295,3.734,Phone Activity,No,No,No,Yes,No,0
2872,59,Professional,Website,High,7,1675,7.837,Email Activity,Yes,No,No,No,No,1
2873,55,Professional,Mobile App,High,2,102,3.783,Phone Activity,No,No,Yes,No,No,0
2874,47,Unemployed,Mobile App,High,7,278,2.149,Website Activity,No,No,No,Yes,No,0
2875,57,Professional,Mobile App,High,1,2216,2.301,Phone Activity,Yes,No,No,No,No,0
2876,23,Student,Website,Medium,4,75,2.136,Website Activity,No,Yes,No,No,No,0
2877,57,Professional,Website,High,2,281,3.076,Phone Activity,No,No,No,No,No,1
2878,53,Unemployed,Mobile App,Medium,2,311,3.821,Phone Activity,No,No,No,Yes,No,0
2879,53,Professional,Website,High,1,1553,3.643,Email Activity,No,No,Yes,No,No,1
2880,58,Unemployed,Website,Medium,1,354,1.983,Phone Activity,No,No,No,No,No,0
2881,41,Professional,Website,Medium,4,570,3.247,Website Activity,No,No,No,No,Yes,1
2882,56,Unemployed,Mobile App,Medium,6,286,5.843,Website Activity,No,No,No,No,No,0
2883,45,Professional,Website,High,3,418,2.917,Email Activity,No,No,No,No,No,1
2884,24,Student,Website,Medium,4,1602,1.993,Email Activity,No,No,No,Yes,No,0
2885,38,Professional,Mobile App,Medium,3,1820,3.899,Email Activity,No,No,No,No,No,0
2886,42,Unemployed,Mobile App,High,8,1142,3.678,Website Activity,No,No,No,No,No,0
2887,58,Professional,Website,Medium,3,67,6.967,Email Activity,No,Yes,No,No,No,0
2888,19,Student,Mobile App,Medium,5,1552,3.639,Website Activity,No,No,Yes,No,No,0
2889,57,Unemployed,Mobile App,Medium,2,1,0.275,Email Activity,No,No,No,No,No,0
2890,56,Professional,Mobile App,Medium,7,196,1.683,Phone Activity,No,No,No,No,No,0
2891,55,Professional,Website,Medium,4,693,2.178,Phone Activity,No,No,No,Yes,No,0
2892,42,Professional,Mobile App,Medium,2,268,5.627,Phone Activity,Yes,No,No,No,No,0
2893,43,Professional,Mobile App,High,2,320,3.579,Phone Activity,No,No,Yes,No,No,0
2894,24,Student,Mobile App,High,3,187,2.17,Website Activity,No,No,No,No,No,0
2895,57,Professional,Mobile App,Medium,2,665,2.213,Phone Activity,No,No,No,No,No,0
2896,56,Unemployed,Mobile App,High,1,281,5.347,Email Activity,No,No,No,No,No,0
2897,53,Professional,Mobile App,Medium,5,299,7.862,Website Activity,No,No,No,No,No,0
2898,56,Unemployed,Mobile App,High,5,719,5.769,Website Activity,No,No,No,Yes,No,0
2899,60,Unemployed,Mobile App,High,5,493,0.184,Email Activity,No,No,No,Yes,No,0
2900,51,Professional,Website,High,0,0,0,Email Activity,No,No,No,No,Yes,1
2901,44,Unemployed,Website,High,3,2023,3.572,Email Activity,No,No,No,No,No,0
2902,24,Student,Mobile App,High,4,1461,8.166,Phone Activity,No,No,Yes,No,No,0
2903,56,Professional,Website,High,2,2221,3.316,Email Activity,No,No,Yes,No,No,1
2904,56,Unemployed,Mobile App,Medium,2,1895,7.715,Email Activity,No,Yes,No,No,No,0
2905,25,Professional,Mobile App,Medium,2,304,1.2,Email Activity,No,No,No,Yes,No,0
2906,40,Professional,Mobile App,Medium,1,11,2.199,Email Activity,Yes,No,No,No,No,0
2907,58,Professional,Website,Medium,2,317,2.657,Phone Activity,No,No,No,No,No,0
2908,50,Unemployed,Website,High,6,264,2.577,Email Activity,No,Yes,No,No,No,1
2909,56,Professional,Website,Medium,0,0,0,Email Activity,No,No,Yes,Yes,Yes,0
2910,32,Professional,Website,Medium,5,49,5.679,Website Activity,No,Yes,No,No,No,0
2911,49,Professional,Website,High,1,2121,5.672,Email Activity,No,No,No,No,No,1
2912,57,Professional,Mobile App,High,8,296,5.395,Website Activity,No,No,No,No,No,0
2913,20,Student,Website,High,3,179,3.403,Phone Activity,No,No,No,No,No,0
2914,59,Unemployed,Website,High,4,88,5.174,Email Activity,Yes,No,No,No,No,0
2915,20,Student,Mobile App,High,3,1749,0.15,Phone Activity,No,No,No,No,No,0
2916,59,Professional,Mobile App,Medium,1,1911,4.383,Email Activity,No,No,No,No,No,0
2917,59,Unemployed,Website,Medium,0,0,0,Phone Activity,No,No,Yes,No,No,0
2918,56,Professional,Website,Medium,1,263,2.005,Email Activity,No,No,No,No,No,0
2919,33,Professional,Mobile App,Medium,3,1967,2.167,Phone Activity,No,No,Yes,Yes,No,0
2920,60,Unemployed,Website,High,1,666,2.114,Phone Activity,No,No,No,No,No,1
2921,58,Professional,Website,Medium,6,697,2.745,Email Activity,No,No,No,No,No,1
2922,24,Student,Mobile App,High,11,354,2.205,Email Activity,No,No,No,No,No,0
2923,39,Professional,Mobile App,Medium,2,498,0.337,Website Activity,No,No,No,No,No,0
2924,59,Professional,Website,Medium,3,317,5.902,Email Activity,No,No,No,No,No,0
2925,31,Professional,Website,Medium,3,2018,2.188,Website Activity,No,No,No,No,No,1
2926,20,Student,Website,Medium,1,96,0.207,Email Activity,No,No,No,No,No,0
2927,34,Professional,Website,Medium,6,2061,2.723,Email Activity,No,No,No,No,No,1
2928,48,Professional,Website,Medium,1,1787,2.963,Email Activity,No,No,No,No,No,1
2929,37,Unemployed,Mobile App,Medium,3,2225,2.211,Phone Activity,No,No,No,No,No,0
2930,57,Professional,Website,Medium,1,994,5.609,Email Activity,No,No,No,No,No,1
2931,32,Unemployed,Website,High,3,1949,3.767,Email Activity,No,No,No,No,No,1
2932,60,Professional,Mobile App,High,0,0,0,Phone Activity,No,No,No,No,No,0
2933,25,Professional,Mobile App,High,2,1318,5.174,Email Activity,No,No,Yes,No,No,0
2934,45,Professional,Website,Medium,5,2035,3.641,Email Activity,No,No,No,No,No,1
2935,53,Professional,Website,High,0,0,0,Email Activity,Yes,No,No,No,No,1
2936,59,Professional,Website,Medium,4,2043,0.106,Phone Activity,Yes,No,No,No,No,1
2937,27,Professional,Website,High,5,722,3.364,Email Activity,Yes,No,No,No,No,1
2938,60,Unemployed,Mobile App,Medium,1,219,2.269,Phone Activity,No,No,No,No,No,0
2939,58,Unemployed,Mobile App,High,4,354,0.099,Website Activity,No,Yes,No,No,No,0
2940,55,Unemployed,Website,High,13,59,2.16,Phone Activity,Yes,No,No,No,No,0
2941,47,Professional,Website,Medium,9,539,0.17,Phone Activity,No,Yes,Yes,Yes,No,0
2942,56,Professional,Website,High,0,0,0,Email Activity,No,No,No,No,No,1
2943,22,Student,Mobile App,Medium,0,0,0,Phone Activity,No,No,No,No,No,0
2944,50,Unemployed,Mobile App,High,8,400,2.093,Website Activity,No,No,Yes,No,No,0
2945,23,Student,Website,Medium,4,262,8.315,Email Activity,No,No,No,No,No,0
2946,20,Student,Website,High,2,138,2.17,Phone Activity,No,No,No,Yes,No,0
2947,42,Professional,Mobile App,Medium,0,0,0,Email Activity,No,No,No,No,No,0
2948,58,Unemployed,Website,High,0,0,0,Email Activity,No,No,No,No,No,0
2949,19,Student,Website,High,2,289,3.405,Email Activity,No,No,No,No,No,0
2950,23,Student,Mobile App,High,2,1871,8.002,Email Activity,No,No,No,No,No,0
2951,27,Professional,Mobile App,Medium,2,332,3.7,Website Activity,Yes,No,No,No,No,0
2952,29,Professional,Website,Medium,2,1838,2.26,Email Activity,No,No,No,No,No,1
2953,45,Professional,Mobile App,Medium,6,316,2.207,Website Activity,No,No,No,No,No,0
2954,60,Professional,Mobile App,Medium,3,617,3.648,Email Activity,No,No,Yes,No,No,0
2955,48,Professional,Mobile App,Medium,6,67,2.155,Email Activity,No,No,No,No,No,0
2956,59,Professional,Website,Medium,2,1291,2.276,Email Activity,No,No,Yes,No,No,1
2957,45,Unemployed,Mobile App,High,2,235,7.835,Website Activity,No,No,No,No,No,0
2958,58,Professional,Mobile App,Medium,3,367,2.918,Phone Activity,No,No,No,No,No,0
2959,58,Professional,Mobile App,High,3,347,4.331,Website Activity,No,No,No,No,No,0
2960,57,Unemployed,Mobile App,High,3,1750,2.061,Phone Activity,No,No,No,No,No,1
2961,43,Professional,Mobile App,Medium,2,524,2.153,Email Activity,Yes,No,No,No,No,0
2962,58,Unemployed,Website,Medium,2,668,5.023,Email Activity,No,No,No,No,No,0
2963,56,Professional,Website,High,3,481,3.638,Website Activity,No,No,No,No,No,1
2964,58,Professional,Website,Medium,2,2124,3.492,Email Activity,No,No,No,Yes,No,1
2965,19,Student,Website,Medium,2,224,8.547,Phone Activity,No,No,No,No,No,0
2966,57,Professional,Mobile App,High,2,628,3.459,Phone Activity,No,No,No,No,No,0
2967,23,Student,Website,Medium,6,273,7.287,Email Activity,No,No,No,No,No,0
2968,61,Unemployed,Website,High,2,385,3.616,Phone Activity,No,No,No,No,No,0
2969,57,Unemployed,Website,Medium,4,241,2.098,Phone Activity,No,No,No,No,No,0
2970,57,Professional,Mobile App,Medium,1,2380,7.353,Website Activity,No,No,No,No,No,1
2971,60,Professional,Mobile App,High,6,1374,2.152,Website Activity,No,No,No,No,No,1
2972,59,Professional,Mobile App,Medium,2,1079,4.24,Email Activity,No,No,No,Yes,No,1
2973,58,Unemployed,Mobile App,Medium,2,106,6.769,Email Activity,No,No,Yes,No,No,0
2974,58,Professional,Mobile App,Medium,2,43,6.704,Email Activity,No,No,Yes,No,No,0
2975,39,Professional,Mobile App,Medium,7,1759,2.223,Website Activity,No,Yes,No,No,No,1
2976,35,Unemployed,Website,Medium,3,465,2.027,Email Activity,No,No,No,No,No,0
2977,60,Unemployed,Mobile App,High,3,534,3.187,Email Activity,No,No,No,No,No,0
2978,61,Unemployed,Website,Medium,0,0,0,Phone Activity,No,No,No,No,No,0
2979,35,Professional,Website,Medium,4,1903,3.504,Email Activity,No,No,No,Yes,No,1
2980,36,Professional,Mobile App,Medium,1,548,7.066,Phone Activity,Yes,No,No,Yes,No,0
2981,58,Professional,Mobile App,High,0,0,0,Email Activity,No,No,No,No,No,0
2982,27,Professional,Website,High,1,74,0.326,Email Activity,No,No,No,No,No,0
2983,32,Professional,Mobile App,Medium,7,1594,3.377,Phone Activity,No,No,No,No,No,0
2984,52,Professional,Mobile App,High,2,96,5.802,Email Activity,Yes,No,No,No,No,0
2985,57,Professional,Website,Medium,2,1644,2.172,Website Activity,No,No,No,No,No,1
2986,46,Professional,Mobile App,High,4,510,3.143,Email Activity,No,No,No,No,No,1
2987,56,Professional,Website,High,2,296,5.436,Email Activity,No,No,No,No,No,1
2988,45,Professional,Website,High,13,2298,6.69,Email Activity,No,No,Yes,No,No,1
2989,33,Professional,Website,Medium,1,204,2.256,Email Activity,No,No,No,Yes,No,0
2990,57,Professional,Website,Medium,6,315,2.058,Email Activity,No,No,No,No,No,0
2991,58,Professional,Mobile App,High,1,55,3.295,Phone Activity,No,No,No,No,No,0
2992,32,Professional,Website,High,5,337,3.16,Phone Activity,No,No,Yes,No,No,0
2993,58,Professional,Mobile App,Medium,2,380,2.136,Email Activity,No,No,No,No,No,0
2994,30,Professional,Website,High,5,412,2.061,Phone Activity,No,No,No,No,No,1
2995,56,Professional,Mobile App,High,8,1654,4.313,Website Activity,Yes,No,No,No,No,0
2996,23,Student,Mobile App,Medium,1,300,2.129,Website Activity,No,No,No,No,No,0
2997,60,Professional,Website,Medium,3,297,2.197,Phone Activity,No,No,No,No,No,0
2998,56,Professional,Mobile App,Medium,2,507,3.519,Email Activity,No,No,No,No,No,0
2999,49,Professional,Website,Medium,3,374,3.849,Phone Activity,No,No,No,Yes,No,0
3000,48,Unemployed,Website,High,1,583,3.537,Email Activity,Yes,No,No,No,No,1
3001,58,Professional,Website,High,3,1187,3.841,Phone Activity,No,No,No,No,No,1
3002,60,Unemployed,Website,High,0,0,0,Email Activity,No,No,No,No,No,0
3003,31,Professional,Mobile App,High,1,21,0.215,Email Activity,No,No,No,No,No,0
3004,52,Professional,Mobile App,Medium,2,2108,0.648,Email Activity,No,No,No,No,No,0
3005,32,Unemployed,Website,Medium,3,1778,3.728,Email Activity,No,No,No,No,No,1
3006,51,Professional,Mobile App,Medium,2,39,2.903,Website Activity,No,No,No,No,No,0
3007,37,Professional,Mobile App,Medium,5,365,3.889,Website Activity,No,No,No,No,No,0
3008,56,Professional,Website,High,5,410,2.11,Email Activity,No,No,No,No,No,1
3009,58,Professional,Website,Medium,2,144,3.363,Website Activity,No,No,No,No,No,0
3010,58,Professional,Website,Medium,4,1872,3.625,Website Activity,No,No,No,No,No,1
3011,58,Professional,Website,Medium,1,276,3.914,Email Activity,No,No,No,No,No,0
3012,50,Professional,Mobile App,Medium,5,661,5.189,Website Activity,No,No,No,No,No,0
3013,56,Professional,Website,Medium,3,90,2.114,Phone Activity,No,No,No,No,No,0
3014,58,Unemployed,Website,High,0,0,0,Email Activity,No,No,No,No,No,0
3015,42,Professional,Website,High,3,77,3.491,Email Activity,No,No,No,Yes,No,1
3016,53,Professional,Website,High,2,1940,3.138,Email Activity,No,No,No,No,No,1
3017,20,Student,Website,Medium,7,2457,1.762,Email Activity,No,No,Yes,No,No,0
3018,59,Professional,Mobile App,High,4,2064,4.382,Email Activity,No,No,No,No,No,0
3019,32,Unemployed,Mobile App,High,7,48,3.497,Website Activity,No,No,No,No,No,0
3020,56,Professional,Mobile App,High,2,2334,3.808,Email Activity,No,No,No,No,No,0
3021,23,Student,Website,Medium,2,593,5.064,Phone Activity,Yes,No,No,No,No,0
3022,57,Professional,Website,High,2,359,2.985,Email Activity,No,No,No,Yes,No,1
3023,59,Professional,Website,High,1,1428,1.925,Phone Activity,No,No,No,No,No,1
3024,55,Professional,Mobile App,High,3,79,4.313,Email Activity,No,Yes,No,Yes,No,0
3025,59,Professional,Website,Medium,2,331,2.184,Email Activity,No,Yes,No,No,No,0
3026,46,Professional,Mobile App,Medium,4,18,2.232,Phone Activity,No,Yes,No,No,No,0
3027,57,Professional,Mobile App,High,6,13,3.691,Phone Activity,No,No,No,No,No,0
3028,58,Professional,Mobile App,High,5,1022,2.266,Phone Activity,No,No,Yes,No,No,0
3029,43,Professional,Mobile App,High,6,75,5.542,Email Activity,No,No,No,No,No,0
3030,33,Professional,Website,Medium,1,283,1.056,Email Activity,No,No,No,No,No,0
3031,52,Unemployed,Website,Medium,1,343,4.968,Email Activity,No,No,No,No,No,0
3032,32,Unemployed,Mobile App,High,4,352,0.323,Website Activity,No,No,No,Yes,No,0
3033,21,Student,Mobile App,Medium,3,369,2.04,Email Activity,No,No,No,No,No,0
3034,32,Unemployed,Website,Medium,4,344,7,Email Activity,No,No,No,No,No,0
3035,34,Unemployed,Website,High,1,539,3.295,Website Activity,No,No,No,No,No,1
3036,40,Professional,Mobile App,Medium,4,669,2.139,Website Activity,No,No,No,No,No,1
3037,37,Professional,Website,High,4,2109,1.96,Email Activity,No,No,No,No,No,1
3038,57,Professional,Website,Medium,4,346,3.528,Website Activity,No,No,No,No,No,0
3039,41,Professional,Mobile App,High,3,643,3.322,Website Activity,No,No,No,No,No,0
3040,20,Student,Mobile App,High,1,171,2.083,Website Activity,No,No,No,No,No,0
3041,35,Professional,Website,Medium,2,285,3.609,Website Activity,No,No,No,No,No,0
3042,47,Professional,Website,High,7,1866,2.943,Email Activity,No,No,No,No,No,1
3043,55,Professional,Mobile App,Medium,7,77,3.376,Phone Activity,No,No,No,No,No,0
3044,63,Unemployed,Mobile App,Medium,2,1209,2.244,Phone Activity,No,No,No,No,No,0
3045,34,Professional,Mobile App,Medium,4,64,3.486,Website Activity,No,No,No,No,No,0
3046,44,Professional,Website,Medium,7,2224,8.48,Email Activity,No,No,Yes,No,No,1
3047,21,Student,Mobile App,Medium,1,548,2.821,Phone Activity,No,No,Yes,No,No,0
3048,56,Unemployed,Website,Low,7,1648,2.206,Email Activity,No,No,No,No,No,0
3049,58,Unemployed,Mobile App,Medium,4,709,0.244,Email Activity,No,No,No,No,No,0
3050,32,Professional,Mobile App,Medium,2,394,7.539,Email Activity,Yes,No,No,No,No,0
3051,40,Professional,Mobile App,High,3,986,2.967,Phone Activity,No,No,No,No,No,0
3052,18,Student,Website,High,2,391,5.378,Phone Activity,No,No,No,No,No,0
3053,57,Unemployed,Website,Medium,6,70,2.216,Phone Activity,No,No,No,No,No,0
3054,53,Professional,Website,High,7,415,0.235,Phone Activity,Yes,No,Yes,No,No,1
3055,38,Professional,Website,High,6,1529,3.802,Phone Activity,No,No,No,Yes,No,1
3056,43,Professional,Mobile App,Medium,14,320,2.183,Website Activity,No,Yes,No,Yes,No,0
3057,56,Professional,Website,Medium,2,2279,5.73,Phone Activity,Yes,No,No,No,No,0
3058,31,Professional,Website,Medium,4,309,2.213,Website Activity,No,No,No,Yes,No,1
3059,33,Unemployed,Website,Medium,6,404,2.314,Email Activity,Yes,No,No,No,No,0
3060,19,Student,Website,High,3,82,2.084,Website Activity,No,No,No,No,No,0
3061,56,Professional,Mobile App,High,1,2334,2.115,Email Activity,No,No,Yes,No,No,0
3062,55,Professional,Mobile App,High,4,245,2.107,Website Activity,No,No,No,Yes,No,0
3063,60,Professional,Mobile App,High,5,288,2.267,Email Activity,No,No,No,No,No,0
3064,50,Professional,Website,Medium,2,634,3.694,Email Activity,No,No,No,No,No,1
3065,57,Unemployed,Mobile App,Medium,5,547,4.056,Website Activity,No,No,No,No,No,1
3066,57,Unemployed,Mobile App,High,1,242,2.268,Email Activity,No,No,No,No,No,0
3067,55,Professional,Website,Medium,2,546,2.159,Website Activity,No,No,No,No,No,0
3068,23,Student,Mobile App,Medium,1,2261,2.268,Email Activity,No,No,No,No,No,0
3069,32,Unemployed,Website,Medium,2,1724,3.458,Email Activity,No,No,No,Yes,No,0
3070,41,Professional,Mobile App,Low,2,167,2.1,Email Activity,Yes,No,No,No,No,0
3071,32,Unemployed,Mobile App,High,4,487,2.119,Website Activity,No,No,No,No,No,0
3072,55,Unemployed,Mobile App,High,8,726,3.607,Email Activity,No,No,No,No,No,0
3073,48,Professional,Mobile App,Medium,1,33,3.778,Email Activity,No,No,No,No,No,0
3074,63,Unemployed,Website,High,2,14,3.077,Email Activity,No,No,No,Yes,No,1
3075,56,Professional,Mobile App,Medium,13,209,2.236,Email Activity,No,No,No,No,No,0
3076,49,Unemployed,Website,Medium,2,91,2.26,Email Activity,Yes,No,No,No,No,0
3077,32,Unemployed,Website,Medium,3,1734,3.732,Email Activity,No,No,No,No,No,0
3078,58,Unemployed,Mobile App,High,3,1672,3.463,Website Activity,No,No,No,No,No,1
3079,59,Professional,Website,High,1,1432,2.274,Phone Activity,No,No,No,No,No,1
3080,61,Unemployed,Mobile App,High,2,677,3.73,Website Activity,No,No,Yes,No,No,1
3081,32,Professional,Website,High,4,1247,6.445,Phone Activity,No,No,No,Yes,No,1
3082,59,Professional,Website,Medium,7,469,2.048,Phone Activity,No,No,No,No,No,0
3083,45,Professional,Website,High,3,100,2.047,Email Activity,Yes,No,No,No,No,1
3084,59,Professional,Website,Medium,1,42,3.745,Website Activity,No,No,No,No,No,0
3085,58,Unemployed,Website,High,1,462,2.794,Phone Activity,No,No,No,No,No,0
3086,48,Unemployed,Mobile App,Medium,5,280,0.062,Email Activity,No,No,No,No,No,0
3087,59,Professional,Mobile App,Medium,2,1926,3.906,Website Activity,No,Yes,No,No,No,0
3088,60,Unemployed,Mobile App,Medium,2,115,5.222,Website Activity,No,No,No,No,No,0
3089,56,Professional,Website,Medium,4,233,2.276,Website Activity,No,No,No,No,No,0
3090,18,Student,Mobile App,High,2,1923,3.845,Phone Activity,Yes,No,No,No,No,0
3091,48,Professional,Mobile App,High,2,76,1.92,Email Activity,No,No,No,No,No,0
3092,58,Professional,Mobile App,High,1,47,2.193,Phone Activity,No,No,No,Yes,No,0
3093,62,Unemployed,Website,Medium,1,168,3.356,Phone Activity,No,No,No,No,Yes,0
3094,59,Professional,Mobile App,Medium,2,300,3.412,Phone Activity,No,No,No,No,No,0
3095,58,Professional,Mobile App,High,2,1814,2.217,Website Activity,No,No,No,No,No,0
3096,57,Professional,Mobile App,High,4,93,3.949,Phone Activity,No,No,No,No,No,0
3097,56,Professional,Website,High,3,1848,1.985,Email Activity,No,No,No,No,No,1
3098,32,Professional,Website,Medium,3,655,3.794,Phone Activity,No,No,No,No,No,0
3099,41,Unemployed,Mobile App,High,7,314,2.203,Email Activity,Yes,No,No,No,No,0
3100,29,Professional,Mobile App,High,4,413,3.669,Phone Activity,No,No,No,No,No,0
3101,58,Professional,Website,Medium,4,655,3.556,Email Activity,No,No,No,No,No,1
3102,45,Professional,Website,High,8,1927,3.478,Email Activity,No,No,No,No,No,1
3103,55,Professional,Mobile App,Medium,3,283,2.237,Website Activity,No,No,Yes,No,No,0
3104,54,Unemployed,Mobile App,High,3,2002,2.852,Phone Activity,No,No,No,No,No,0
3105,32,Unemployed,Website,High,4,310,3.261,Phone Activity,No,No,Yes,No,No,0
3106,56,Professional,Website,High,3,415,2.13,Email Activity,No,No,No,No,No,1
3107,56,Professional,Website,High,2,46,2.207,Website Activity,Yes,No,No,No,No,0
3108,41,Professional,Mobile App,Medium,2,408,2.226,Email Activity,No,No,No,Yes,No,0
3109,55,Professional,Website,Medium,4,216,1.877,Email Activity,No,No,No,No,No,0
3110,42,Professional,Website,Low,1,409,0.245,Email Activity,No,No,No,No,No,0
3111,18,Student,Website,High,3,290,3.554,Email Activity,No,No,No,No,No,1
3112,59,Professional,Website,High,1,274,3.4,Email Activity,No,No,No,No,No,0
3113,21,Student,Website,Medium,6,574,5.545,Email Activity,No,No,No,No,No,0
3114,23,Student,Website,High,2,206,2.959,Email Activity,No,No,No,No,No,1
3115,57,Professional,Website,High,2,2,3.438,Phone Activity,Yes,No,No,No,No,0
3116,60,Unemployed,Website,Medium,9,230,0,Email Activity,No,No,No,No,No,0
3117,50,Unemployed,Website,Medium,1,428,2.153,Website Activity,No,No,No,No,No,1
3118,52,Unemployed,Mobile App,High,7,688,2.267,Website Activity,No,No,No,No,No,1
3119,57,Professional,Mobile App,High,1,3,3.031,Email Activity,No,No,No,No,No,0
3120,56,Professional,Website,Medium,2,40,7.304,Website Activity,No,No,Yes,No,No,0
3121,45,Unemployed,Website,Medium,2,201,6.375,Email Activity,No,No,No,No,No,0
3122,58,Unemployed,Mobile App,Medium,1,263,3.721,Email Activity,No,No,No,No,No,0
3123,23,Student,Website,Medium,4,378,3.894,Website Activity,No,No,No,No,No,0
3124,49,Professional,Website,High,2,469,3.284,Email Activity,No,No,Yes,No,No,1
3125,22,Student,Website,Medium,5,394,5.187,Phone Activity,No,No,No,No,No,0
3126,46,Unemployed,Website,High,1,364,3.686,Email Activity,No,No,No,No,No,0
3127,62,Unemployed,Mobile App,High,2,1285,3.267,Email Activity,Yes,No,No,No,No,0
3128,33,Professional,Mobile App,Medium,11,54,2.013,Email Activity,No,No,No,No,No,0
3129,60,Professional,Website,Medium,7,50,0.11,Email Activity,No,No,No,No,No,0
3130,55,Professional,Mobile App,High,3,2226,3.038,Website Activity,No,No,No,No,No,1
3131,60,Professional,Mobile App,Medium,8,458,2.015,Email Activity,No,No,Yes,No,No,0
3132,55,Professional,Website,High,4,670,2.248,Email Activity,No,No,No,No,No,1
3133,36,Unemployed,Website,High,2,88,6.484,Email Activity,No,No,No,No,No,1
3134,44,Professional,Website,Medium,1,37,3.685,Email Activity,Yes,No,Yes,Yes,No,0
3135,59,Professional,Website,High,2,1031,2.147,Email Activity,No,No,No,No,No,1
3136,57,Professional,Website,High,3,1843,3.9,Email Activity,No,No,No,No,No,1
3137,57,Professional,Website,High,6,29,2.161,Phone Activity,No,No,No,No,No,0
3138,55,Professional,Website,Medium,5,990,3.229,Email Activity,Yes,No,No,No,No,1
3139,58,Unemployed,Website,Medium,2,2461,2.146,Phone Activity,No,No,Yes,No,No,0
3140,48,Professional,Website,Medium,2,411,0.314,Email Activity,No,No,Yes,No,No,0
3141,58,Professional,Website,High,7,63,0.096,Email Activity,No,No,No,Yes,No,1
3142,33,Professional,Website,Medium,5,575,3.568,Phone Activity,No,No,No,No,No,0
3143,63,Unemployed,Website,High,3,694,3.157,Website Activity,No,No,No,No,No,1
3144,41,Unemployed,Website,Medium,4,1783,3.214,Website Activity,No,No,No,No,No,1
3145,60,Unemployed,Mobile App,Medium,3,63,3.408,Phone Activity,Yes,No,No,No,No,0
3146,32,Professional,Website,Low,5,60,2.903,Email Activity,Yes,No,No,Yes,No,0
3147,63,Unemployed,Mobile App,High,5,49,0.04,Email Activity,No,No,No,No,No,0
3148,34,Unemployed,Website,High,2,1191,2.174,Phone Activity,No,No,Yes,Yes,No,0
3149,56,Professional,Website,High,5,2389,2.086,Email Activity,No,No,No,No,No,1
3150,34,Professional,Website,High,4,1706,3.938,Phone Activity,Yes,No,Yes,No,No,1
3151,42,Professional,Website,High,2,1819,3.302,Phone Activity,No,No,Yes,No,No,1
3152,33,Professional,Website,Medium,1,384,0.179,Website Activity,No,No,No,No,No,0
3153,56,Professional,Website,Medium,1,26,4.336,Website Activity,No,No,No,Yes,No,0
3154,56,Unemployed,Mobile App,Medium,6,91,3.915,Website Activity,No,No,No,No,No,0
3155,55,Professional,Mobile App,Medium,5,259,0.245,Phone Activity,No,No,No,No,No,0
3156,55,Professional,Website,High,11,1550,5.634,Phone Activity,No,No,No,No,No,1
3157,58,Unemployed,Mobile App,High,2,1130,2.959,Phone Activity,No,No,No,No,No,1
3158,58,Professional,Website,Medium,1,506,3.925,Email Activity,No,No,No,No,No,1
3159,20,Student,Website,Medium,4,386,0.235,Email Activity,No,No,No,No,No,0
3160,19,Student,Mobile App,High,5,1828,3.31,Email Activity,No,No,No,No,No,0
3161,55,Professional,Website,High,2,69,2.068,Phone Activity,No,No,No,No,No,1
3162,57,Professional,Website,High,0,0,0,Email Activity,No,No,No,No,No,0
3163,58,Professional,Website,High,11,565,3.821,Email Activity,Yes,No,No,No,No,1
3164,62,Unemployed,Mobile App,High,1,1842,2.25,Phone Activity,No,No,No,No,No,0
3165,57,Professional,Website,High,1,2036,12.845,Email Activity,No,No,No,Yes,No,1
3166,57,Professional,Website,High,1,37,2.009,Phone Activity,No,No,Yes,Yes,No,1
3167,46,Professional,Website,Medium,2,2498,2.23,Phone Activity,No,No,No,No,No,0
3168,38,Professional,Website,High,6,382,3.558,Website Activity,No,No,No,Yes,No,1
3169,32,Unemployed,Mobile App,High,2,1346,2.228,Phone Activity,No,No,No,No,No,1
3170,46,Professional,Website,High,4,2441,3.914,Website Activity,No,No,No,No,No,1
3171,57,Professional,Mobile App,Medium,2,380,5.584,Phone Activity,No,No,No,No,No,0
3172,57,Unemployed,Website,Medium,4,53,3.359,Email Activity,No,No,No,No,No,0
3173,59,Professional,Website,High,2,89,1.619,Email Activity,No,No,No,No,No,0
3174,42,Professional,Mobile App,High,2,388,3.613,Email Activity,No,No,No,Yes,No,0
3175,56,Unemployed,Mobile App,Medium,2,1,2.761,Email Activity,Yes,No,No,No,No,0
3176,60,Professional,Mobile App,Medium,2,682,2.154,Email Activity,No,No,No,Yes,No,0
3177,50,Unemployed,Mobile App,Medium,0,0,0,Phone Activity,No,No,No,No,No,0
3178,55,Professional,Mobile App,Medium,1,341,3.451,Email Activity,No,No,No,No,No,0
3179,58,Professional,Website,High,3,618,2.156,Website Activity,No,No,No,No,No,1
3180,59,Professional,Mobile App,High,6,62,4.895,Website Activity,No,No,No,No,No,0
3181,59,Professional,Mobile App,Medium,2,573,1.949,Website Activity,No,No,No,No,No,0
3182,58,Professional,Website,High,2,1335,5.801,Phone Activity,No,No,No,No,No,1
3183,33,Unemployed,Website,Medium,4,6,3.719,Website Activity,No,No,No,No,No,0
3184,60,Professional,Website,High,1,639,3.603,Phone Activity,No,No,Yes,Yes,No,1
3185,34,Professional,Mobile App,High,7,2211,2.16,Website Activity,No,No,No,No,No,0
3186,45,Professional,Mobile App,Medium,4,1947,2.032,Email Activity,No,No,No,No,No,0
3187,30,Professional,Mobile App,Medium,9,380,2.092,Email Activity,No,No,No,Yes,No,0
3188,27,Professional,Mobile App,Medium,6,421,3.626,Email Activity,No,No,No,No,No,0
3189,58,Professional,Mobile App,High,6,2020,9.755,Email Activity,No,No,No,No,No,0
3190,51,Unemployed,Mobile App,Medium,5,283,3.874,Phone Activity,No,No,No,No,No,0
3191,50,Professional,Website,High,1,1538,2.163,Phone Activity,No,No,No,No,Yes,1
3192,29,Professional,Website,High,7,432,8.564,Phone Activity,No,No,No,No,No,0
3193,22,Student,Website,High,7,1977,4.869,Phone Activity,No,No,No,No,No,0
3194,49,Professional,Mobile App,Medium,2,397,3.627,Website Activity,No,Yes,No,No,No,0
3195,57,Professional,Website,High,4,55,7.591,Email Activity,No,No,No,No,No,0
3196,21,Student,Website,Medium,7,357,5.217,Email Activity,No,No,No,No,No,0
3197,50,Unemployed,Mobile App,Medium,3,1709,3.809,Website Activity,No,No,No,No,No,1
3198,59,Unemployed,Mobile App,High,3,1621,10.619,Email Activity,No,No,No,No,No,0
3199,58,Professional,Mobile App,High,7,1306,3.414,Email Activity,No,No,No,No,No,0
3200,61,Unemployed,Website,High,1,857,0.12,Email Activity,No,No,No,No,No,0
3201,57,Unemployed,Website,Medium,7,330,2.094,Email Activity,No,No,No,No,No,0
3202,41,Professional,Mobile App,High,7,2467,3.259,Website Activity,No,No,No,No,No,0
3203,32,Unemployed,Mobile App,Medium,4,1699,2.073,Email Activity,No,No,No,No,No,0
3204,58,Unemployed,Website,High,7,5,0.059,Email Activity,No,No,No,No,No,0
3205,52,Professional,Mobile App,Medium,4,69,0.122,Email Activity,No,No,No,Yes,No,0
3206,59,Unemployed,Mobile App,High,3,243,3.407,Website Activity,No,No,No,No,No,0
3207,48,Unemployed,Website,High,2,526,2.211,Phone Activity,No,No,No,No,No,0
3208,59,Unemployed,Website,Medium,7,30,4.321,Email Activity,No,No,No,No,No,0
3209,55,Professional,Website,Medium,2,488,5.269,Phone Activity,No,No,No,No,No,0
3210,60,Professional,Mobile App,High,7,91,2.234,Email Activity,No,No,No,No,No,0
3211,60,Unemployed,Mobile App,High,2,1174,2.229,Website Activity,Yes,No,No,No,No,0
3212,56,Unemployed,Mobile App,Medium,1,2288,1.76,Phone Activity,No,No,No,No,No,1
3213,37,Unemployed,Mobile App,High,0,0,0,Phone Activity,No,No,No,No,No,0
3214,57,Professional,Website,High,6,887,7.396,Website Activity,No,No,No,No,No,1
3215,25,Professional,Mobile App,Medium,3,73,5.032,Email Activity,No,No,No,No,No,0
3216,56,Professional,Mobile App,Medium,5,307,3.274,Phone Activity,No,No,No,Yes,No,0
3217,33,Professional,Website,Medium,5,405,2.086,Website Activity,No,No,No,No,No,0
3218,60,Unemployed,Mobile App,Medium,1,247,3.717,Phone Activity,No,No,No,No,No,0
3219,59,Professional,Mobile App,High,3,262,3.759,Email Activity,No,No,No,Yes,No,0
3220,46,Unemployed,Website,Medium,1,412,2.092,Email Activity,No,No,No,Yes,No,0
3221,22,Student,Website,Medium,4,387,4.363,Phone Activity,No,No,No,No,No,0
3222,59,Unemployed,Website,High,1,344,3.462,Phone Activity,No,No,No,No,No,0
3223,58,Professional,Website,High,3,414,6.748,Email Activity,No,No,No,No,No,0
3224,24,Student,Website,Medium,3,534,3.195,Email Activity,No,No,No,No,No,0
3225,25,Professional,Website,High,4,874,3.108,Phone Activity,No,No,No,No,No,1
3226,56,Professional,Website,High,2,235,1.964,Phone Activity,No,No,No,No,No,1
3227,56,Professional,Website,Medium,2,59,3.031,Website Activity,No,No,No,Yes,No,1
3228,59,Unemployed,Website,Medium,0,0,0,Phone Activity,No,No,No,No,No,0
3229,50,Professional,Mobile App,Medium,7,47,4.004,Email Activity,No,No,No,No,No,0
3230,60,Professional,Mobile App,High,1,282,5.691,Email Activity,No,No,No,Yes,No,0
3231,34,Unemployed,Website,High,3,279,3.445,Phone Activity,No,No,No,No,No,0
3232,56,Professional,Website,High,9,398,3.918,Email Activity,No,No,No,No,No,1
3233,54,Professional,Website,Medium,5,2157,1.5,Phone Activity,No,No,Yes,No,No,0
3234,58,Professional,Mobile App,Medium,8,1931,0.31,Email Activity,No,No,Yes,No,No,0
3235,58,Professional,Mobile App,Medium,6,1,2.136,Email Activity,No,No,Yes,No,No,0
3236,21,Student,Mobile App,Medium,9,337,5.236,Email Activity,Yes,No,No,No,No,0
3237,54,Professional,Mobile App,Medium,2,2052,5.093,Email Activity,Yes,No,No,No,No,0
3238,25,Professional,Mobile App,Medium,2,589,3.012,Phone Activity,No,No,No,Yes,No,0
3239,48,Professional,Mobile App,High,2,71,7.583,Phone Activity,No,No,No,No,No,0
3240,18,Student,Mobile App,High,4,35,8.314,Email Activity,No,No,No,No,No,0
3241,50,Professional,Website,High,3,350,3.338,Email Activity,No,No,No,No,No,0
3242,60,Unemployed,Mobile App,Medium,5,415,2.097,Website Activity,No,No,No,No,No,0
3243,43,Unemployed,Website,Medium,3,22,3.743,Website Activity,No,No,No,No,No,0
3244,18,Student,Mobile App,Low,8,493,7.164,Email Activity,No,No,No,No,No,0
3245,59,Professional,Website,Medium,6,431,3.142,Email Activity,No,No,No,No,No,1
3246,21,Student,Mobile App,Medium,1,74,2.053,Email Activity,No,No,No,No,No,0
3247,21,Student,Website,High,2,1784,3.665,Email Activity,No,No,No,No,No,1
3248,21,Student,Website,Medium,1,341,4.726,Website Activity,No,No,Yes,No,No,0
3249,53,Unemployed,Website,Medium,1,2017,3.353,Phone Activity,No,No,Yes,No,No,1
3250,58,Professional,Mobile App,High,3,2054,3.296,Email Activity,No,No,Yes,No,No,0
3251,56,Professional,Website,High,1,291,0.15,Phone Activity,No,No,No,No,No,0
3252,32,Professional,Mobile App,Medium,5,324,2.109,Email Activity,No,No,Yes,No,No,0
3253,24,Student,Website,Medium,4,2308,5.531,Email Activity,No,No,No,No,No,0
3254,55,Professional,Mobile App,Medium,5,2022,3.883,Website Activity,No,No,Yes,No,No,1
3255,43,Professional,Mobile App,Medium,2,41,5.639,Email Activity,No,No,No,Yes,No,0
3256,58,Unemployed,Website,Medium,9,90,1.951,Email Activity,No,No,No,Yes,No,0
3257,55,Professional,Website,Medium,2,74,2.065,Phone Activity,Yes,No,Yes,No,No,0
3258,48,Unemployed,Mobile App,High,1,1767,3.709,Phone Activity,No,No,No,Yes,No,0
3259,60,Unemployed,Website,High,2,703,5.062,Email Activity,No,No,No,No,No,1
3260,46,Professional,Mobile App,Low,4,2166,0.212,Phone Activity,No,No,No,No,No,0
3261,49,Professional,Website,High,2,862,2.074,Phone Activity,No,No,No,No,No,1
3262,60,Professional,Website,Low,5,358,5.623,Website Activity,Yes,No,No,No,No,1
3263,46,Professional,Website,Medium,2,477,2.187,Website Activity,No,No,No,No,No,1
3264,58,Professional,Mobile App,Medium,1,547,3.507,Email Activity,No,No,No,No,No,0
3265,58,Unemployed,Mobile App,High,4,627,4.201,Website Activity,No,No,No,No,No,0
3266,58,Unemployed,Mobile App,Medium,3,294,2.03,Email Activity,No,No,No,No,No,0
3267,55,Unemployed,Website,Medium,3,461,3.309,Phone Activity,No,No,No,Yes,No,0
3268,46,Professional,Website,High,2,433,2.137,Website Activity,No,No,No,No,No,1
3269,60,Unemployed,Mobile App,High,8,352,2.188,Email Activity,No,No,Yes,Yes,No,0
3270,61,Unemployed,Website,Medium,2,287,5.459,Email Activity,No,No,No,No,No,0
3271,43,Professional,Mobile App,Medium,7,676,2.245,Phone Activity,No,No,No,No,No,0
3272,57,Professional,Website,Medium,14,1792,0.214,Phone Activity,Yes,No,No,No,No,0
3273,55,Unemployed,Website,Medium,4,550,0.257,Phone Activity,No,No,No,No,No,0
3274,56,Professional,Website,Medium,7,101,0.277,Phone Activity,No,No,No,No,No,0
3275,24,Student,Mobile App,Medium,2,257,3.729,Email Activity,No,No,No,Yes,No,0
3276,32,Unemployed,Website,High,8,621,2.05,Email Activity,Yes,Yes,No,No,No,1
3277,45,Unemployed,Website,Medium,1,2279,5.821,Email Activity,No,No,No,No,No,0
3278,60,Professional,Mobile App,High,5,360,3.441,Email Activity,No,No,Yes,No,No,0
3279,57,Professional,Mobile App,Medium,0,0,0,Phone Activity,No,No,No,No,No,0
3280,19,Student,Website,Medium,1,280,2.023,Email Activity,No,No,No,No,No,0
3281,57,Unemployed,Mobile App,Low,4,111,3.693,Email Activity,No,No,No,No,No,0
3282,56,Unemployed,Mobile App,Medium,4,2232,4.107,Phone Activity,No,No,No,No,No,0
3283,33,Professional,Website,Medium,8,1502,2.013,Email Activity,No,No,Yes,No,No,1
3284,37,Unemployed,Mobile App,High,3,240,3.901,Phone Activity,No,No,No,No,No,0
3285,20,Student,Website,High,6,700,7.599,Website Activity,No,No,Yes,No,No,0
3286,55,Unemployed,Mobile App,Medium,14,1941,0.693,Email Activity,Yes,No,No,No,No,1
3287,58,Professional,Website,High,9,1596,2.197,Website Activity,No,No,No,No,No,1
3288,58,Professional,Website,High,1,2091,2.155,Phone Activity,No,No,No,No,No,0
3289,38,Professional,Mobile App,High,1,308,2.122,Email Activity,No,No,No,Yes,No,0
3290,57,Unemployed,Mobile App,High,2,1640,0.333,Email Activity,No,No,No,No,Yes,1
3291,56,Unemployed,Website,High,2,282,2.096,Email Activity,No,No,No,No,No,1
3292,31,Professional,Website,Medium,5,606,3.72,Phone Activity,No,No,No,Yes,No,0
3293,55,Unemployed,Mobile App,High,2,34,2.103,Phone Activity,No,No,No,No,No,0
3294,41,Professional,Website,High,5,488,3.479,Phone Activity,No,No,No,No,No,1
3295,51,Professional,Website,Medium,0,0,0,Email Activity,No,No,No,No,No,0
3296,59,Professional,Website,Medium,2,1833,3.018,Website Activity,No,No,No,No,No,1
3297,57,Professional,Mobile App,High,3,66,3.712,Email Activity,No,No,No,No,No,0
3298,41,Professional,Website,Medium,4,63,2.242,Email Activity,No,No,No,Yes,No,0
3299,35,Professional,Mobile App,High,8,567,2.091,Email Activity,No,No,No,Yes,No,0
3300,18,Student,Website,High,2,258,2.211,Website Activity,No,No,No,No,No,0
3301,36,Professional,Website,High,9,346,2.785,Email Activity,No,No,No,No,No,1
3302,55,Unemployed,Website,Medium,2,206,5.073,Phone Activity,No,No,Yes,Yes,No,0
3303,52,Unemployed,Website,Medium,4,359,0.28,Email Activity,No,No,No,No,No,0
3304,50,Professional,Website,Medium,1,1693,2.852,Email Activity,No,No,No,No,No,1
3305,59,Professional,Mobile App,High,2,65,1.818,Email Activity,No,No,No,No,No,0
3306,21,Student,Website,Medium,0,0,0,Email Activity,No,No,No,No,No,0
3307,52,Professional,Mobile App,Medium,2,327,3.498,Email Activity,No,No,No,No,No,0
3308,60,Professional,Mobile App,High,0,0,0,Email Activity,No,No,No,No,No,0
3309,51,Unemployed,Mobile App,Medium,1,48,2.244,Email Activity,No,No,No,No,No,0
3310,55,Unemployed,Website,Medium,9,85,3.431,Email Activity,No,No,No,No,No,0
3311,58,Unemployed,Website,High,4,6,1.886,Email Activity,No,No,No,Yes,No,0
3312,32,Unemployed,Mobile App,Medium,1,1877,3.722,Phone Activity,No,No,No,No,No,0
3313,56,Professional,Website,High,3,2146,3.446,Phone Activity,No,No,No,Yes,No,1
3314,57,Professional,Mobile App,Medium,2,454,2.199,Email Activity,No,Yes,No,No,No,0
3315,56,Professional,Website,High,3,30,3.225,Email Activity,No,No,No,No,No,1
3316,44,Professional,Mobile App,Medium,1,274,3.55,Email Activity,No,No,No,No,No,0
3317,23,Student,Website,Medium,1,39,2.21,Phone Activity,No,No,No,No,No,0
3318,53,Professional,Website,Medium,2,581,2.079,Phone Activity,No,No,No,No,No,0
3319,57,Professional,Website,Medium,5,367,1.485,Website Activity,No,No,No,No,No,0
3320,47,Professional,Website,High,1,2322,8.276,Email Activity,No,Yes,Yes,No,No,1
3321,32,Unemployed,Mobile App,Medium,3,1232,0.257,Email Activity,No,No,No,No,No,1
3322,40,Unemployed,Website,Low,1,465,4.243,Email Activity,No,No,No,No,No,0
3323,43,Unemployed,Mobile App,Medium,0,0,0,Phone Activity,No,No,No,No,No,0
3324,59,Unemployed,Mobile App,High,5,59,3.702,Website Activity,No,No,No,Yes,No,0
3325,56,Professional,Mobile App,Medium,7,305,3.743,Email Activity,No,No,No,No,No,0
3326,53,Professional,Mobile App,High,4,1,2.258,Website Activity,No,No,No,No,No,0
3327,22,Student,Mobile App,High,1,593,2.13,Website Activity,No,No,Yes,No,No,1
3328,44,Professional,Website,Medium,3,466,2.176,Website Activity,No,No,No,No,No,1
3329,58,Professional,Mobile App,High,4,2050,2.971,Email Activity,No,No,No,No,No,0
3330,21,Student,Website,High,8,206,7.504,Phone Activity,No,No,Yes,No,No,0
3331,30,Professional,Website,Medium,2,49,2.245,Phone Activity,No,No,Yes,No,No,0
3332,22,Student,Website,Medium,4,2231,4.097,Website Activity,No,No,No,No,No,1
3333,32,Unemployed,Website,Medium,2,343,2.125,Email Activity,No,No,No,No,No,0
3334,49,Professional,Website,High,4,664,2.477,Email Activity,No,No,No,No,No,1
3335,18,Student,Website,Medium,5,502,3.233,Email Activity,No,No,No,No,No,0
3336,32,Unemployed,Website,High,10,330,1.595,Website Activity,No,No,No,No,No,1
3337,56,Professional,Website,High,0,0,0,Email Activity,No,No,No,No,No,0
3338,53,Unemployed,Website,Medium,1,270,3.52,Email Activity,No,No,No,No,No,0
3339,60,Professional,Website,Medium,5,445,2.949,Email Activity,No,No,No,No,No,1
3340,55,Professional,Mobile App,High,2,1472,2.278,Website Activity,No,No,No,No,No,1
3341,55,Unemployed,Mobile App,High,2,1724,7.851,Website Activity,No,No,Yes,No,No,1
3342,50,Professional,Website,High,2,51,3.336,Phone Activity,No,No,No,No,Yes,1
3343,60,Unemployed,Website,Medium,3,28,4.933,Website Activity,No,No,No,No,No,0
3344,36,Professional,Website,High,8,1829,5.478,Email Activity,No,No,No,No,No,1
3345,45,Unemployed,Mobile App,High,1,273,3.829,Website Activity,Yes,No,No,No,No,0
3346,54,Professional,Website,Medium,1,20,2.058,Email Activity,No,No,No,No,No,0
3347,44,Professional,Website,Low,1,46,3.768,Email Activity,No,No,No,No,No,0
3348,57,Professional,Mobile App,Medium,4,290,2.175,Phone Activity,No,No,No,No,No,0
3349,37,Professional,Mobile App,High,4,483,2.192,Email Activity,No,No,No,Yes,No,1
3350,52,Unemployed,Website,Medium,2,2329,3.47,Email Activity,No,No,No,No,No,0
3351,39,Professional,Website,Medium,2,52,3.85,Email Activity,No,No,No,No,No,0
3352,43,Professional,Website,Medium,2,1659,2.065,Email Activity,No,No,No,No,No,1
3353,59,Professional,Mobile App,Medium,2,1242,0.113,Email Activity,No,No,No,No,No,0
3354,21,Student,Website,High,1,2215,2.176,Website Activity,Yes,No,No,No,No,0
3355,50,Professional,Website,High,2,2254,4.718,Email Activity,No,No,No,No,No,1
3356,34,Professional,Website,Medium,2,1632,3.716,Website Activity,No,No,Yes,No,No,1
3357,59,Professional,Website,High,4,86,3.154,Website Activity,No,No,No,No,No,1
3358,58,Unemployed,Website,Medium,2,54,2.173,Phone Activity,No,No,No,No,No,0
3359,55,Professional,Website,High,1,259,2.093,Phone Activity,No,No,No,No,No,1
3360,59,Professional,Mobile App,Medium,8,367,5.767,Email Activity,Yes,No,No,No,No,0
3361,57,Professional,Website,Medium,2,314,2.113,Phone Activity,No,No,No,No,No,0
3362,44,Professional,Website,Medium,2,367,8.102,Phone Activity,No,No,No,No,No,0
3363,54,Unemployed,Website,High,2,90,3.816,Email Activity,No,No,No,No,No,0
3364,58,Professional,Website,Medium,8,2012,5.455,Email Activity,No,No,No,No,No,1
3365,54,Professional,Mobile App,High,2,69,0.098,Phone Activity,No,No,No,No,No,0
3366,34,Professional,Mobile App,Medium,1,569,1.986,Phone Activity,No,No,No,No,No,0
3367,56,Professional,Mobile App,Medium,12,1068,4.406,Email Activity,No,No,No,Yes,No,0
3368,32,Professional,Mobile App,High,2,2203,1.807,Email Activity,No,No,No,No,No,0
3369,47,Professional,Website,Medium,2,248,0.225,Email Activity,Yes,No,No,No,No,0
3370,55,Unemployed,Mobile App,High,2,458,2.677,Phone Activity,No,No,No,No,No,0
3371,54,Unemployed,Mobile App,High,1,15,0.279,Website Activity,No,No,No,No,No,0
3372,59,Professional,Mobile App,Medium,7,1524,2.196,Email Activity,No,No,No,No,No,1
3373,18,Student,Website,High,2,1563,2.81,Website Activity,No,No,No,Yes,No,1
3374,60,Unemployed,Mobile App,High,3,2255,5.5,Phone Activity,No,No,No,No,No,0
3375,37,Professional,Mobile App,High,4,274,6.765,Email Activity,No,No,No,No,No,0
3376,59,Unemployed,Website,High,2,1114,0.006,Website Activity,No,No,No,Yes,No,1
3377,49,Professional,Website,High,1,364,4.297,Phone Activity,No,Yes,Yes,No,No,1
3378,52,Unemployed,Mobile App,High,9,70,2.963,Phone Activity,No,No,No,No,No,0
3379,49,Professional,Mobile App,Medium,5,381,2.283,Phone Activity,No,No,No,No,No,0
3380,45,Unemployed,Mobile App,Medium,2,2205,2.156,Website Activity,No,No,No,No,No,1
3381,56,Professional,Mobile App,High,1,1978,3.287,Phone Activity,No,No,No,No,No,0
3382,63,Unemployed,Website,High,5,234,4.006,Phone Activity,No,No,No,No,No,0
3383,32,Professional,Website,Medium,2,135,2.544,Phone Activity,No,No,No,No,No,0
3384,60,Unemployed,Website,High,4,66,3.776,Email Activity,No,No,No,Yes,No,1
3385,47,Professional,Website,High,2,1906,1.942,Email Activity,No,No,No,No,No,1
3386,47,Professional,Website,Medium,8,259,2.103,Website Activity,No,No,No,No,No,0
3387,59,Unemployed,Mobile App,Medium,1,243,3.702,Website Activity,No,No,No,No,No,0
3388,57,Professional,Website,Medium,1,285,2.473,Phone Activity,No,No,No,Yes,No,0
3389,56,Professional,Website,Low,8,1673,3.667,Website Activity,Yes,No,No,No,No,0
3390,49,Unemployed,Mobile App,High,4,244,2.999,Email Activity,No,No,No,Yes,No,0
3391,46,Professional,Mobile App,Medium,3,246,3.12,Phone Activity,No,No,No,No,No,0
3392,61,Unemployed,Mobile App,High,2,1,3.541,Email Activity,No,No,No,No,No,0
3393,22,Student,Website,High,3,1489,3.34,Email Activity,No,No,No,Yes,Yes,1
3394,36,Unemployed,Website,High,2,437,5.303,Phone Activity,No,No,No,No,No,0
3395,49,Unemployed,Website,Medium,2,165,2.1,Phone Activity,No,No,No,No,No,0
3396,60,Unemployed,Mobile App,Medium,2,533,2.249,Website Activity,No,No,No,No,No,1
3397,32,Professional,Mobile App,Medium,1,95,4.085,Email Activity,No,No,No,Yes,No,0
3398,57,Professional,Mobile App,Medium,4,2060,4.033,Email Activity,No,No,No,No,No,0
3399,51,Professional,Mobile App,Medium,3,2497,2.143,Email Activity,No,No,No,No,No,0
3400,56,Professional,Mobile App,Medium,1,71,3.749,Email Activity,No,No,No,No,No,0
3401,59,Professional,Website,Low,3,1729,5.599,Email Activity,No,No,No,No,No,0
3402,39,Unemployed,Mobile App,High,2,118,1.2,Email Activity,No,No,Yes,No,No,0
3403,60,Professional,Website,Medium,5,1682,3.622,Website Activity,No,No,No,No,No,1
3404,20,Student,Mobile App,High,5,2223,3.571,Email Activity,No,No,No,No,No,1
3405,34,Unemployed,Mobile App,Medium,1,26,2.564,Website Activity,No,No,No,No,No,0
3406,57,Unemployed,Website,High,4,2188,2.226,Phone Activity,No,No,No,Yes,No,0
3407,60,Professional,Website,High,4,282,3.545,Email Activity,No,Yes,No,No,No,0
3408,32,Professional,Mobile App,High,1,21,2.057,Website Activity,No,No,No,Yes,No,0
3409,40,Professional,Mobile App,High,2,289,2.108,Email Activity,No,No,No,Yes,No,0
3410,59,Professional,Mobile App,Medium,7,535,2.183,Email Activity,No,No,No,No,No,0
3411,59,Professional,Website,High,2,162,5.378,Email Activity,No,No,No,No,No,1
3412,37,Professional,Mobile App,Medium,6,362,3.294,Email Activity,No,No,No,No,No,0
3413,41,Unemployed,Website,Medium,3,1099,3.108,Email Activity,No,No,No,No,No,0
3414,42,Professional,Mobile App,Medium,2,1702,2.097,Website Activity,No,No,No,Yes,No,0
3415,57,Professional,Mobile App,Medium,2,1572,2.991,Email Activity,No,No,No,No,No,0
3416,36,Professional,Website,High,4,518,3.345,Phone Activity,No,No,No,No,No,1
3417,40,Professional,Website,High,3,77,2.15,Website Activity,No,No,No,No,No,1
3418,56,Professional,Website,High,2,1667,2.251,Email Activity,No,No,No,No,No,1
3419,37,Unemployed,Mobile App,Medium,2,364,2.203,Phone Activity,Yes,No,No,No,No,0
3420,32,Unemployed,Mobile App,Medium,1,112,3.047,Phone Activity,No,No,No,Yes,No,0
3421,39,Unemployed,Website,High,2,904,2.016,Email Activity,No,No,No,No,No,1
3422,29,Professional,Website,Medium,1,76,3.869,Email Activity,Yes,No,No,No,No,0
3423,22,Student,Website,High,4,336,5.655,Email Activity,No,No,No,No,No,0
3424,59,Professional,Website,Low,3,252,1.985,Phone Activity,No,No,No,No,No,0
3425,43,Unemployed,Mobile App,Medium,2,326,3.878,Email Activity,No,No,No,No,No,0
3426,40,Unemployed,Website,High,2,1763,2.126,Phone Activity,No,No,No,No,No,1
3427,32,Unemployed,Website,Medium,6,2126,1.967,Email Activity,No,No,No,No,No,1
3428,30,Professional,Mobile App,Medium,1,376,2.137,Phone Activity,No,No,No,Yes,No,0
3429,57,Professional,Website,Medium,9,388,2.137,Email Activity,No,No,No,No,No,0
3430,37,Professional,Mobile App,High,1,355,5.3,Email Activity,No,Yes,No,No,No,0
3431,21,Student,Website,High,2,1631,2.167,Email Activity,No,No,No,No,No,0
3432,34,Professional,Website,Medium,1,348,0.132,Email Activity,No,No,No,No,No,0
3433,51,Professional,Mobile App,Medium,1,19,2.105,Email Activity,No,No,Yes,No,No,0
3434,56,Professional,Website,High,1,71,4.913,Phone Activity,Yes,No,No,No,No,1
3435,31,Professional,Website,High,5,313,3.632,Phone Activity,No,No,No,No,No,1
3436,58,Professional,Website,High,6,1985,3.041,Email Activity,Yes,No,No,No,No,1
3437,41,Professional,Mobile App,Medium,6,2294,0.176,Phone Activity,No,No,No,No,No,0
3438,30,Professional,Website,Medium,2,14,9.947,Website Activity,Yes,No,No,No,No,0
3439,59,Professional,Mobile App,High,1,72,1.994,Phone Activity,No,No,No,No,No,0
3440,57,Professional,Website,High,2,1952,2.054,Phone Activity,No,No,No,No,No,0
3441,58,Professional,Mobile App,High,2,537,5.527,Phone Activity,No,No,Yes,Yes,No,0
3442,57,Professional,Mobile App,High,0,0,0,Email Activity,No,No,No,Yes,No,0
3443,23,Student,Mobile App,High,10,517,2.25,Website Activity,No,No,No,No,No,0
3444,56,Unemployed,Website,Medium,5,342,0.188,Phone Activity,No,No,No,No,No,0
3445,35,Professional,Website,Medium,1,2109,2.295,Website Activity,No,No,No,No,No,1
3446,59,Unemployed,Mobile App,Medium,3,413,2.852,Email Activity,No,No,No,No,No,0
3447,60,Professional,Website,High,6,419,2.208,Phone Activity,No,No,No,Yes,No,1
3448,60,Professional,Website,Medium,4,543,0.092,Email Activity,No,No,No,No,No,1
3449,55,Unemployed,Website,High,2,660,0.184,Email Activity,No,No,No,No,No,1
3450,58,Professional,Website,Medium,1,361,3.823,Website Activity,No,No,No,No,No,0
3451,60,Professional,Mobile App,Medium,3,85,2.339,Email Activity,No,No,No,No,No,0
3452,56,Unemployed,Website,High,3,1937,2.229,Website Activity,No,No,No,No,No,1
3453,42,Professional,Website,High,4,86,0.217,Email Activity,No,No,No,No,No,1
3454,24,Student,Mobile App,Medium,2,343,2.034,Email Activity,No,No,No,Yes,No,0
3455,57,Professional,Website,Medium,7,1802,0,Email Activity,No,No,No,Yes,No,1
3456,51,Professional,Website,High,5,74,3.399,Email Activity,No,No,No,No,No,1
3457,58,Professional,Mobile App,High,0,0,0,Phone Activity,No,No,No,No,No,0
3458,58,Professional,Mobile App,High,6,2003,3.327,Phone Activity,No,No,No,Yes,No,0
3459,32,Unemployed,Website,Medium,5,375,4.958,Website Activity,No,No,No,No,No,0
3460,47,Unemployed,Website,Medium,1,612,2.038,Phone Activity,Yes,No,No,No,No,0
3461,56,Unemployed,Mobile App,High,5,330,5.55,Website Activity,No,No,No,No,No,0
3462,33,Unemployed,Website,High,4,617,3.594,Website Activity,No,No,No,No,No,1
3463,57,Professional,Website,Medium,1,2047,5.584,Email Activity,No,No,No,No,No,1
3464,40,Professional,Website,Medium,3,330,4.054,Email Activity,No,No,No,No,No,0
3465,62,Unemployed,Website,Medium,1,1697,3.873,Website Activity,No,No,No,No,No,1
3466,46,Unemployed,Website,High,4,230,6.856,Website Activity,No,No,No,No,No,0
3467,40,Professional,Mobile App,High,12,72,4.175,Phone Activity,No,No,No,Yes,No,0
3468,63,Unemployed,Mobile App,High,8,445,3.615,Website Activity,No,No,No,Yes,No,1
3469,40,Professional,Website,High,7,281,3.484,Phone Activity,No,No,No,No,Yes,0
3470,34,Professional,Website,High,1,2132,0.237,Email Activity,No,No,Yes,No,No,1
3471,34,Professional,Mobile App,Medium,3,56,2.342,Email Activity,No,No,No,No,No,0
3472,60,Unemployed,Website,Medium,5,324,5.542,Email Activity,Yes,No,No,No,No,0
3473,50,Unemployed,Mobile App,High,5,1247,5.22,Email Activity,No,No,No,Yes,No,0
3474,56,Professional,Mobile App,Medium,9,1138,1.89,Email Activity,No,No,No,No,No,0
3475,57,Professional,Mobile App,High,1,1811,2.922,Phone Activity,No,Yes,No,No,No,1
3476,41,Professional,Website,Medium,5,728,2.088,Website Activity,No,No,No,No,No,1
3477,58,Unemployed,Website,High,1,1544,2.112,Website Activity,Yes,Yes,No,No,No,1
3478,58,Unemployed,Mobile App,Medium,7,239,2.118,Email Activity,No,No,No,No,No,0
3479,56,Professional,Mobile App,Medium,3,1247,3.22,Email Activity,No,No,No,No,No,0
3480,47,Unemployed,Website,High,2,1766,2.169,Website Activity,No,No,No,No,No,1
3481,59,Professional,Mobile App,High,1,88,3.936,Website Activity,No,No,No,No,No,0
3482,55,Professional,Website,Medium,8,2282,6.971,Email Activity,No,Yes,No,Yes,No,1
3483,56,Professional,Website,Medium,2,672,2.026,Website Activity,No,No,Yes,No,No,1
3484,57,Professional,Website,High,1,1,4.129,Phone Activity,No,No,No,No,No,1
3485,24,Student,Mobile App,High,4,191,5.413,Website Activity,No,No,Yes,No,No,0
3486,36,Professional,Website,Medium,4,70,2.146,Website Activity,No,No,No,No,No,0
3487,24,Student,Website,Medium,3,78,2.586,Email Activity,No,No,No,Yes,No,0
3488,43,Unemployed,Website,Medium,2,285,4.334,Email Activity,No,No,No,No,No,0
3489,33,Unemployed,Mobile App,Medium,4,512,3.598,Email Activity,No,No,Yes,No,No,0
3490,59,Unemployed,Website,Medium,5,675,2.152,Phone Activity,No,No,Yes,No,No,0
3491,60,Unemployed,Mobile App,Medium,11,1092,2.21,Website Activity,No,No,No,No,No,0
3492,56,Professional,Website,High,1,86,2.075,Email Activity,No,No,No,No,No,1
3493,57,Professional,Mobile App,High,2,307,0.171,Phone Activity,No,No,No,No,No,0
3494,33,Professional,Mobile App,High,2,96,5.032,Email Activity,No,No,No,Yes,No,0
3495,57,Unemployed,Mobile App,High,2,643,4.313,Email Activity,No,No,No,No,No,0
3496,29,Professional,Website,High,2,407,3.571,Website Activity,No,No,No,No,No,0
3497,59,Professional,Website,Medium,5,64,2.193,Email Activity,No,No,No,No,No,0
3498,28,Professional,Website,High,6,2264,5.445,Website Activity,No,No,No,Yes,No,1
3499,32,Unemployed,Mobile App,Medium,2,99,7.061,Website Activity,No,No,No,No,No,0
3500,59,Professional,Mobile App,High,6,89,3.096,Email Activity,No,No,No,No,No,0
3501,58,Professional,Mobile App,Medium,2,530,4.262,Website Activity,No,No,No,No,No,0
3502,63,Unemployed,Website,Medium,3,293,2.259,Website Activity,No,No,No,No,No,0
3503,32,Unemployed,Mobile App,High,2,1064,2.252,Phone Activity,No,No,No,Yes,No,1
3504,19,Student,Mobile App,High,2,99,2.02,Email Activity,No,No,No,No,No,0
3505,60,Unemployed,Mobile App,Medium,2,1041,6.262,Website Activity,No,No,No,No,No,1
3506,56,Professional,Website,High,2,2051,0.094,Phone Activity,Yes,No,Yes,No,No,1
3507,56,Professional,Mobile App,Medium,4,1563,2.073,Email Activity,No,No,No,No,No,0
3508,53,Unemployed,Website,High,2,338,2.059,Website Activity,No,No,No,No,No,0
3509,31,Professional,Mobile App,High,3,210,2.223,Phone Activity,No,No,No,No,Yes,0
3510,34,Professional,Mobile App,Medium,3,400,3.763,Email Activity,No,No,No,No,No,0
3511,57,Professional,Website,Medium,5,379,3.376,Website Activity,No,No,No,No,No,0
3512,24,Student,Website,Low,5,184,5.464,Website Activity,No,No,No,No,No,0
3513,33,Professional,Website,Medium,4,563,4.316,Website Activity,Yes,No,No,No,No,1
3514,33,Professional,Mobile App,High,3,275,3.84,Website Activity,No,No,Yes,No,No,0
3515,49,Unemployed,Website,Medium,8,70,3.884,Email Activity,No,No,No,No,No,0
3516,56,Professional,Website,Medium,5,245,2.844,Phone Activity,No,No,Yes,No,No,0
3517,43,Professional,Mobile App,Medium,2,1914,2.925,Website Activity,No,No,Yes,Yes,No,1
3518,58,Professional,Mobile App,Low,4,122,2.119,Website Activity,No,No,No,No,No,0
3519,40,Professional,Mobile App,Medium,3,385,2.219,Phone Activity,No,No,No,No,No,0
3520,46,Unemployed,Website,Medium,4,261,2.146,Website Activity,No,No,No,No,No,0
3521,58,Professional,Mobile App,Medium,3,376,2.045,Phone Activity,No,No,No,No,No,0
3522,51,Unemployed,Mobile App,High,13,1772,3.157,Phone Activity,No,No,No,Yes,No,1
3523,20,Student,Mobile App,High,3,431,3.388,Email Activity,Yes,No,No,No,No,0
3524,32,Unemployed,Mobile App,High,2,2034,0.12,Email Activity,No,No,No,No,No,0
3525,60,Professional,Website,High,3,988,2.071,Email Activity,No,No,No,No,No,1
3526,58,Professional,Mobile App,High,9,214,2.187,Email Activity,No,No,No,No,No,0
3527,45,Unemployed,Website,High,2,2240,2.174,Website Activity,No,No,No,No,No,1
3528,48,Professional,Website,Medium,9,1703,0.243,Email Activity,No,No,Yes,No,No,1
3529,60,Unemployed,Mobile App,High,3,300,3.552,Phone Activity,No,No,No,No,No,0
3530,56,Professional,Website,High,1,307,2.039,Email Activity,No,No,No,Yes,No,1
3531,58,Unemployed,Website,Medium,1,630,0.281,Email Activity,No,No,No,No,No,0
3532,32,Professional,Website,High,2,63,13.007,Phone Activity,No,No,No,No,No,1
3533,41,Professional,Website,High,7,34,7.379,Phone Activity,Yes,Yes,No,Yes,No,1
3534,57,Professional,Mobile App,Medium,4,1811,1.725,Email Activity,No,No,No,Yes,No,0
3535,54,Unemployed,Website,Medium,3,1871,7.621,Email Activity,No,No,No,No,No,1
3536,44,Professional,Website,Medium,1,295,5.636,Email Activity,No,No,No,No,No,0
3537,18,Student,Website,Medium,2,72,4.478,Website Activity,Yes,No,No,No,No,0
3538,29,Professional,Website,High,3,1,3.628,Email Activity,Yes,No,No,No,No,1
3539,52,Professional,Mobile App,Medium,8,587,2.894,Email Activity,No,No,No,No,No,0
3540,47,Unemployed,Website,High,3,724,2.934,Website Activity,No,No,No,No,No,1
3541,37,Unemployed,Website,Medium,4,351,3.849,Email Activity,No,No,No,No,No,0
3542,60,Professional,Mobile App,High,4,142,5.81,Phone Activity,No,No,Yes,Yes,No,0
3543,44,Professional,Website,High,5,1797,3.594,Email Activity,No,No,No,No,No,1
3544,22,Student,Website,High,2,18,2.247,Website Activity,No,No,No,No,No,0
3545,59,Professional,Website,Medium,6,1929,4.953,Phone Activity,Yes,No,No,No,No,0
3546,20,Student,Website,High,0,0,0,Phone Activity,No,No,No,No,No,0
3547,56,Professional,Website,High,8,245,2.133,Email Activity,No,No,No,No,No,1
3548,36,Unemployed,Website,High,7,890,4.789,Website Activity,No,Yes,No,No,No,1
3549,24,Student,Website,Medium,2,71,3.311,Email Activity,No,No,No,No,No,0
3550,58,Professional,Website,High,5,2367,2.64,Phone Activity,No,No,Yes,No,No,1
3551,59,Professional,Website,High,2,583,3.797,Website Activity,No,No,No,No,No,1
3552,34,Professional,Website,High,7,1221,0.148,Email Activity,No,No,No,No,No,1
3553,50,Unemployed,Mobile App,Low,2,442,2.142,Email Activity,No,Yes,No,Yes,No,0
3554,51,Professional,Website,High,1,352,0.21,Email Activity,No,No,No,No,No,1
3555,62,Unemployed,Mobile App,High,5,354,0.256,Email Activity,No,No,No,No,No,0
3556,50,Professional,Website,High,1,2312,5.119,Phone Activity,No,No,No,No,No,1
3557,19,Student,Website,High,3,81,0.264,Phone Activity,No,No,No,No,No,0
3558,43,Professional,Website,Medium,4,349,2.184,Email Activity,No,No,Yes,No,No,0
3559,54,Unemployed,Website,Medium,0,0,0,Email Activity,No,No,No,No,No,0
3560,52,Unemployed,Mobile App,Medium,1,2069,2.239,Website Activity,Yes,No,No,No,No,0
3561,60,Unemployed,Mobile App,High,6,536,2.188,Email Activity,No,No,Yes,No,No,0
3562,56,Professional,Mobile App,High,4,2085,4.254,Email Activity,No,No,No,No,No,0
3563,56,Unemployed,Website,High,2,609,7.755,Email Activity,No,No,No,No,No,0
3564,33,Professional,Mobile App,High,2,1568,3.366,Email Activity,No,Yes,No,No,No,0
3565,23,Student,Website,High,9,40,3.712,Email Activity,No,No,No,No,No,0
3566,47,Professional,Website,High,2,334,2.249,Website Activity,No,No,No,No,No,1
3567,29,Professional,Mobile App,Medium,2,1712,2.134,Phone Activity,No,No,No,No,No,1
3568,41,Unemployed,Website,Medium,5,1603,6.781,Website Activity,No,No,No,No,No,1
3569,21,Student,Website,Medium,2,200,2.172,Website Activity,No,No,No,No,No,1
3570,57,Professional,Mobile App,Medium,2,614,4.045,Email Activity,Yes,No,No,No,No,0
3571,49,Professional,Mobile App,Low,3,114,2.005,Website Activity,Yes,No,No,No,No,0
3572,57,Professional,Website,High,2,71,4.235,Phone Activity,No,Yes,No,No,No,0
3573,19,Student,Mobile App,Medium,3,1459,8.046,Email Activity,Yes,No,No,No,No,0
3574,57,Unemployed,Mobile App,High,2,83,2.167,Email Activity,Yes,No,No,No,No,0
3575,45,Unemployed,Mobile App,Medium,7,1441,3.842,Email Activity,No,No,No,No,No,0
3576,58,Unemployed,Mobile App,High,4,40,0.126,Email Activity,No,No,No,Yes,No,0
3577,56,Professional,Mobile App,High,1,522,5.448,Email Activity,No,No,No,No,No,1
3578,59,Unemployed,Website,High,1,616,3.386,Email Activity,No,No,No,No,No,1
3579,56,Professional,Mobile App,Medium,2,253,2.726,Email Activity,No,No,No,No,No,0
3580,21,Student,Website,Medium,2,1450,0.206,Website Activity,No,No,No,No,No,0
3581,21,Student,Mobile App,High,3,407,2.211,Email Activity,No,No,Yes,No,No,0
3582,58,Unemployed,Mobile App,Medium,2,256,2.217,Email Activity,No,No,No,No,No,0
3583,53,Professional,Mobile App,High,3,1628,3.991,Email Activity,No,No,No,No,No,0
3584,58,Professional,Mobile App,High,3,1802,2.195,Email Activity,No,No,No,No,No,0
3585,20,Student,Mobile App,Medium,5,128,2.199,Website Activity,No,No,No,No,No,0
3586,33,Unemployed,Website,Medium,1,438,3.053,Phone Activity,No,No,No,No,No,0
3587,48,Professional,Mobile App,High,1,547,2.154,Email Activity,No,No,No,No,No,1
3588,55,Professional,Website,Medium,1,72,1.692,Email Activity,No,No,No,Yes,No,0
3589,56,Professional,Website,Medium,1,278,4.318,Website Activity,No,No,No,No,No,0
3590,56,Unemployed,Website,High,1,66,2.092,Website Activity,No,No,No,No,No,0
3591,57,Professional,Website,Medium,5,349,3.91,Website Activity,Yes,No,No,No,No,0
3592,32,Unemployed,Mobile App,High,4,70,5.473,Email Activity,No,No,No,Yes,No,0
3593,24,Student,Website,Medium,6,30,6.578,Phone Activity,No,No,No,No,No,0
3594,56,Professional,Website,Medium,4,2266,2.026,Website Activity,No,No,No,No,No,1
3595,20,Student,Mobile App,High,3,1997,3.059,Email Activity,No,Yes,No,No,No,0
3596,49,Professional,Website,Medium,1,299,2.191,Phone Activity,No,No,No,No,No,0
3597,60,Unemployed,Website,Medium,0,0,0,Phone Activity,No,No,No,No,Yes,0
3598,58,Unemployed,Mobile App,High,2,66,2.046,Phone Activity,No,No,No,No,No,0
3599,57,Professional,Mobile App,High,4,1052,2.104,Website Activity,Yes,No,No,No,No,1
3600,32,Unemployed,Mobile App,High,7,646,7.465,Email Activity,No,No,No,Yes,No,0
3601,19,Student,Mobile App,Medium,2,81,9.462,Email Activity,No,No,No,No,No,0
3602,53,Professional,Website,High,3,74,2.215,Phone Activity,No,Yes,No,Yes,No,1
3603,63,Unemployed,Website,Medium,4,94,1.855,Website Activity,No,No,No,Yes,No,0
3604,45,Unemployed,Website,Medium,2,2294,3.877,Phone Activity,No,No,No,No,No,1
3605,22,Student,Mobile App,Medium,2,2090,2.136,Email Activity,No,No,No,Yes,No,0
3606,22,Student,Mobile App,Medium,1,9,1.837,Email Activity,Yes,No,No,No,No,0
3607,60,Professional,Mobile App,Medium,1,895,2.061,Email Activity,No,No,Yes,No,No,0
3608,58,Professional,Mobile App,High,3,316,3.387,Website Activity,No,No,Yes,No,No,0
3609,56,Unemployed,Mobile App,High,1,68,5.517,Email Activity,No,No,No,No,No,0
3610,48,Professional,Website,Medium,2,96,0.145,Phone Activity,No,Yes,No,No,No,0
3611,19,Student,Mobile App,Medium,5,497,2.247,Email Activity,Yes,No,No,No,No,0
3612,21,Student,Website,Medium,0,0,0,Email Activity,Yes,No,No,No,No,0
3613,59,Unemployed,Mobile App,Medium,8,1868,2.098,Email Activity,No,No,No,Yes,No,0
3614,56,Professional,Mobile App,Medium,9,514,2.141,Phone Activity,No,No,No,No,No,1
3615,39,Unemployed,Website,Medium,5,73,3.641,Email Activity,No,No,No,No,No,0
3616,47,Professional,Mobile App,Medium,5,339,2.058,Phone Activity,No,No,No,No,No,0
3617,56,Professional,Website,Medium,3,161,2.107,Email Activity,Yes,No,No,Yes,No,0
3618,41,Unemployed,Mobile App,Medium,2,1635,3.116,Phone Activity,No,No,No,Yes,No,0
3619,60,Professional,Mobile App,High,2,1874,0.347,Email Activity,No,No,No,No,No,1
3620,30,Professional,Mobile App,High,2,1817,2.133,Website Activity,No,No,No,No,Yes,1
3621,59,Professional,Mobile App,Medium,2,86,2.036,Email Activity,No,No,No,No,No,0
3622,58,Professional,Website,Medium,1,2097,5.108,Phone Activity,No,No,No,No,No,0
3623,39,Unemployed,Website,Medium,1,2092,9.5,Website Activity,No,No,Yes,Yes,No,1
3624,20,Student,Mobile App,Medium,6,391,0.225,Email Activity,No,No,No,No,No,0
3625,43,Professional,Website,High,7,87,3.425,Website Activity,Yes,No,No,No,No,0
3626,60,Unemployed,Website,High,0,0,0,Email Activity,No,No,No,No,No,0
3627,51,Unemployed,Website,Medium,2,1509,4.365,Email Activity,No,No,No,No,No,0
3628,55,Professional,Mobile App,High,2,2404,3.239,Email Activity,No,No,Yes,No,No,0
3629,63,Unemployed,Website,Medium,1,1762,3.337,Website Activity,No,No,No,No,No,0
3630,29,Professional,Mobile App,High,4,96,2.204,Email Activity,No,No,No,No,No,0
3631,43,Professional,Mobile App,Medium,2,1846,3.031,Phone Activity,No,No,No,No,No,1
3632,34,Professional,Website,Medium,1,1576,7.908,Email Activity,No,No,No,No,No,1
3633,46,Unemployed,Website,Medium,2,1597,0.148,Email Activity,No,Yes,Yes,No,No,1
3634,59,Unemployed,Website,High,5,2422,5.625,Website Activity,No,No,No,No,No,1
3635,36,Unemployed,Website,High,2,2221,2.062,Website Activity,No,No,No,Yes,No,1
3636,57,Professional,Website,High,1,26,2.192,Email Activity,Yes,Yes,Yes,No,No,1
3637,57,Professional,Website,High,12,118,2.265,Email Activity,Yes,No,No,No,No,1
3638,58,Professional,Website,High,6,51,2.027,Phone Activity,No,No,No,No,No,1
3639,59,Unemployed,Mobile App,High,1,1718,1.883,Phone Activity,No,No,No,No,No,0
3640,57,Professional,Website,High,5,653,2.259,Website Activity,No,No,No,No,No,1
3641,30,Professional,Website,High,3,75,6.155,Website Activity,No,No,No,No,No,1
3642,50,Unemployed,Mobile App,High,1,4,2.212,Email Activity,No,No,No,No,No,0
3643,60,Professional,Mobile App,Medium,3,351,2.252,Phone Activity,No,No,Yes,No,No,0
3644,34,Unemployed,Mobile App,High,3,2335,2.23,Website Activity,No,No,No,No,No,1
3645,53,Unemployed,Website,High,3,1835,3.161,Email Activity,No,No,No,No,No,0
3646,32,Professional,Website,Medium,8,490,2.211,Email Activity,No,No,No,Yes,No,1
3647,22,Student,Website,High,2,40,3.661,Email Activity,Yes,No,No,No,No,0
3648,58,Professional,Mobile App,Medium,3,2116,2.058,Email Activity,No,No,No,No,No,0
3649,55,Professional,Mobile App,High,1,464,5.476,Phone Activity,Yes,No,No,Yes,No,0
3650,58,Professional,Website,Medium,3,2283,3.793,Email Activity,No,No,No,No,No,1
3651,48,Unemployed,Mobile App,Medium,1,686,2.185,Phone Activity,No,No,No,No,No,0
3652,55,Professional,Website,Medium,5,268,0.147,Phone Activity,No,No,No,Yes,No,0
3653,57,Professional,Website,Medium,2,2210,4.282,Email Activity,No,No,Yes,Yes,No,1
3654,23,Student,Website,High,1,4,3.685,Website Activity,No,No,No,No,No,0
3655,37,Professional,Mobile App,Medium,3,152,8.414,Email Activity,No,No,No,No,No,0
3656,34,Professional,Website,Low,9,283,1.985,Website Activity,No,No,No,No,No,0
3657,34,Professional,Mobile App,High,5,9,0.144,Website Activity,No,No,No,No,No,0
3658,20,Student,Mobile App,High,2,420,3.457,Email Activity,No,No,No,No,No,1
3659,44,Professional,Mobile App,High,3,2377,2.107,Email Activity,No,No,No,No,No,0
3660,60,Professional,Website,Medium,6,92,1.977,Email Activity,Yes,No,Yes,No,No,0
3661,56,Professional,Website,High,1,395,2.21,Email Activity,No,No,No,Yes,No,1
3662,59,Unemployed,Website,Medium,2,631,2.01,Email Activity,Yes,No,No,No,No,1
3663,36,Professional,Mobile App,Medium,3,38,3.174,Website Activity,No,No,No,Yes,No,0
3664,59,Professional,Website,High,1,448,5.44,Email Activity,Yes,No,No,Yes,No,1
3665,22,Student,Website,High,0,0,0,Phone Activity,No,No,Yes,No,No,0
3666,23,Student,Mobile App,High,3,395,3.268,Phone Activity,Yes,No,No,No,No,0
3667,40,Unemployed,Website,Medium,6,1771,2.214,Website Activity,No,No,Yes,No,No,0
3668,24,Student,Website,High,2,1225,3.241,Website Activity,No,No,No,No,No,1
3669,58,Unemployed,Website,Medium,3,380,3.781,Email Activity,No,No,No,No,No,0
3670,58,Unemployed,Mobile App,Medium,6,442,2.168,Email Activity,No,No,No,No,No,0
3671,57,Unemployed,Website,High,6,46,4.453,Phone Activity,No,No,No,No,No,0
3672,57,Professional,Mobile App,Medium,4,471,5.627,Phone Activity,No,Yes,No,No,No,0
3673,57,Professional,Website,High,3,753,3.524,Email Activity,No,No,No,Yes,No,1
3674,56,Professional,Mobile App,High,4,217,2.29,Phone Activity,Yes,No,No,Yes,No,0
3675,59,Professional,Mobile App,High,2,462,3.552,Email Activity,No,No,No,Yes,No,0
3676,57,Professional,Mobile App,Medium,1,58,2.286,Phone Activity,No,No,Yes,No,No,0
3677,59,Professional,Website,Medium,2,299,3.661,Website Activity,No,No,Yes,Yes,No,0
3678,19,Student,Mobile App,Medium,7,60,0.224,Phone Activity,Yes,Yes,No,No,No,0
3679,39,Unemployed,Website,High,2,571,3.976,Email Activity,No,No,No,No,No,1
3680,52,Unemployed,Website,High,3,1667,3.674,Website Activity,No,No,No,No,No,1
3681,60,Unemployed,Mobile App,High,5,1651,2.16,Website Activity,No,Yes,No,No,No,0
3682,51,Professional,Mobile App,High,2,2070,5.5,Phone Activity,No,No,No,No,No,0
3683,46,Unemployed,Website,High,2,241,2.156,Phone Activity,No,No,No,Yes,No,0
3684,56,Professional,Mobile App,High,4,274,0.131,Phone Activity,No,No,No,No,No,0
3685,59,Professional,Website,Medium,0,0,0,Email Activity,No,No,No,Yes,No,0
3686,59,Professional,Website,Medium,4,2239,1.102,Website Activity,No,No,No,Yes,Yes,1
3687,46,Professional,Website,Medium,5,274,0.283,Phone Activity,No,No,No,No,No,0
3688,20,Student,Website,High,3,386,8.061,Email Activity,No,No,No,No,No,1
3689,59,Unemployed,Website,Medium,2,1578,3.555,Website Activity,No,Yes,No,No,No,1
3690,21,Student,Mobile App,High,6,1996,3.347,Email Activity,Yes,No,No,Yes,No,0
3691,56,Professional,Website,Medium,8,180,8.007,Email Activity,Yes,No,Yes,No,No,0
3692,47,Professional,Mobile App,Medium,2,37,0.231,Email Activity,No,No,No,No,No,0
3693,62,Unemployed,Mobile App,Medium,1,49,4.319,Email Activity,No,No,No,No,No,0
3694,58,Professional,Mobile App,Medium,1,2086,3.053,Email Activity,No,No,No,No,No,0
3695,34,Unemployed,Website,High,3,1078,3.055,Email Activity,No,No,No,No,No,1
3696,58,Unemployed,Website,High,7,140,3.388,Phone Activity,No,No,No,Yes,No,1
3697,58,Professional,Mobile App,High,6,62,3.218,Email Activity,No,No,No,No,No,0
3698,54,Professional,Website,High,2,2272,2.158,Email Activity,No,No,No,No,No,1
3699,27,Professional,Mobile App,High,5,11,4.437,Email Activity,No,No,Yes,No,No,0
3700,40,Professional,Website,High,2,394,3.335,Email Activity,No,No,No,No,No,1
3701,46,Professional,Mobile App,High,12,85,3.688,Phone Activity,No,No,No,No,No,0
3702,31,Professional,Website,Medium,5,296,5.8,Email Activity,Yes,No,No,No,No,0
3703,56,Professional,Website,High,2,16,3.706,Email Activity,No,No,No,No,No,1
3704,60,Professional,Website,High,6,745,1.986,Email Activity,No,No,No,Yes,No,1
3705,37,Unemployed,Mobile App,Medium,2,84,3.817,Email Activity,No,No,No,No,No,0
3706,21,Student,Website,Medium,2,269,2.181,Email Activity,No,No,No,No,No,0
3707,60,Professional,Mobile App,Medium,2,76,2.841,Email Activity,No,No,Yes,No,No,0
3708,45,Unemployed,Mobile App,Medium,2,65,2.327,Website Activity,No,No,No,No,No,0
3709,44,Professional,Mobile App,Medium,2,1189,2.186,Phone Activity,No,No,No,No,No,0
3710,47,Professional,Website,Medium,1,409,3.504,Email Activity,Yes,No,No,No,No,0
3711,22,Student,Mobile App,Medium,1,1035,3.847,Email Activity,No,No,Yes,No,No,0
3712,59,Professional,Website,Low,4,253,0.141,Phone Activity,No,No,No,No,No,0
3713,47,Unemployed,Mobile App,Medium,2,88,3.106,Website Activity,No,No,No,No,No,0
3714,58,Unemployed,Mobile App,Medium,2,323,1.939,Email Activity,No,No,Yes,Yes,No,0
3715,55,Professional,Mobile App,Medium,3,2057,2.201,Phone Activity,No,No,No,No,No,0
3716,60,Professional,Mobile App,High,7,577,2.141,Website Activity,No,No,No,No,No,1
3717,60,Professional,Website,Medium,1,2086,0.221,Email Activity,No,No,No,No,No,1
3718,24,Student,Mobile App,Medium,6,99,2.138,Email Activity,No,No,No,Yes,No,0
3719,56,Professional,Mobile App,Medium,2,655,3.438,Email Activity,No,No,No,No,No,1
3720,57,Unemployed,Website,High,2,610,5.388,Phone Activity,No,Yes,No,No,No,1
3721,47,Professional,Website,Medium,1,182,0.103,Phone Activity,No,No,No,Yes,No,0
3722,42,Professional,Mobile App,Medium,1,1913,3.653,Phone Activity,No,No,No,No,No,0
3723,46,Professional,Website,High,5,222,3.15,Email Activity,No,No,No,No,No,1
3724,19,Student,Website,High,2,531,3.782,Email Activity,No,No,No,No,No,1
3725,56,Professional,Website,Medium,4,588,2.129,Email Activity,No,Yes,No,No,No,1
3726,63,Unemployed,Mobile App,Medium,4,101,2.952,Email Activity,No,No,Yes,No,No,0
3727,42,Unemployed,Mobile App,High,4,649,5.419,Email Activity,No,No,No,No,No,0
3728,55,Unemployed,Mobile App,High,2,1350,1.824,Email Activity,No,No,No,No,No,1
3729,24,Student,Mobile App,Medium,9,2173,2.01,Email Activity,No,No,Yes,No,No,0
3730,58,Professional,Website,High,2,354,3.486,Website Activity,No,No,No,No,Yes,1
3731,24,Student,Mobile App,High,1,1890,3.294,Email Activity,No,No,No,No,No,0
3732,22,Student,Website,High,2,2136,2.016,Website Activity,No,No,No,No,No,1
3733,22,Student,Mobile App,High,2,256,8.113,Email Activity,No,No,No,No,No,0
3734,60,Unemployed,Website,High,4,333,3.564,Email Activity,Yes,No,No,No,No,0
3735,56,Professional,Website,Medium,4,2129,2.847,Phone Activity,No,No,No,No,No,0
3736,31,Professional,Website,High,4,900,0.075,Website Activity,No,No,No,Yes,No,1
3737,57,Professional,Website,High,1,36,3.617,Email Activity,No,No,No,No,No,1
3738,55,Professional,Website,High,2,331,3.267,Phone Activity,No,No,No,No,No,1
3739,62,Unemployed,Website,Medium,3,2353,3.187,Phone Activity,No,No,No,No,No,0
3740,44,Unemployed,Website,Medium,2,666,2.705,Phone Activity,No,No,No,No,No,1
3741,57,Professional,Website,Medium,4,32,2.207,Website Activity,Yes,No,No,No,Yes,0
3742,29,Professional,Website,High,1,284,5.269,Email Activity,No,No,No,No,No,1
3743,32,Unemployed,Mobile App,High,1,284,2.094,Website Activity,No,No,Yes,No,No,0
3744,37,Professional,Mobile App,Medium,3,943,5.219,Email Activity,No,No,No,No,No,0
3745,44,Unemployed,Mobile App,Medium,1,296,1.985,Email Activity,Yes,No,No,No,Yes,0
3746,43,Unemployed,Website,High,2,1932,2.127,Email Activity,No,No,No,No,No,1
3747,44,Professional,Mobile App,Medium,2,394,5.565,Phone Activity,No,No,No,No,No,0
3748,42,Professional,Website,High,0,0,0,Email Activity,No,No,No,No,No,1
3749,58,Unemployed,Website,Low,0,0,0,Phone Activity,No,No,No,No,No,0
3750,62,Unemployed,Mobile App,High,7,64,0.059,Email Activity,No,No,No,No,No,0
3751,53,Professional,Website,High,3,388,2.946,Phone Activity,No,No,No,No,No,1
3752,59,Professional,Website,High,5,304,3.009,Website Activity,No,No,No,No,No,1
3753,63,Unemployed,Mobile App,High,5,718,3.399,Phone Activity,No,No,No,No,No,0
3754,51,Professional,Website,High,2,1366,3.674,Website Activity,No,No,No,No,No,1
3755,30,Professional,Website,High,6,276,2.039,Phone Activity,No,No,No,No,No,1
3756,40,Professional,Website,High,3,1386,3.415,Phone Activity,No,No,No,Yes,No,1
3757,57,Professional,Website,Medium,4,1801,3.644,Email Activity,No,No,No,No,No,1
3758,61,Unemployed,Website,High,4,1730,1.94,Phone Activity,Yes,No,No,No,Yes,1
3759,36,Unemployed,Website,Medium,2,156,2.283,Email Activity,No,No,No,Yes,No,0
3760,50,Professional,Mobile App,Medium,3,97,2.857,Phone Activity,No,No,No,No,No,0
3761,56,Professional,Mobile App,Medium,4,318,3.664,Email Activity,No,No,No,No,No,0
3762,44,Professional,Website,Medium,1,401,2.1,Website Activity,Yes,No,No,No,No,1
3763,58,Professional,Mobile App,High,3,1798,4.416,Email Activity,No,No,No,No,No,0
3764,50,Professional,Website,High,2,76,3.045,Website Activity,No,No,No,No,No,1
3765,50,Professional,Website,Medium,2,1588,1.761,Email Activity,No,No,No,No,No,1
3766,61,Unemployed,Mobile App,Medium,5,421,3.78,Phone Activity,No,No,Yes,No,No,0
3767,56,Professional,Website,Medium,3,708,2.697,Phone Activity,No,No,Yes,No,No,0
3768,56,Professional,Mobile App,High,5,93,5.845,Website Activity,No,No,No,No,No,0
3769,51,Professional,Website,High,9,66,2.118,Phone Activity,No,Yes,No,No,No,0
3770,30,Professional,Website,High,2,292,7.379,Website Activity,No,No,No,No,No,0
3771,55,Unemployed,Mobile App,High,3,2364,2.027,Email Activity,Yes,No,No,Yes,No,0
3772,24,Student,Website,High,7,340,2.136,Website Activity,No,No,No,No,No,0
3773,43,Professional,Mobile App,High,4,2170,3.572,Phone Activity,No,No,No,No,No,0
3774,57,Unemployed,Mobile App,Medium,4,105,3.193,Email Activity,No,No,Yes,No,No,0
3775,55,Unemployed,Website,Medium,3,191,2.137,Phone Activity,No,No,Yes,No,No,0
3776,35,Professional,Website,High,2,1149,1.828,Phone Activity,No,No,No,No,No,1
3777,56,Professional,Website,High,7,1621,2.095,Website Activity,Yes,No,No,No,No,1
3778,32,Unemployed,Website,High,6,1,2.276,Website Activity,No,No,No,No,No,1
3779,48,Unemployed,Website,Medium,7,350,2.127,Email Activity,No,No,No,Yes,No,0
3780,59,Professional,Website,Medium,5,589,5.663,Website Activity,No,No,No,No,No,1
3781,57,Professional,Mobile App,Medium,1,1,3.835,Email Activity,No,No,No,Yes,No,0
3782,38,Unemployed,Website,Medium,2,861,2.214,Email Activity,No,No,No,Yes,No,0
3783,48,Professional,Mobile App,Medium,9,36,2.657,Email Activity,No,No,No,No,No,0
3784,59,Professional,Website,High,4,39,3.198,Phone Activity,No,No,No,No,No,1
3785,43,Professional,Website,High,2,1856,2.167,Email Activity,No,No,No,No,No,1
3786,55,Unemployed,Mobile App,High,1,658,2.059,Phone Activity,No,No,No,No,No,1
3787,50,Professional,Mobile App,Medium,2,430,6.19,Email Activity,No,No,No,No,No,0
3788,40,Professional,Mobile App,High,7,481,2.122,Email Activity,No,No,Yes,No,No,1
3789,58,Professional,Website,High,2,49,1.991,Phone Activity,No,No,No,No,No,0
3790,39,Professional,Website,Medium,2,329,3.642,Website Activity,No,No,No,No,No,0
3791,59,Professional,Website,Medium,3,1514,0.164,Website Activity,No,No,No,No,No,1
3792,53,Unemployed,Website,Medium,0,0,0,Email Activity,No,No,No,No,No,0
3793,59,Professional,Mobile App,High,1,1577,3.217,Phone Activity,No,No,Yes,No,No,1
3794,53,Unemployed,Website,High,1,301,3.26,Phone Activity,No,No,No,No,No,1
3795,32,Unemployed,Website,Medium,4,303,2.228,Email Activity,No,No,No,No,No,0
3796,36,Professional,Website,Medium,6,1944,2.233,Email Activity,No,No,No,No,No,1
3797,26,Professional,Website,High,2,238,3.924,Website Activity,No,No,No,No,No,0
3798,62,Unemployed,Mobile App,High,0,0,0,Email Activity,No,No,No,No,No,0
3799,52,Unemployed,Website,Medium,8,510,2.122,Website Activity,No,No,No,No,No,1
3800,57,Professional,Website,High,2,499,3.505,Email Activity,No,No,No,No,No,1
3801,42,Professional,Website,Medium,0,0,0,Email Activity,No,No,No,No,No,0
3802,53,Unemployed,Website,High,1,1964,5.232,Email Activity,No,No,No,No,No,1
3803,52,Professional,Mobile App,Medium,2,1828,3.214,Email Activity,No,Yes,No,No,No,0
3804,37,Professional,Mobile App,High,1,301,2.23,Website Activity,No,No,Yes,No,No,0
3805,38,Professional,Mobile App,High,1,381,5.189,Website Activity,No,No,No,No,No,0
3806,34,Unemployed,Website,Medium,7,1612,3.858,Website Activity,No,No,No,No,No,1
3807,57,Professional,Website,High,4,298,2.08,Website Activity,No,No,No,No,No,1
3808,35,Professional,Mobile App,High,0,0,0,Email Activity,No,No,No,No,No,0
3809,43,Professional,Website,High,7,1117,0.253,Phone Activity,No,No,No,No,No,1
3810,47,Unemployed,Website,High,20,243,2.011,Email Activity,No,No,No,No,No,0
3811,36,Unemployed,Website,Medium,2,175,3.691,Phone Activity,No,No,No,Yes,No,0
3812,51,Unemployed,Website,High,3,327,1.293,Phone Activity,No,No,Yes,No,No,0
3813,61,Unemployed,Website,Medium,1,136,1.6,Email Activity,No,No,No,No,No,0
3814,46,Professional,Mobile App,High,5,1462,3.957,Website Activity,No,No,No,Yes,No,1
3815,41,Unemployed,Website,High,2,2109,2.238,Email Activity,No,No,No,No,No,1
3816,38,Professional,Website,Medium,2,356,4.145,Website Activity,No,No,No,No,No,0
3817,41,Professional,Website,High,5,202,0.328,Website Activity,No,No,No,No,No,0
3818,58,Professional,Mobile App,High,3,496,5.229,Phone Activity,No,No,Yes,No,No,0
3819,40,Unemployed,Mobile App,Medium,3,394,5.469,Email Activity,No,No,No,No,No,0
3820,21,Student,Mobile App,High,6,623,3.6,Email Activity,No,No,No,No,Yes,0
3821,58,Professional,Website,Medium,11,612,7.616,Email Activity,Yes,No,No,No,No,1
3822,54,Professional,Website,Medium,1,2033,3.966,Email Activity,No,No,No,No,No,1
3823,55,Unemployed,Mobile App,Medium,6,332,5.727,Phone Activity,No,Yes,No,No,No,0
3824,18,Student,Mobile App,Medium,5,202,2.194,Website Activity,No,No,No,No,No,0
3825,24,Student,Mobile App,Medium,2,2275,3.141,Email Activity,No,No,No,No,No,0
3826,47,Professional,Website,Medium,6,229,3.718,Website Activity,No,No,No,No,No,0
3827,56,Professional,Website,High,3,84,3.86,Website Activity,Yes,No,No,Yes,No,1
3828,45,Unemployed,Website,Medium,5,601,3.514,Phone Activity,No,No,No,No,No,0
3829,59,Unemployed,Website,High,1,713,0.099,Phone Activity,Yes,No,No,No,No,1
3830,60,Professional,Mobile App,Medium,2,1264,1.703,Email Activity,No,No,No,No,No,0
3831,24,Student,Website,High,3,274,2.21,Phone Activity,No,No,No,No,No,0
3832,59,Professional,Mobile App,High,1,57,5.476,Website Activity,No,No,No,No,No,0
3833,23,Student,Mobile App,High,2,248,3.342,Email Activity,No,No,No,No,No,1
3834,22,Student,Website,High,1,1466,2.077,Website Activity,Yes,No,No,No,No,0
3835,18,Student,Website,High,2,175,5.513,Email Activity,Yes,No,No,No,No,0
3836,59,Unemployed,Website,Medium,4,184,2.073,Website Activity,No,No,No,Yes,No,0
3837,52,Professional,Mobile App,Medium,7,2198,3.4,Phone Activity,No,Yes,No,Yes,No,0
3838,58,Professional,Mobile App,High,4,305,2.973,Phone Activity,No,No,No,No,No,0
3839,33,Professional,Website,Medium,1,261,2.147,Website Activity,Yes,No,No,No,No,0
3840,58,Unemployed,Website,Medium,1,2298,3.687,Email Activity,No,No,No,No,No,0
3841,24,Student,Mobile App,Medium,3,218,1.748,Email Activity,No,No,No,No,No,1
3842,34,Unemployed,Mobile App,Medium,3,2281,7.962,Email Activity,No,No,No,No,No,0
3843,55,Unemployed,Website,Medium,4,69,1.072,Email Activity,No,No,No,No,No,0
3844,24,Student,Website,Medium,3,680,7.332,Phone Activity,No,No,No,No,No,0
3845,59,Unemployed,Website,High,2,530,0.623,Phone Activity,No,No,No,No,No,1
3846,41,Unemployed,Mobile App,High,2,297,3.125,Phone Activity,No,No,No,No,No,0
3847,58,Professional,Website,Medium,1,323,1.686,Email Activity,No,No,No,No,No,0
3848,47,Professional,Website,Medium,2,1258,2.642,Phone Activity,No,No,No,Yes,No,1
3849,21,Student,Website,High,4,718,2.123,Phone Activity,No,No,No,No,No,0
3850,29,Professional,Website,High,2,541,0.141,Phone Activity,No,No,No,No,No,1
3851,50,Unemployed,Website,Medium,2,412,3.42,Phone Activity,No,No,No,No,No,0
3852,59,Unemployed,Mobile App,Medium,2,708,8.413,Phone Activity,No,No,No,Yes,No,0
3853,32,Unemployed,Mobile App,Medium,2,623,4.465,Phone Activity,No,No,Yes,No,No,0
3854,20,Student,Mobile App,Medium,1,2214,5.478,Email Activity,No,No,No,No,No,0
3855,57,Professional,Mobile App,High,2,294,2.029,Website Activity,No,No,No,Yes,No,0
3856,33,Professional,Mobile App,Medium,2,1922,8.087,Phone Activity,No,No,No,No,No,0
3857,58,Unemployed,Mobile App,Medium,8,249,5.787,Email Activity,Yes,No,No,No,No,0
3858,59,Professional,Website,High,6,300,3.48,Email Activity,No,No,No,No,No,1
3859,42,Professional,Mobile App,High,2,42,1.1,Email Activity,No,No,Yes,No,No,0
3860,37,Professional,Website,High,2,2082,2.17,Phone Activity,No,No,No,No,No,1
3861,58,Professional,Mobile App,Medium,5,2220,2.125,Email Activity,No,No,No,No,No,0
3862,56,Professional,Mobile App,Medium,2,177,2.014,Email Activity,No,Yes,No,No,No,0
3863,58,Professional,Website,High,24,370,2.159,Phone Activity,No,No,No,No,No,0
3864,52,Professional,Mobile App,High,0,0,0,Email Activity,No,No,No,No,No,0
3865,60,Professional,Website,Medium,3,262,2.786,Website Activity,No,No,Yes,No,No,0
3866,21,Student,Website,High,4,73,8.196,Website Activity,Yes,No,No,No,No,0
3867,57,Professional,Mobile App,High,1,1186,0.021,Email Activity,No,No,No,No,No,0
3868,49,Unemployed,Website,Medium,3,379,2.856,Email Activity,No,No,No,No,No,0
3869,42,Unemployed,Website,Medium,2,259,2.101,Website Activity,No,No,No,No,No,0
3870,58,Unemployed,Mobile App,High,4,1604,2.079,Email Activity,No,No,No,No,No,0
3871,36,Professional,Website,Medium,2,1670,3.704,Email Activity,No,No,No,No,No,1
3872,34,Unemployed,Mobile App,Medium,2,1844,3.026,Email Activity,No,No,No,No,No,0
3873,44,Unemployed,Website,Medium,2,332,1.654,Email Activity,No,No,No,No,No,0
3874,42,Unemployed,Mobile App,High,3,626,4.102,Email Activity,No,No,No,No,No,0
3875,57,Unemployed,Website,High,4,293,2.203,Website Activity,No,No,No,No,No,1
3876,42,Unemployed,Website,High,8,86,1.903,Website Activity,No,No,No,No,No,0
3877,27,Professional,Website,Low,2,167,3.594,Website Activity,No,No,No,No,No,0
3878,18,Student,Website,Medium,3,1,3.698,Email Activity,No,No,No,No,No,0
3879,55,Professional,Website,High,1,2033,0.312,Phone Activity,No,No,No,No,No,1
3880,57,Unemployed,Website,High,3,622,3.398,Website Activity,Yes,No,Yes,No,No,1
3881,44,Professional,Mobile App,Medium,2,208,4.23,Email Activity,No,No,No,No,No,0
3882,53,Unemployed,Website,High,1,77,2.249,Phone Activity,No,Yes,No,No,No,1
3883,20,Student,Website,High,1,902,2.209,Phone Activity,No,No,No,No,No,0
3884,50,Unemployed,Website,High,2,319,1.461,Phone Activity,No,No,No,No,No,1
3885,42,Professional,Website,Medium,2,393,3.627,Email Activity,No,Yes,No,No,No,0
3886,54,Professional,Website,Medium,2,378,2.912,Website Activity,No,No,No,No,No,0
3887,42,Unemployed,Website,High,1,630,2.172,Email Activity,No,No,No,No,No,0
3888,57,Professional,Website,Medium,4,69,3.634,Email Activity,No,No,No,No,No,0
3889,22,Student,Website,Medium,3,51,5.162,Website Activity,No,No,No,No,No,0
3890,59,Professional,Mobile App,Medium,1,265,2.638,Email Activity,No,No,No,No,No,0
3891,44,Professional,Website,High,3,2369,3.201,Phone Activity,No,No,No,No,No,1
3892,53,Professional,Mobile App,High,7,362,3.869,Email Activity,No,No,No,Yes,No,0
3893,43,Unemployed,Mobile App,Medium,3,651,4.498,Email Activity,No,No,No,No,No,0
3894,58,Professional,Website,High,2,51,2.179,Phone Activity,No,No,No,No,No,1
3895,51,Professional,Mobile App,Low,3,298,2.067,Email Activity,No,No,No,Yes,No,0
3896,51,Professional,Mobile App,High,7,283,2.168,Email Activity,No,No,No,No,No,0
3897,35,Unemployed,Website,Medium,3,2150,2.225,Website Activity,No,No,No,No,No,1
3898,35,Professional,Mobile App,Medium,1,1037,2.128,Email Activity,No,No,Yes,No,No,0
3899,54,Unemployed,Website,High,2,161,2.222,Website Activity,Yes,No,No,No,No,0
3900,62,Unemployed,Mobile App,High,4,1899,5.18,Phone Activity,No,No,No,No,No,0
3901,55,Professional,Website,Medium,5,17,2.802,Email Activity,No,No,No,No,No,0
3902,57,Professional,Mobile App,High,2,141,4.964,Email Activity,No,No,No,No,No,0
3903,61,Unemployed,Mobile App,High,1,458,3.796,Phone Activity,No,No,No,No,No,0
3904,54,Professional,Mobile App,High,7,2158,1.644,Email Activity,No,No,No,No,No,0
3905,55,Professional,Mobile App,High,1,2142,0.033,Email Activity,No,No,Yes,No,No,0
3906,54,Professional,Mobile App,Medium,4,318,2.094,Email Activity,No,No,Yes,Yes,No,0
3907,19,Student,Mobile App,Low,8,163,2.081,Website Activity,No,No,No,No,No,0
3908,54,Professional,Mobile App,High,2,559,2.907,Website Activity,No,No,No,No,No,0
3909,42,Unemployed,Mobile App,Medium,2,301,2.24,Email Activity,No,No,No,No,No,0
3910,22,Student,Mobile App,High,3,103,4.911,Email Activity,No,No,Yes,No,No,0
3911,60,Unemployed,Mobile App,High,12,2243,3.334,Website Activity,No,No,Yes,No,No,0
3912,46,Unemployed,Website,High,6,306,2.094,Website Activity,No,No,Yes,No,No,1
3913,18,Student,Website,High,2,1303,2.154,Phone Activity,No,No,No,No,No,0
3914,49,Professional,Mobile App,High,1,698,3.873,Phone Activity,No,No,No,No,No,0
3915,44,Unemployed,Mobile App,Medium,9,1361,4.376,Phone Activity,No,No,Yes,Yes,No,0
3916,42,Professional,Website,High,7,461,0.341,Website Activity,No,No,No,No,No,1
3917,54,Professional,Website,High,3,207,2.215,Website Activity,No,No,No,No,Yes,1
3918,21,Student,Website,Medium,3,31,3.76,Email Activity,No,No,No,No,No,0
3919,60,Unemployed,Website,High,4,67,4.796,Email Activity,No,No,No,No,No,0
3920,47,Professional,Website,High,1,1515,2.048,Email Activity,No,No,No,No,No,1
3921,33,Unemployed,Website,High,5,420,2.252,Email Activity,Yes,Yes,No,Yes,No,1
3922,60,Professional,Website,High,2,1637,1.543,Phone Activity,Yes,No,No,No,No,1
3923,24,Student,Website,Medium,2,2078,2.146,Website Activity,No,No,No,No,No,1
3924,24,Student,Website,High,0,0,0,Email Activity,No,No,No,No,No,0
3925,29,Professional,Mobile App,Medium,3,2188,3.335,Phone Activity,No,No,Yes,No,No,1
3926,48,Professional,Website,Medium,0,0,0,Phone Activity,No,No,No,No,No,0
3927,57,Professional,Website,Medium,3,307,2.242,Website Activity,No,No,No,No,No,0
3928,43,Professional,Website,High,6,373,4.198,Website Activity,No,No,No,No,No,0
3929,42,Professional,Website,High,14,125,3.399,Email Activity,No,No,No,Yes,No,1
3930,44,Professional,Website,Medium,1,138,0.292,Phone Activity,No,No,No,Yes,No,0
3931,52,Professional,Mobile App,Medium,3,317,2.13,Email Activity,Yes,No,No,Yes,No,0
3932,55,Professional,Website,High,2,1624,3.851,Email Activity,No,No,No,Yes,No,1
3933,32,Unemployed,Mobile App,Medium,6,1932,1.969,Email Activity,No,No,No,No,No,0
3934,59,Professional,Mobile App,Medium,4,342,3.278,Phone Activity,Yes,No,No,No,No,0
3935,54,Professional,Website,High,4,996,2.222,Email Activity,No,No,Yes,No,No,1
3936,48,Professional,Website,High,2,82,1.979,Email Activity,No,No,No,No,No,1
3937,58,Unemployed,Website,Medium,5,908,2.042,Email Activity,No,No,No,No,Yes,1
3938,56,Professional,Mobile App,Medium,1,193,2.12,Email Activity,No,No,No,No,No,0
3939,59,Unemployed,Mobile App,High,8,57,4.25,Email Activity,No,No,No,No,No,0
3940,26,Professional,Website,High,2,2154,2.009,Email Activity,No,No,No,No,No,1
3941,46,Professional,Mobile App,High,1,256,3.274,Website Activity,No,No,No,Yes,No,0
3942,43,Unemployed,Website,Medium,4,592,0.119,Email Activity,No,No,No,No,No,0
3943,58,Professional,Mobile App,Medium,4,296,3.612,Phone Activity,No,Yes,Yes,Yes,No,0
3944,57,Unemployed,Website,Medium,2,2259,3.714,Website Activity,No,No,No,No,No,0
3945,35,Unemployed,Website,High,2,627,4.327,Phone Activity,No,No,No,No,No,0
3946,56,Professional,Website,High,3,604,2.013,Phone Activity,No,No,No,No,No,0
3947,59,Unemployed,Website,High,4,1877,3.671,Phone Activity,Yes,No,No,No,No,1
3948,58,Professional,Mobile App,High,4,944,5.55,Email Activity,No,No,No,No,No,1
3949,19,Student,Website,High,1,1661,3.555,Phone Activity,No,No,No,No,No,0
3950,43,Professional,Mobile App,High,2,102,2.048,Website Activity,No,No,No,No,No,0
3951,40,Unemployed,Website,High,1,149,1.975,Website Activity,No,Yes,No,No,No,1
3952,21,Student,Website,Medium,2,288,2.308,Phone Activity,No,No,No,No,No,0
3953,58,Professional,Mobile App,Medium,2,97,4.757,Email Activity,No,No,No,No,No,0
3954,40,Professional,Website,Medium,1,358,3.639,Email Activity,No,No,No,No,No,0
3955,24,Student,Website,High,6,157,0.19,Phone Activity,No,Yes,No,No,No,0
3956,60,Unemployed,Website,Medium,4,81,1.945,Phone Activity,No,No,No,No,No,0
3957,46,Unemployed,Mobile App,High,2,64,0.316,Email Activity,No,No,No,No,No,0
3958,53,Unemployed,Website,Medium,2,999,0.209,Email Activity,No,No,Yes,No,No,0
3959,18,Student,Mobile App,High,7,209,2.11,Website Activity,No,No,No,No,No,0
3960,57,Professional,Mobile App,Medium,3,1437,2.818,Phone Activity,No,No,No,No,No,0
3961,22,Student,Website,High,8,298,4.054,Email Activity,No,No,No,No,Yes,0
3962,56,Professional,Mobile App,High,2,1994,2.252,Email Activity,Yes,No,No,No,No,0
3963,30,Professional,Website,High,4,64,4.303,Email Activity,No,No,No,Yes,No,1
3964,29,Professional,Mobile App,High,5,341,3.789,Email Activity,No,No,No,No,No,0
3965,43,Unemployed,Mobile App,Medium,3,78,5.095,Phone Activity,No,Yes,No,No,No,0
3966,60,Professional,Website,High,3,921,4.047,Email Activity,No,Yes,No,No,No,1
3967,22,Student,Mobile App,High,1,116,2.223,Phone Activity,No,Yes,No,Yes,No,0
3968,30,Professional,Website,High,1,571,1.883,Phone Activity,No,No,No,No,No,1
3969,30,Professional,Mobile App,High,2,641,3.778,Phone Activity,No,No,No,Yes,No,1
3970,58,Unemployed,Mobile App,High,8,334,0.116,Email Activity,No,No,No,No,No,0
3971,50,Unemployed,Website,High,1,588,2.017,Email Activity,No,No,No,No,No,1
3972,60,Professional,Website,High,1,377,1.681,Email Activity,No,No,Yes,No,No,0
3973,30,Professional,Mobile App,Medium,8,192,5.714,Phone Activity,No,No,No,No,No,0
3974,59,Professional,Website,High,3,84,3.452,Phone Activity,Yes,No,No,No,No,1
3975,24,Student,Website,High,2,1474,3.542,Email Activity,No,No,No,No,No,0
3976,33,Unemployed,Mobile App,Medium,4,245,5.609,Phone Activity,No,No,No,No,No,0
3977,31,Professional,Website,Medium,7,2219,9.33,Website Activity,No,No,No,No,No,0
3978,19,Student,Website,High,3,87,5.696,Email Activity,No,No,No,No,No,0
3979,43,Professional,Website,Medium,12,72,2.025,Email Activity,No,No,No,No,No,0
3980,60,Professional,Mobile App,Medium,0,0,0,Email Activity,No,No,No,No,No,0
3981,57,Unemployed,Website,High,1,1186,1.224,Website Activity,No,No,No,No,No,0
3982,56,Professional,Website,Medium,2,148,2.256,Email Activity,No,No,No,No,No,0
3983,56,Professional,Website,Medium,1,1981,5.606,Email Activity,No,No,No,Yes,No,1
3984,35,Unemployed,Mobile App,High,3,1943,2.205,Email Activity,No,No,No,No,No,0
3985,39,Unemployed,Mobile App,Medium,3,349,3.509,Email Activity,Yes,No,No,No,No,0
3986,60,Unemployed,Website,High,5,2472,0.212,Website Activity,No,No,No,No,No,1
3987,58,Professional,Mobile App,High,4,494,8.426,Email Activity,No,No,Yes,No,No,0
3988,32,Unemployed,Mobile App,High,5,1679,8.612,Phone Activity,No,No,No,No,No,1
3989,24,Student,Mobile App,Low,2,45,3.666,Email Activity,Yes,No,Yes,No,Yes,0
3990,22,Student,Mobile App,Medium,5,1658,1.214,Phone Activity,No,No,No,No,No,0
3991,56,Unemployed,Mobile App,High,0,0,0,Phone Activity,Yes,No,Yes,No,No,0
3992,18,Student,Website,High,1,2060,3.299,Website Activity,No,No,No,No,No,1
3993,56,Unemployed,Website,Medium,2,314,3.791,Phone Activity,No,No,No,No,No,0
3994,63,Unemployed,Website,Medium,1,192,2.716,Phone Activity,No,No,No,No,No,0
3995,21,Student,Mobile App,Medium,3,75,2.195,Phone Activity,No,No,No,No,No,0
3996,52,Professional,Website,High,4,896,3.76,Phone Activity,No,No,No,No,No,0
3997,35,Professional,Website,High,6,1049,3.463,Email Activity,No,No,No,No,Yes,1
3998,51,Professional,Website,Medium,2,316,0.155,Email Activity,No,No,No,No,No,0
3999,52,Unemployed,Website,Medium,2,252,5.247,Website Activity,No,No,No,No,No,0
4000,54,Professional,Mobile App,High,3,1,2.179,Email Activity,No,No,No,No,No,0
4001,35,Professional,Mobile App,High,3,219,3.643,Email Activity,No,No,No,No,No,0
4002,60,Professional,Website,High,0,0,0,Email Activity,No,No,No,No,No,1
4003,24,Student,Website,Medium,1,420,2.223,Email Activity,No,No,No,No,No,0
4004,60,Professional,Website,Medium,2,296,4.768,Email Activity,No,No,No,No,No,0
4005,42,Professional,Mobile App,High,8,541,2.44,Email Activity,No,No,No,No,No,0
4006,48,Unemployed,Mobile App,High,2,1787,2.2,Website Activity,No,No,No,No,No,1
4007,58,Professional,Mobile App,Medium,5,73,3.323,Website Activity,No,No,No,No,No,0
4008,32,Unemployed,Mobile App,Medium,2,1937,2.218,Phone Activity,No,No,No,No,No,0
4009,53,Professional,Website,High,4,263,2.07,Email Activity,No,No,No,No,No,0
4010,57,Unemployed,Website,High,2,92,2.061,Email Activity,No,No,Yes,No,No,0
4011,56,Unemployed,Mobile App,High,7,598,1.844,Email Activity,No,No,No,No,No,0
4012,57,Unemployed,Website,Medium,2,2092,4.254,Email Activity,No,No,No,No,No,1
4013,35,Professional,Mobile App,Medium,9,2238,5.575,Website Activity,No,No,No,No,No,1
4014,59,Professional,Mobile App,Medium,3,390,3.585,Website Activity,No,No,No,No,No,0
4015,55,Unemployed,Website,High,1,1544,3.061,Website Activity,No,No,No,No,Yes,1
4016,45,Unemployed,Website,High,3,564,3.913,Email Activity,No,No,Yes,No,No,1
4017,37,Unemployed,Website,High,1,2117,3.017,Email Activity,No,No,No,No,No,1
4018,42,Professional,Mobile App,High,5,181,2.037,Email Activity,No,Yes,No,No,No,0
4019,55,Professional,Mobile App,High,2,949,1.266,Website Activity,No,No,No,Yes,No,0
4020,60,Professional,Mobile App,High,2,9,5.587,Email Activity,Yes,No,No,No,No,0
4021,35,Unemployed,Website,High,3,475,4.131,Email Activity,Yes,No,No,Yes,No,1
4022,54,Professional,Mobile App,High,2,358,1.423,Website Activity,Yes,No,No,No,No,0
4023,59,Unemployed,Website,High,1,664,3.421,Phone Activity,No,No,Yes,No,No,0
4024,32,Unemployed,Website,High,2,1838,3.034,Email Activity,No,No,No,No,No,1
4025,55,Professional,Website,High,6,2215,4.315,Website Activity,No,No,No,No,No,1
4026,57,Professional,Website,Medium,4,521,3.125,Website Activity,Yes,No,No,Yes,No,1
4027,29,Professional,Website,Medium,5,292,2.189,Website Activity,No,No,No,No,No,0
4028,55,Unemployed,Website,High,4,485,3.745,Website Activity,No,No,No,No,No,1
4029,44,Unemployed,Website,Medium,6,1462,5.369,Website Activity,No,No,No,No,No,0
4030,60,Unemployed,Website,High,4,1724,2.13,Website Activity,No,No,No,No,No,1
4031,46,Unemployed,Website,Medium,4,383,2.167,Email Activity,No,No,No,No,No,0
4032,32,Unemployed,Mobile App,High,1,191,2.239,Email Activity,No,No,No,No,No,0
4033,57,Professional,Mobile App,High,7,1695,5.339,Phone Activity,No,No,No,No,No,0
4034,33,Professional,Mobile App,Medium,3,157,2.855,Phone Activity,No,No,No,No,No,0
4035,37,Unemployed,Mobile App,High,2,317,2.783,Email Activity,No,No,No,No,No,0
4036,32,Unemployed,Website,High,1,294,2.18,Phone Activity,No,No,No,No,No,0
4037,41,Professional,Website,Medium,2,309,6.525,Email Activity,No,No,No,No,No,0
4038,38,Professional,Mobile App,Medium,2,1225,2.081,Email Activity,No,No,No,No,No,0
4039,55,Unemployed,Website,High,4,378,2.076,Email Activity,No,No,No,No,No,1
4040,44,Professional,Mobile App,High,0,0,0,Email Activity,No,No,No,No,No,0
4041,60,Unemployed,Website,Medium,2,371,0.972,Website Activity,Yes,Yes,No,No,No,0
4042,60,Professional,Website,Medium,2,361,2.247,Email Activity,No,No,No,No,No,0
4043,55,Unemployed,Website,High,4,372,0.296,Email Activity,No,No,No,No,No,1
4044,59,Unemployed,Mobile App,Medium,6,1254,5.174,Phone Activity,No,No,Yes,No,No,0
4045,49,Unemployed,Website,Medium,2,369,7.597,Email Activity,No,No,No,No,No,0
4046,38,Professional,Mobile App,Medium,5,1428,3.752,Email Activity,Yes,No,No,Yes,No,0
4047,38,Unemployed,Website,High,0,0,0,Email Activity,No,No,Yes,No,No,1
4048,44,Professional,Website,High,10,1893,2.967,Phone Activity,No,No,No,No,No,1
4049,35,Unemployed,Mobile App,High,7,377,0.036,Email Activity,No,No,No,No,No,0
4050,53,Professional,Mobile App,High,5,26,2.073,Phone Activity,No,No,Yes,No,No,0
4051,43,Professional,Website,Low,5,633,2.217,Phone Activity,No,No,No,No,No,0
4052,51,Professional,Website,Medium,2,503,2.147,Email Activity,No,No,No,No,No,1
4053,57,Professional,Website,High,5,1953,2.181,Email Activity,No,No,No,No,No,1
4054,57,Professional,Website,High,2,308,4.999,Email Activity,No,No,No,No,Yes,1
4055,58,Professional,Mobile App,High,1,267,4.226,Email Activity,No,Yes,No,No,No,0
4056,48,Professional,Mobile App,High,2,72,3.342,Phone Activity,No,No,No,No,No,0
4057,57,Professional,Mobile App,Medium,1,244,3.116,Email Activity,No,No,No,No,No,0
4058,58,Professional,Mobile App,Medium,5,343,3.759,Email Activity,No,No,No,Yes,No,0
4059,56,Professional,Website,Medium,4,1804,2.078,Phone Activity,Yes,No,No,No,No,0
4060,60,Professional,Website,Medium,12,254,3.626,Website Activity,No,No,Yes,No,No,0
4061,58,Unemployed,Mobile App,High,1,345,3.165,Website Activity,No,No,No,No,No,0
4062,51,Unemployed,Website,Medium,7,2242,2.122,Email Activity,No,No,No,No,No,0
4063,52,Professional,Website,High,3,69,5.053,Website Activity,No,No,No,No,No,0
4064,56,Professional,Website,Medium,7,224,9.989,Website Activity,No,No,No,No,No,0
4065,59,Unemployed,Website,High,5,2273,5.656,Website Activity,No,No,No,No,No,1
4066,32,Unemployed,Website,Medium,2,1997,2.096,Email Activity,No,No,Yes,No,No,0
4067,33,Professional,Mobile App,Medium,3,539,4.412,Email Activity,No,No,Yes,No,No,0
4068,60,Unemployed,Website,Medium,7,1048,2.073,Phone Activity,No,No,No,No,No,0
4069,36,Unemployed,Website,High,2,1202,2.207,Email Activity,No,No,No,No,Yes,1
4070,55,Professional,Mobile App,High,7,1903,2.166,Email Activity,No,No,No,No,No,0
4071,49,Unemployed,Website,Medium,7,498,2.024,Website Activity,No,No,No,No,No,1
4072,19,Student,Website,High,1,1791,2.11,Email Activity,No,No,No,No,No,0
4073,49,Professional,Mobile App,Medium,1,2073,3.407,Email Activity,No,No,No,No,No,1
4074,19,Student,Website,Low,4,168,3.408,Email Activity,No,No,No,No,No,0
4075,59,Professional,Mobile App,High,3,603,5.177,Phone Activity,No,No,No,No,No,0
4076,32,Unemployed,Website,High,6,333,0.294,Website Activity,No,No,No,No,No,0
4077,20,Student,Website,High,2,1689,5.397,Phone Activity,Yes,No,No,Yes,No,0
4078,55,Professional,Mobile App,Medium,1,2136,5.782,Website Activity,No,No,No,No,No,0
4079,62,Unemployed,Website,High,5,623,5.187,Phone Activity,No,No,No,No,No,1
4080,48,Unemployed,Website,High,1,216,5.799,Phone Activity,No,No,No,Yes,No,0
4081,59,Unemployed,Website,High,2,334,2.253,Email Activity,No,No,No,Yes,No,1
4082,54,Unemployed,Website,High,8,102,1.991,Website Activity,Yes,No,No,No,No,0
4083,41,Professional,Website,High,2,387,1.99,Email Activity,No,No,Yes,No,No,1
4084,31,Professional,Website,Medium,1,2029,3.202,Phone Activity,No,No,Yes,No,No,0
4085,47,Professional,Website,High,2,279,3.363,Email Activity,No,No,No,No,No,1
4086,35,Professional,Mobile App,Low,6,238,2.165,Phone Activity,No,No,No,No,No,0
4087,43,Unemployed,Mobile App,High,2,1907,0.305,Email Activity,No,No,Yes,No,No,1
4088,57,Professional,Mobile App,Medium,9,4,2.199,Email Activity,No,No,No,No,No,0
4089,57,Professional,Website,High,2,1043,5.653,Website Activity,No,No,Yes,No,No,1
4090,45,Professional,Website,High,6,38,1.09,Phone Activity,Yes,No,No,No,No,1
4091,30,Professional,Website,Medium,2,44,2.25,Website Activity,No,No,No,No,No,0
4092,53,Unemployed,Website,High,3,42,2.258,Email Activity,Yes,No,No,No,No,0
4093,59,Professional,Mobile App,High,4,1717,3.778,Email Activity,No,No,Yes,No,No,0
4094,55,Unemployed,Website,Medium,1,402,2.131,Email Activity,No,No,No,No,No,0
4095,29,Professional,Mobile App,Medium,2,99,3.468,Website Activity,No,No,No,Yes,No,0
4096,21,Student,Mobile App,High,6,622,3.774,Email Activity,No,No,No,No,No,0
4097,46,Professional,Mobile App,High,1,298,5.689,Email Activity,No,No,Yes,No,No,0
4098,56,Professional,Website,Medium,2,2097,2.172,Email Activity,No,No,Yes,No,No,1
4099,37,Professional,Website,Medium,3,137,3.312,Website Activity,No,No,No,No,No,1
4100,55,Professional,Mobile App,Low,2,84,2.254,Email Activity,No,No,No,Yes,No,0
4101,40,Professional,Mobile App,High,3,482,3.775,Email Activity,No,No,No,No,No,0
4102,37,Professional,Website,Low,6,369,3.561,Website Activity,No,No,No,Yes,No,1
4103,54,Professional,Website,Low,2,321,2.085,Email Activity,No,Yes,Yes,No,No,0
4104,53,Unemployed,Website,High,2,1949,5.428,Email Activity,No,No,No,Yes,No,1
4105,38,Professional,Mobile App,High,2,1066,2.261,Phone Activity,No,No,No,No,No,0
4106,22,Student,Mobile App,Medium,8,35,2.225,Email Activity,No,No,Yes,No,No,0
4107,57,Professional,Website,High,2,401,5.391,Phone Activity,No,No,No,No,No,0
4108,31,Professional,Mobile App,High,2,185,7.35,Phone Activity,No,No,No,No,No,0
4109,51,Unemployed,Website,Medium,2,1,7.683,Email Activity,No,No,No,No,No,0
4110,63,Unemployed,Mobile App,Medium,4,1803,1.8,Email Activity,Yes,No,No,No,No,1
4111,23,Student,Mobile App,Medium,6,220,2.247,Phone Activity,No,No,No,No,No,0
4112,36,Professional,Mobile App,High,3,548,3.712,Phone Activity,No,No,No,No,No,0
4113,21,Student,Website,Medium,2,428,5.12,Phone Activity,No,No,No,No,No,0
4114,57,Professional,Website,High,2,33,2.116,Email Activity,No,No,Yes,No,No,1
4115,59,Professional,Website,High,10,92,0.17,Email Activity,No,No,No,No,No,1
4116,56,Unemployed,Mobile App,Medium,12,1354,2.193,Email Activity,No,No,No,No,No,0
4117,59,Professional,Website,Medium,0,0,0,Email Activity,No,No,No,No,No,0
4118,56,Professional,Mobile App,Medium,2,78,5.334,Phone Activity,No,No,No,No,No,0
4119,22,Student,Website,Medium,2,8,2.706,Email Activity,No,No,No,Yes,No,0
4120,18,Student,Website,High,5,1936,5.674,Email Activity,No,No,No,No,No,1
4121,29,Professional,Website,High,15,349,2.211,Email Activity,No,No,No,No,No,0
4122,62,Unemployed,Mobile App,Medium,2,375,3.346,Website Activity,No,No,No,Yes,No,0
4123,42,Unemployed,Mobile App,High,6,1096,1.444,Website Activity,No,No,No,No,No,1
4124,19,Student,Mobile App,High,2,2162,0.148,Email Activity,No,No,No,No,No,1
4125,40,Professional,Mobile App,Medium,2,137,2.022,Email Activity,No,No,No,Yes,No,0
4126,57,Professional,Mobile App,Medium,1,94,5.477,Phone Activity,No,No,No,Yes,Yes,0
4127,40,Professional,Mobile App,Medium,2,324,0.327,Email Activity,No,No,No,No,No,0
4128,42,Professional,Website,High,7,603,3.388,Phone Activity,No,No,No,No,No,1
4129,43,Professional,Mobile App,High,3,209,4.888,Email Activity,No,No,No,No,No,0
4130,30,Professional,Website,High,7,601,5.405,Phone Activity,Yes,No,No,No,No,1
4131,59,Professional,Mobile App,High,8,2343,0.143,Email Activity,No,No,No,No,No,0
4132,46,Unemployed,Mobile App,High,6,1067,8.08,Website Activity,No,No,No,No,No,0
4133,59,Professional,Mobile App,Medium,5,672,3.189,Email Activity,Yes,No,No,Yes,No,0
4134,31,Professional,Mobile App,Medium,4,74,5.601,Website Activity,No,Yes,No,No,No,0
4135,21,Student,Mobile App,Medium,2,1702,2.177,Email Activity,No,No,No,No,No,0
4136,58,Professional,Mobile App,Medium,1,432,3.01,Email Activity,No,No,No,No,No,0
4137,59,Unemployed,Website,Medium,2,205,7.422,Email Activity,Yes,No,No,No,No,0
4138,60,Unemployed,Mobile App,High,7,1544,0.276,Phone Activity,No,No,No,Yes,No,0
4139,59,Professional,Website,High,2,241,3.801,Website Activity,Yes,No,No,No,No,1
4140,57,Professional,Website,Low,1,687,3.113,Email Activity,No,No,No,No,No,0
4141,57,Professional,Website,Medium,7,327,3.575,Email Activity,No,No,No,No,No,0
4142,60,Professional,Website,High,1,195,2.634,Website Activity,No,No,No,No,No,1
4143,58,Professional,Website,Medium,1,257,2.228,Email Activity,No,No,No,Yes,No,0
4144,37,Professional,Website,High,5,1974,7.819,Phone Activity,No,No,No,No,No,0
4145,56,Professional,Mobile App,Medium,3,325,2.141,Website Activity,No,No,No,No,No,0
4146,50,Professional,Mobile App,Medium,5,94,7.684,Phone Activity,No,No,No,No,No,0
4147,60,Professional,Website,Medium,1,49,2.144,Phone Activity,No,No,Yes,No,No,0
4148,47,Unemployed,Website,Medium,7,348,3.708,Website Activity,No,No,No,No,No,0
4149,34,Professional,Website,High,3,386,1.976,Phone Activity,No,No,No,Yes,No,1
4150,52,Professional,Mobile App,Medium,2,217,3.507,Phone Activity,No,No,No,No,No,0
4151,56,Unemployed,Website,Medium,2,957,2.128,Email Activity,No,No,No,No,No,0
4152,57,Professional,Website,Medium,2,2251,5.309,Website Activity,No,No,No,No,No,1
4153,59,Professional,Mobile App,Medium,3,318,1.956,Email Activity,No,No,No,No,No,0
4154,57,Professional,Mobile App,Medium,1,164,2.26,Website Activity,No,No,No,No,No,0
4155,59,Professional,Mobile App,Medium,4,314,2.195,Email Activity,No,No,No,No,No,0
4156,32,Unemployed,Website,Medium,1,1752,1.989,Email Activity,No,No,No,No,No,0
4157,37,Professional,Mobile App,High,6,1363,3.608,Website Activity,No,No,No,Yes,No,1
4158,57,Professional,Mobile App,Medium,1,1901,5.55,Website Activity,No,No,No,No,No,1
4159,49,Professional,Website,High,3,1533,5.368,Website Activity,No,No,Yes,No,No,1
4160,19,Student,Website,High,5,302,8.839,Email Activity,No,No,No,No,No,0
4161,31,Professional,Website,Medium,1,193,2.23,Email Activity,No,No,No,Yes,No,0
4162,56,Professional,Mobile App,High,7,196,4.346,Website Activity,No,No,No,No,No,0
4163,44,Professional,Mobile App,Medium,3,1461,8.227,Email Activity,Yes,No,Yes,No,No,0
4164,58,Professional,Website,Medium,5,1,2.154,Phone Activity,No,No,No,No,No,0
4165,56,Professional,Website,Medium,1,1583,2.067,Email Activity,Yes,No,Yes,No,No,1
4166,29,Professional,Mobile App,Medium,1,86,3.142,Email Activity,No,No,No,No,No,0
4167,57,Professional,Mobile App,High,2,1182,2.165,Website Activity,Yes,No,Yes,No,No,1
4168,50,Professional,Website,Medium,5,80,3.192,Email Activity,Yes,No,No,No,No,0
4169,58,Professional,Mobile App,High,0,0,0,Email Activity,No,No,No,No,No,0
4170,59,Professional,Mobile App,Medium,1,445,2.256,Phone Activity,No,No,Yes,No,No,0
4171,32,Unemployed,Website,Medium,6,83,3.774,Email Activity,No,No,No,No,No,0
4172,38,Unemployed,Website,High,7,65,2.191,Website Activity,No,No,No,No,No,0
4173,21,Student,Website,Medium,7,1074,3.251,Email Activity,Yes,No,No,No,No,0
4174,57,Unemployed,Website,High,2,254,3.526,Phone Activity,No,No,Yes,No,No,0
4175,48,Professional,Website,Medium,3,1866,2.133,Website Activity,Yes,No,No,No,No,1
4176,49,Professional,Mobile App,Medium,7,1675,2.282,Phone Activity,No,No,No,No,No,0
4177,55,Professional,Website,Medium,2,271,5.403,Website Activity,No,No,No,No,No,0
4178,49,Unemployed,Website,High,1,165,1.971,Website Activity,No,No,No,No,No,0
4179,31,Professional,Website,High,3,2085,3.687,Email Activity,No,No,No,No,No,1
4180,60,Professional,Website,High,4,1050,0.204,Email Activity,No,No,No,No,No,1
4181,45,Unemployed,Website,Medium,8,2415,3.55,Email Activity,No,No,No,No,No,0
4182,23,Student,Website,Medium,10,1671,2.16,Email Activity,No,No,No,No,No,0
4183,34,Professional,Mobile App,Medium,1,306,1.608,Email Activity,No,No,No,No,No,0
4184,20,Student,Mobile App,Medium,4,151,4.058,Email Activity,No,No,No,No,No,1
4185,54,Professional,Website,Medium,2,1889,2.187,Email Activity,No,No,No,No,No,1
4186,50,Professional,Website,High,2,64,5.649,Email Activity,No,No,No,No,No,1
4187,58,Professional,Mobile App,Medium,5,1954,3.962,Website Activity,Yes,No,No,Yes,No,1
4188,57,Professional,Website,High,2,2182,3.75,Email Activity,No,No,No,No,No,1
4189,52,Professional,Mobile App,High,2,1636,3.65,Email Activity,No,No,No,No,No,1
4190,20,Student,Website,High,2,384,2.83,Website Activity,Yes,No,No,Yes,No,0
4191,57,Professional,Website,High,0,0,0,Phone Activity,Yes,Yes,No,No,No,1
4192,59,Professional,Mobile App,Medium,1,82,3.313,Website Activity,No,No,No,No,No,0
4193,54,Unemployed,Mobile App,High,5,2354,3.609,Email Activity,No,No,No,No,No,0
4194,32,Professional,Website,Medium,1,1418,2.048,Email Activity,No,No,No,No,No,1
4195,23,Student,Mobile App,High,8,1277,8.429,Website Activity,No,No,No,Yes,No,0
4196,59,Professional,Mobile App,High,2,1570,2.218,Phone Activity,No,No,No,Yes,No,0
4197,56,Unemployed,Mobile App,Medium,3,269,3.294,Website Activity,No,No,No,No,No,0
4198,35,Unemployed,Mobile App,Medium,1,426,7.429,Website Activity,No,No,No,No,No,1
4199,48,Professional,Website,High,9,98,2.148,Email Activity,No,No,No,No,No,0
4200,32,Professional,Website,Low,2,247,1.155,Email Activity,No,No,Yes,No,No,1
4201,21,Student,Website,High,5,2073,2.227,Email Activity,No,No,No,No,No,0
4202,58,Professional,Mobile App,High,7,1616,4.144,Email Activity,Yes,No,Yes,No,No,0
4203,59,Unemployed,Website,High,3,53,0.19,Email Activity,No,No,No,No,No,0
4204,34,Unemployed,Mobile App,Medium,1,1,0,Email Activity,No,No,No,No,No,0
4205,30,Professional,Mobile App,Medium,4,1991,0,Email Activity,Yes,No,No,No,No,0
4206,62,Unemployed,Website,Medium,8,900,2.11,Email Activity,No,No,No,No,No,0
4207,19,Student,Website,Medium,3,562,2.212,Website Activity,No,No,No,No,No,0
4208,33,Unemployed,Website,Medium,1,2166,1.848,Website Activity,No,No,No,No,No,0
4209,21,Student,Website,High,4,128,7.608,Phone Activity,No,No,Yes,No,No,0
4210,54,Professional,Mobile App,Medium,2,1054,2.071,Phone Activity,No,No,No,No,No,0
4211,34,Professional,Website,Low,1,406,2.969,Phone Activity,No,No,No,No,No,0
4212,43,Unemployed,Website,Medium,2,904,5.374,Phone Activity,No,No,No,No,No,0
4213,32,Unemployed,Mobile App,High,6,319,2.2,Email Activity,No,No,Yes,No,No,0
4214,19,Student,Mobile App,High,4,283,2.5,Phone Activity,Yes,No,Yes,No,No,0
4215,55,Professional,Website,High,11,1609,2.242,Website Activity,No,No,No,No,No,1
4216,56,Professional,Website,High,2,73,2.123,Website Activity,No,No,No,No,No,1
4217,53,Unemployed,Mobile App,High,5,556,0.251,Website Activity,No,No,No,Yes,No,1
4218,59,Professional,Mobile App,Medium,3,421,0.053,Website Activity,No,No,No,No,No,1
4219,57,Professional,Mobile App,Medium,2,1608,2.15,Email Activity,No,No,No,No,No,1
4220,51,Professional,Mobile App,Medium,1,184,1.883,Phone Activity,No,No,No,No,No,0
4221,50,Professional,Website,Medium,2,1900,2.183,Email Activity,No,No,Yes,No,No,1
4222,57,Professional,Website,Medium,1,54,3.472,Email Activity,No,No,Yes,No,No,0
4223,22,Student,Website,Medium,2,1648,2.147,Email Activity,No,Yes,No,No,No,0
4224,19,Student,Mobile App,Medium,8,72,1.88,Website Activity,No,No,No,No,No,0
4225,57,Professional,Website,High,3,401,2.134,Email Activity,No,No,No,No,No,1
4226,56,Professional,Mobile App,Medium,5,301,4.417,Email Activity,No,No,No,Yes,No,0
4227,19,Student,Website,High,2,349,4.376,Phone Activity,No,No,Yes,No,No,0
4228,39,Professional,Website,Medium,2,2340,3.491,Phone Activity,No,No,No,No,No,0
4229,57,Professional,Mobile App,Medium,2,1340,2.178,Website Activity,No,No,No,No,No,1
4230,57,Professional,Mobile App,Medium,1,230,3.64,Email Activity,No,No,No,No,No,0
4231,60,Unemployed,Website,High,2,553,2.059,Email Activity,No,No,No,Yes,No,1
4232,22,Student,Website,Medium,7,2412,0.61,Email Activity,No,No,No,No,No,1
4233,50,Professional,Website,Medium,3,1647,2.152,Phone Activity,No,No,Yes,No,No,1
4234,57,Professional,Website,Medium,4,1671,1.423,Phone Activity,No,No,No,No,No,0
4235,31,Professional,Mobile App,Medium,2,1523,2.74,Phone Activity,No,Yes,No,No,No,0
4236,38,Unemployed,Mobile App,High,8,372,4.215,Email Activity,No,Yes,No,No,No,0
4237,23,Student,Mobile App,Medium,4,642,3.188,Phone Activity,No,No,No,No,No,0
4238,57,Unemployed,Website,Medium,2,1306,3.602,Email Activity,No,Yes,No,No,No,1
4239,32,Unemployed,Mobile App,Medium,2,252,9.34,Website Activity,No,No,No,No,No,0
4240,55,Professional,Mobile App,High,2,1585,2.294,Email Activity,No,Yes,No,No,No,0
4241,63,Unemployed,Mobile App,High,6,1673,2.276,Website Activity,No,No,No,No,No,0
4242,55,Professional,Website,Medium,0,0,0,Email Activity,No,No,No,No,No,0
4243,56,Professional,Mobile App,Medium,3,190,1.959,Phone Activity,No,No,No,No,No,0
4244,21,Student,Mobile App,Medium,2,73,5.332,Phone Activity,Yes,No,No,No,No,0
4245,49,Unemployed,Website,Medium,3,420,0.211,Phone Activity,No,No,No,No,No,0
4246,38,Professional,Website,Medium,5,1,3.539,Email Activity,No,No,No,No,No,0
4247,62,Unemployed,Website,Medium,3,244,3.363,Phone Activity,Yes,No,No,No,No,0
4248,59,Professional,Mobile App,High,0,0,0,Phone Activity,No,No,No,Yes,No,0
4249,32,Unemployed,Mobile App,High,6,295,5.383,Email Activity,No,No,No,No,No,0
4250,21,Student,Website,High,1,80,3.188,Phone Activity,No,No,No,Yes,No,0
4251,57,Unemployed,Mobile App,High,4,929,2.185,Email Activity,No,No,No,No,No,0
4252,57,Unemployed,Mobile App,Medium,2,315,2.095,Phone Activity,No,No,No,No,No,0
4253,55,Professional,Website,Medium,1,2142,7.761,Website Activity,No,No,No,Yes,No,1
4254,23,Student,Website,High,9,557,2.085,Phone Activity,No,No,No,No,No,0
4255,59,Professional,Website,Medium,1,166,5.048,Website Activity,No,No,Yes,No,No,0
4256,19,Student,Website,Medium,2,397,4.849,Email Activity,No,No,No,Yes,No,0
4257,59,Unemployed,Mobile App,Medium,2,55,3.019,Email Activity,No,No,No,No,No,0
4258,24,Student,Website,Medium,4,294,2.243,Email Activity,No,No,No,No,No,0
4259,58,Professional,Mobile App,High,1,699,4.039,Website Activity,No,No,Yes,No,No,1
4260,32,Unemployed,Mobile App,Medium,1,511,3.117,Email Activity,No,No,No,No,No,0
4261,47,Professional,Website,High,3,225,1.986,Email Activity,No,No,Yes,Yes,No,1
4262,58,Unemployed,Website,Medium,1,75,5.128,Website Activity,No,No,No,No,No,0
4263,42,Professional,Mobile App,Medium,2,2156,2.685,Email Activity,No,No,No,No,No,0
4264,52,Professional,Website,High,3,2261,3.727,Website Activity,No,No,No,No,No,1
4265,42,Professional,Mobile App,High,2,2522,5.435,Website Activity,No,No,Yes,No,No,0
4266,42,Professional,Website,High,2,2488,0.064,Website Activity,No,Yes,No,No,No,1
4267,48,Professional,Mobile App,High,5,358,3.365,Phone Activity,No,No,No,No,No,0
4268,31,Professional,Mobile App,High,3,648,0.227,Email Activity,No,No,No,No,No,0
4269,52,Professional,Website,High,1,389,3.235,Website Activity,No,No,No,No,No,1
4270,19,Student,Mobile App,High,3,81,2.124,Email Activity,No,No,No,Yes,No,0
4271,40,Unemployed,Website,Low,1,203,1.912,Phone Activity,No,No,No,No,No,0
4272,19,Student,Website,Medium,12,1751,4.973,Email Activity,No,No,No,No,No,1
4273,21,Student,Mobile App,Medium,3,348,3.235,Phone Activity,No,Yes,No,No,No,0
4274,58,Professional,Website,Medium,1,2029,8.311,Email Activity,No,No,No,Yes,No,1
4275,45,Professional,Mobile App,Medium,7,416,3.952,Website Activity,No,No,No,Yes,No,0
4276,46,Professional,Mobile App,Medium,5,75,2.188,Phone Activity,No,No,No,No,No,0
4277,44,Professional,Website,High,2,2108,2.241,Phone Activity,No,No,No,No,No,0
4278,58,Professional,Website,Medium,3,357,3.174,Email Activity,No,No,No,No,No,0
4279,39,Unemployed,Website,Medium,2,475,3.303,Email Activity,No,No,No,Yes,No,0
4280,18,Student,Website,High,1,400,3.609,Phone Activity,No,Yes,No,No,No,0
4281,60,Professional,Website,High,5,282,1.827,Email Activity,No,No,No,No,No,1
4282,32,Professional,Website,High,8,397,3.283,Email Activity,No,No,No,No,No,0
4283,62,Unemployed,Website,High,5,1474,1.57,Website Activity,No,No,No,No,Yes,1
4284,57,Professional,Website,High,9,15,3.811,Phone Activity,No,No,No,No,No,0
4285,39,Professional,Mobile App,Medium,2,656,1.894,Email Activity,No,No,No,No,No,0
4286,47,Professional,Mobile App,Medium,6,98,2.179,Email Activity,No,No,No,No,No,0
4287,40,Unemployed,Mobile App,Medium,2,2053,2.248,Website Activity,No,No,No,Yes,No,1
4288,32,Unemployed,Website,Medium,4,405,2.201,Website Activity,No,No,No,Yes,No,0
4289,32,Unemployed,Website,High,1,199,3.519,Email Activity,No,No,No,No,No,0
4290,47,Unemployed,Website,Medium,2,1,3.053,Email Activity,No,No,No,No,No,0
4291,43,Professional,Mobile App,High,3,1479,2.265,Website Activity,No,No,No,No,No,0
4292,52,Professional,Website,Medium,3,497,2.771,Email Activity,No,No,No,No,No,1
4293,22,Student,Mobile App,High,1,48,3.039,Email Activity,No,No,No,No,No,0
4294,57,Professional,Website,Medium,2,1375,2.937,Website Activity,No,Yes,No,Yes,No,1
4295,61,Unemployed,Mobile App,Medium,2,1708,0.264,Phone Activity,No,No,No,No,No,1
4296,55,Unemployed,Website,Medium,6,387,2.11,Email Activity,No,No,No,No,No,0
4297,56,Professional,Website,High,2,366,3.69,Email Activity,No,No,No,No,No,0
4298,37,Professional,Website,High,5,20,2.117,Phone Activity,No,No,No,Yes,No,1
4299,32,Professional,Website,High,4,48,13.656,Email Activity,No,No,Yes,No,No,1
4300,55,Professional,Website,Medium,4,2245,3.839,Email Activity,No,No,No,No,No,1
4301,40,Professional,Website,High,3,629,1.717,Email Activity,No,No,No,No,No,1
4302,23,Student,Website,High,6,1056,8.076,Phone Activity,No,No,No,No,No,0
4303,48,Professional,Mobile App,Medium,1,600,5.482,Phone Activity,No,No,No,No,No,0
4304,35,Professional,Mobile App,Medium,2,43,3.442,Email Activity,No,No,No,No,No,0
4305,48,Professional,Mobile App,Medium,7,2048,3.489,Email Activity,No,No,No,No,No,1
4306,56,Professional,Website,Medium,0,0,0,Email Activity,No,No,No,No,No,0
4307,56,Professional,Website,High,1,1856,2.206,Website Activity,No,No,No,No,No,1
4308,60,Professional,Mobile App,Medium,1,65,1.995,Phone Activity,No,No,No,No,No,0
4309,59,Unemployed,Mobile App,Medium,5,69,3.822,Phone Activity,Yes,No,No,No,No,0
4310,44,Professional,Mobile App,High,3,266,4.508,Website Activity,No,No,No,No,No,0
4311,56,Unemployed,Website,High,3,35,1.557,Email Activity,No,No,No,No,No,1
4312,57,Professional,Mobile App,Medium,3,2352,1.898,Phone Activity,Yes,Yes,No,Yes,No,0
4313,53,Unemployed,Website,Medium,3,1785,3.169,Email Activity,No,No,No,No,No,1
4314,57,Unemployed,Mobile App,Medium,2,14,2.213,Email Activity,No,No,No,No,No,0
4315,28,Professional,Mobile App,Medium,3,367,2.092,Email Activity,No,No,Yes,Yes,Yes,0
4316,60,Unemployed,Mobile App,High,2,225,4.2,Website Activity,No,No,No,Yes,No,0
4317,39,Professional,Mobile App,Medium,2,2028,2.303,Website Activity,No,Yes,Yes,No,No,1
4318,46,Professional,Mobile App,High,6,564,0.302,Email Activity,No,No,Yes,No,No,0
4319,26,Professional,Website,Medium,2,1854,3.505,Email Activity,No,No,No,No,No,1
4320,53,Unemployed,Mobile App,Medium,8,334,2.224,Email Activity,Yes,No,No,No,No,0
4321,59,Professional,Mobile App,High,2,342,5.507,Website Activity,Yes,No,No,No,No,0
4322,24,Student,Mobile App,Medium,11,1760,5.682,Website Activity,No,No,No,No,No,0
4323,32,Professional,Mobile App,High,1,1950,0.197,Phone Activity,No,No,Yes,Yes,No,0
4324,41,Professional,Mobile App,High,7,361,3.032,Email Activity,No,No,No,Yes,No,0
4325,21,Student,Website,Medium,3,827,0.301,Email Activity,No,No,No,No,No,0
4326,55,Professional,Mobile App,Medium,7,65,2.62,Email Activity,No,No,Yes,No,No,0
4327,60,Unemployed,Website,High,2,201,3.412,Email Activity,No,No,No,No,No,1
4328,48,Professional,Website,Medium,0,0,0,Email Activity,Yes,No,No,No,No,0
4329,60,Professional,Website,High,2,421,3.385,Email Activity,No,No,No,No,No,1
4330,32,Professional,Website,High,3,103,3.458,Phone Activity,Yes,No,No,No,No,1
4331,56,Unemployed,Website,High,4,374,3.686,Phone Activity,No,No,No,Yes,No,1
4332,57,Unemployed,Website,Medium,11,451,2.188,Email Activity,Yes,No,Yes,No,No,1
4333,60,Professional,Mobile App,Medium,2,1,2.458,Phone Activity,No,No,No,No,No,0
4334,23,Student,Website,High,2,727,2.247,Email Activity,Yes,No,No,No,No,1
4335,48,Unemployed,Mobile App,High,3,2435,2.161,Website Activity,No,No,No,No,No,1
4336,34,Professional,Website,Medium,6,78,2.21,Email Activity,No,No,No,No,No,0
4337,60,Unemployed,Website,High,1,261,2.008,Website Activity,No,No,No,No,No,0
4338,59,Professional,Website,High,2,2181,2.24,Phone Activity,No,No,Yes,No,No,1
4339,46,Professional,Mobile App,Medium,2,355,3.949,Email Activity,No,No,No,No,No,0
4340,52,Unemployed,Website,High,3,160,3.419,Phone Activity,No,No,No,No,No,0
4341,41,Professional,Website,Medium,3,314,7.499,Website Activity,No,No,No,No,No,0
4342,55,Unemployed,Website,Medium,3,286,2.252,Phone Activity,No,No,No,Yes,No,0
4343,59,Professional,Website,Medium,2,1766,3.206,Website Activity,No,No,No,No,No,1
4344,32,Professional,Mobile App,High,4,2008,3.376,Email Activity,No,No,No,No,No,0
4345,57,Unemployed,Website,Medium,2,59,0.207,Website Activity,No,No,No,Yes,No,0
4346,22,Student,Website,High,14,308,0.038,Website Activity,No,No,No,No,No,1
4347,57,Professional,Mobile App,Medium,1,1319,2.196,Phone Activity,No,No,No,Yes,No,0
4348,59,Professional,Website,High,4,2134,3.352,Phone Activity,No,No,No,No,No,1
4349,59,Professional,Website,Medium,1,1172,3.026,Email Activity,No,No,No,No,No,1
4350,19,Student,Website,Medium,3,242,1.1,Phone Activity,No,No,No,Yes,No,0
4351,54,Unemployed,Mobile App,Medium,4,649,3.587,Website Activity,No,No,No,No,No,1
4352,52,Professional,Website,Medium,5,99,3.84,Phone Activity,No,No,No,No,No,0
4353,45,Professional,Mobile App,High,3,2200,2.912,Email Activity,No,No,No,No,No,0
4354,36,Unemployed,Mobile App,High,5,1277,0.217,Email Activity,No,No,Yes,No,No,0
4355,44,Professional,Website,Medium,4,1053,2.251,Email Activity,No,No,Yes,No,No,1
4356,53,Professional,Mobile App,High,2,76,3.045,Website Activity,No,No,No,No,No,0
4357,34,Professional,Mobile App,High,1,286,0.272,Phone Activity,No,No,No,No,No,0
4358,34,Professional,Website,Medium,3,1858,3.451,Email Activity,No,Yes,No,Yes,No,1
4359,46,Unemployed,Website,Medium,4,183,2.257,Email Activity,No,No,No,Yes,No,0
4360,57,Unemployed,Website,High,8,2337,2.229,Website Activity,No,No,Yes,No,No,1
4361,44,Unemployed,Website,Medium,3,1677,5.262,Email Activity,No,No,No,No,No,0
4362,54,Professional,Mobile App,High,2,1278,3.837,Phone Activity,No,No,No,No,No,0
4363,18,Student,Mobile App,Medium,0,0,0,Phone Activity,No,No,No,No,No,0
4364,43,Professional,Mobile App,Low,2,411,3.189,Website Activity,No,No,No,No,No,0
4365,59,Unemployed,Website,Medium,0,0,0,Email Activity,Yes,No,No,No,No,0
4366,50,Professional,Website,Medium,3,65,5.722,Website Activity,No,No,No,No,No,0
4367,55,Professional,Website,High,0,0,0,Email Activity,No,No,No,No,No,1
4368,40,Unemployed,Website,Medium,0,0,0,Email Activity,No,No,No,No,No,0
4369,59,Professional,Website,High,3,76,0.295,Email Activity,No,No,No,No,Yes,1
4370,57,Unemployed,Website,High,0,0,0,Email Activity,No,No,Yes,No,No,1
4371,18,Student,Website,High,2,2240,2.136,Email Activity,No,No,No,No,Yes,1
4372,56,Professional,Website,Medium,8,243,3.171,Website Activity,No,No,Yes,No,No,0
4373,59,Professional,Mobile App,Medium,9,246,0.11,Website Activity,No,No,No,No,No,0
4374,45,Professional,Website,Medium,5,239,2.175,Email Activity,No,No,No,No,No,0
4375,57,Unemployed,Mobile App,High,5,878,5.514,Website Activity,No,No,No,No,No,1
4376,52,Professional,Website,Medium,2,1,4.068,Email Activity,No,No,No,No,No,0
4377,19,Student,Website,High,3,192,3.401,Website Activity,Yes,No,No,No,No,0
4378,57,Professional,Website,High,2,397,1.762,Email Activity,Yes,No,No,No,No,1
4379,23,Student,Website,High,1,365,1.933,Email Activity,Yes,No,Yes,No,No,0
4380,53,Professional,Mobile App,Medium,1,219,2.217,Website Activity,No,No,No,No,No,0
4381,19,Student,Website,Medium,2,72,2.229,Phone Activity,No,No,No,No,No,0
4382,24,Student,Website,High,1,307,0.19,Website Activity,No,No,No,No,No,0
4383,60,Professional,Mobile App,High,8,78,0.027,Email Activity,No,No,No,No,No,0
4384,45,Professional,Website,High,6,207,2.163,Email Activity,No,No,No,No,No,1
4385,60,Unemployed,Mobile App,Medium,7,45,2.191,Phone Activity,No,No,No,No,No,0
4386,58,Unemployed,Website,High,2,408,2.106,Phone Activity,No,No,No,No,No,1
4387,33,Professional,Mobile App,Medium,1,1386,3.973,Phone Activity,No,No,No,No,No,0
4388,45,Professional,Website,High,7,30,5.498,Website Activity,No,No,No,No,No,0
4389,58,Professional,Website,Medium,2,924,2.188,Phone Activity,No,No,No,Yes,No,0
4390,21,Student,Mobile App,High,6,1992,3.518,Email Activity,Yes,Yes,Yes,Yes,No,0
4391,22,Student,Website,High,2,2297,2.15,Email Activity,No,No,No,No,No,0
4392,22,Student,Mobile App,High,5,80,2.126,Email Activity,No,No,No,No,No,0
4393,40,Unemployed,Mobile App,Medium,3,265,3.54,Website Activity,No,No,No,No,No,0
4394,62,Unemployed,Website,Medium,5,2043,2.724,Email Activity,No,No,No,No,No,1
4395,58,Unemployed,Website,Medium,2,1477,3.538,Website Activity,Yes,No,No,No,No,1
4396,40,Professional,Website,High,2,2048,0.167,Phone Activity,No,No,No,No,No,1
4397,58,Unemployed,Mobile App,High,13,1886,5.587,Phone Activity,Yes,No,No,No,No,1
4398,22,Student,Website,Medium,2,259,2.027,Phone Activity,No,No,No,No,No,0
4399,57,Professional,Website,High,1,80,3.889,Email Activity,No,No,No,No,No,1
4400,32,Professional,Mobile App,Medium,7,29,0.306,Phone Activity,No,No,No,No,No,0
4401,57,Professional,Mobile App,Medium,5,1145,5.361,Phone Activity,No,No,No,Yes,No,0
4402,57,Professional,Website,Medium,6,26,2.163,Phone Activity,No,No,Yes,No,No,0
4403,53,Professional,Website,Medium,1,1532,1.477,Phone Activity,No,No,No,No,No,0
4404,34,Unemployed,Website,High,7,1924,3.527,Email Activity,No,No,No,No,No,1
4405,43,Professional,Website,High,5,1448,2.236,Phone Activity,No,No,No,No,No,1
4406,56,Professional,Mobile App,Medium,2,71,2.173,Email Activity,No,No,No,No,No,0
4407,39,Professional,Mobile App,Medium,4,37,2.168,Email Activity,No,No,No,Yes,No,0
4408,29,Professional,Website,High,10,1988,3.436,Email Activity,No,No,No,Yes,No,1
4409,22,Student,Website,Medium,4,173,5.543,Email Activity,No,No,No,No,No,0
4410,44,Professional,Website,Medium,2,318,0.2,Website Activity,No,No,No,No,No,0
4411,32,Professional,Mobile App,Low,3,83,5.818,Website Activity,No,No,No,No,No,0
4412,46,Professional,Website,Medium,4,652,2.89,Email Activity,No,No,Yes,No,No,1
4413,60,Unemployed,Mobile App,Medium,5,349,2.2,Email Activity,No,No,No,No,No,0
4414,56,Unemployed,Website,Medium,2,296,3.535,Email Activity,No,No,No,No,No,0
4415,61,Unemployed,Website,Medium,5,57,3.513,Phone Activity,No,No,No,No,No,0
4416,29,Professional,Website,High,2,621,3.853,Phone Activity,No,No,No,No,No,0
4417,28,Professional,Mobile App,High,3,654,3.057,Email Activity,No,No,No,No,No,0
4418,32,Unemployed,Website,Medium,4,456,3.318,Website Activity,No,No,No,Yes,No,1
4419,18,Student,Website,High,2,2222,3.749,Website Activity,Yes,No,No,No,No,1
4420,31,Professional,Mobile App,Medium,4,91,2.065,Website Activity,No,No,Yes,No,No,0
4421,54,Unemployed,Website,High,4,63,2.102,Email Activity,No,No,No,Yes,No,1
4422,58,Professional,Website,Medium,1,496,4.727,Website Activity,No,No,Yes,No,No,1
4423,57,Professional,Mobile App,Medium,7,1912,2.78,Phone Activity,No,No,No,No,No,1
4424,58,Professional,Website,High,2,1789,2.089,Email Activity,No,No,Yes,No,No,1
4425,57,Unemployed,Mobile App,Medium,2,184,3.346,Website Activity,Yes,No,No,No,No,0
4426,56,Unemployed,Mobile App,High,1,661,3.784,Website Activity,No,No,No,No,No,1
4427,43,Unemployed,Website,High,5,2245,3.73,Phone Activity,No,No,No,No,No,1
4428,44,Professional,Mobile App,Medium,7,1776,5.355,Phone Activity,No,No,No,No,No,0
4429,25,Professional,Mobile App,High,6,266,5.808,Email Activity,No,No,No,No,No,0
4430,36,Professional,Website,Medium,2,30,2.11,Phone Activity,No,No,No,Yes,No,0
4431,32,Unemployed,Website,Medium,3,1892,3.418,Email Activity,No,No,No,No,No,0
4432,53,Professional,Website,High,1,1984,2.056,Website Activity,No,No,No,No,No,1
4433,42,Professional,Mobile App,High,2,1700,2.031,Phone Activity,No,Yes,No,No,No,0
4434,47,Unemployed,Mobile App,Medium,7,646,7.303,Website Activity,No,No,No,No,No,0
4435,48,Unemployed,Mobile App,Medium,14,403,0.976,Email Activity,No,No,No,No,No,0
4436,57,Professional,Mobile App,Medium,4,264,3.732,Phone Activity,No,No,No,No,No,0
4437,37,Unemployed,Mobile App,High,1,333,2.19,Phone Activity,No,No,No,Yes,No,0
4438,24,Student,Mobile App,Medium,5,340,3.182,Website Activity,No,No,No,No,No,0
4439,53,Professional,Website,High,2,376,2.17,Email Activity,No,No,No,No,No,1
4440,61,Unemployed,Website,Medium,0,0,0,Email Activity,No,No,No,No,No,0
4441,53,Professional,Mobile App,High,0,0,0,Email Activity,No,No,No,Yes,No,0
4442,58,Unemployed,Website,Medium,5,160,2.226,Email Activity,No,No,No,No,No,0
4443,39,Professional,Website,High,2,178,3.892,Email Activity,No,No,No,No,No,0
4444,63,Unemployed,Website,High,1,699,2.234,Email Activity,No,No,No,No,No,0
4445,51,Professional,Website,Medium,5,279,4.378,Phone Activity,No,No,No,No,No,0
4446,50,Unemployed,Website,High,4,2294,5.303,Email Activity,No,No,Yes,No,No,1
4447,57,Professional,Website,High,3,74,0.232,Website Activity,No,No,No,No,No,1
4448,38,Professional,Website,Medium,0,0,0,Email Activity,No,No,No,No,No,0
4449,37,Professional,Website,High,2,694,3.467,Website Activity,No,No,No,No,No,1
4450,24,Student,Website,High,1,2096,5.132,Website Activity,No,No,No,Yes,No,1
4451,59,Professional,Mobile App,High,6,197,3.01,Email Activity,No,No,No,No,No,0
4452,22,Student,Mobile App,Medium,2,723,1.904,Email Activity,No,No,No,No,No,0
4453,21,Student,Website,High,3,384,2.086,Email Activity,No,No,No,No,No,0
4454,56,Professional,Website,High,0,0,0,Phone Activity,No,No,No,No,No,1
4455,59,Professional,Website,Medium,7,2138,2.285,Phone Activity,No,No,No,No,Yes,0
4456,60,Professional,Mobile App,Medium,2,761,3.835,Email Activity,No,No,No,No,No,1
4457,32,Unemployed,Mobile App,High,4,1729,4.132,Website Activity,No,No,No,No,No,0
4458,63,Unemployed,Mobile App,Medium,3,1214,1.961,Email Activity,No,No,No,No,No,0
4459,61,Unemployed,Mobile App,High,7,341,4.025,Phone Activity,No,No,No,No,No,0
4460,19,Student,Website,Medium,2,2043,5.444,Email Activity,No,No,No,No,No,0
4461,41,Unemployed,Website,Medium,2,276,5.513,Email Activity,No,No,No,No,No,0
4462,19,Student,Website,Medium,1,71,0.069,Email Activity,No,No,No,No,No,0
4463,55,Professional,Website,Medium,2,359,1.692,Email Activity,No,No,No,No,No,0
4464,56,Professional,Mobile App,High,9,322,1.894,Email Activity,No,No,No,No,No,0
4465,22,Student,Mobile App,Medium,3,132,0.313,Email Activity,No,No,No,Yes,No,0
4466,55,Professional,Website,Medium,10,49,2.752,Website Activity,No,No,No,No,No,0
4467,58,Professional,Website,Medium,2,1691,9.2,Email Activity,No,Yes,No,No,No,1
4468,60,Professional,Mobile App,High,2,391,3.535,Phone Activity,No,No,No,No,No,0
4469,24,Student,Mobile App,Medium,15,224,3.748,Email Activity,No,No,No,No,Yes,1
4470,56,Professional,Website,High,2,593,3.247,Website Activity,Yes,No,No,No,No,1
4471,40,Unemployed,Mobile App,High,2,1747,6.81,Email Activity,No,No,No,No,Yes,0
4472,57,Unemployed,Website,Medium,2,53,0.274,Website Activity,No,No,Yes,No,No,0
4473,58,Professional,Website,High,2,373,2.564,Website Activity,No,No,No,No,No,0
4474,44,Unemployed,Website,High,2,74,2.043,Website Activity,No,No,Yes,No,No,0
4475,32,Unemployed,Mobile App,High,1,8,0.196,Website Activity,No,No,No,No,No,0
4476,32,Unemployed,Mobile App,High,9,319,0.2,Phone Activity,No,No,Yes,No,No,0
4477,34,Professional,Website,High,3,2235,2.068,Email Activity,No,No,No,No,Yes,1
4478,59,Professional,Website,Medium,2,1631,2.193,Website Activity,No,No,No,No,No,1
4479,36,Professional,Mobile App,Medium,3,1419,3.344,Email Activity,No,No,No,Yes,No,0
4480,56,Professional,Mobile App,Medium,3,1529,2.141,Email Activity,No,No,No,No,No,0
4481,59,Professional,Mobile App,High,7,371,2.135,Phone Activity,No,No,Yes,No,No,0
4482,48,Professional,Mobile App,Medium,2,881,6.165,Email Activity,No,No,No,Yes,No,0
4483,39,Professional,Mobile App,Medium,2,51,5.633,Website Activity,No,No,No,No,No,0
4484,42,Professional,Mobile App,Medium,3,302,1.289,Phone Activity,No,No,Yes,No,No,0
4485,35,Professional,Website,Low,7,56,3.985,Phone Activity,No,No,No,No,No,1
4486,58,Professional,Website,High,3,1016,5.497,Phone Activity,No,No,No,No,No,1
4487,55,Professional,Website,High,5,2274,3.598,Email Activity,Yes,No,No,No,No,1
4488,51,Unemployed,Mobile App,High,8,1619,0.169,Email Activity,No,No,No,No,No,0
4489,22,Student,Mobile App,High,1,576,1.853,Email Activity,No,No,Yes,No,No,0
4490,40,Unemployed,Website,High,5,1543,5.747,Phone Activity,No,No,No,No,No,0
4491,45,Unemployed,Website,High,9,2078,3.478,Email Activity,No,No,No,No,No,1
4492,58,Professional,Website,Medium,6,386,5.121,Email Activity,No,No,No,No,No,0
4493,38,Professional,Mobile App,Medium,2,78,3.097,Email Activity,No,No,No,No,No,0
4494,24,Student,Mobile App,High,2,10,3.83,Phone Activity,Yes,No,No,Yes,No,0
4495,40,Professional,Mobile App,High,5,71,4.123,Email Activity,No,No,No,No,No,0
4496,44,Professional,Mobile App,High,2,343,3.354,Phone Activity,No,No,No,No,No,0
4497,58,Professional,Mobile App,Medium,2,81,3.055,Website Activity,No,No,No,Yes,No,0
4498,33,Professional,Mobile App,High,2,322,2.958,Email Activity,No,No,Yes,No,No,0
4499,23,Student,Mobile App,High,4,2179,1.705,Website Activity,No,No,No,Yes,No,0
4500,33,Professional,Website,High,3,549,5.015,Phone Activity,Yes,No,No,No,No,1
4501,19,Student,Website,Medium,3,48,2.13,Email Activity,No,No,No,No,No,0
4502,24,Student,Website,Medium,1,358,2.17,Email Activity,No,No,No,No,No,0
4503,60,Unemployed,Mobile App,Medium,2,418,3.42,Email Activity,No,No,No,No,No,0
4504,62,Unemployed,Website,High,7,237,5.475,Phone Activity,No,No,No,No,No,0
4505,23,Student,Website,Medium,6,195,2.181,Phone Activity,No,No,No,No,No,0
4506,41,Unemployed,Mobile App,High,6,351,5.253,Email Activity,No,No,No,No,No,0
4507,56,Professional,Website,High,2,604,2.654,Email Activity,No,Yes,No,No,No,1
4508,33,Professional,Mobile App,High,5,83,6.822,Email Activity,No,No,No,No,No,0
4509,47,Unemployed,Mobile App,Medium,3,78,2.254,Phone Activity,No,No,No,No,No,0
4510,24,Student,Website,Medium,2,141,3.635,Email Activity,No,No,No,Yes,No,0
4511,44,Professional,Mobile App,Medium,11,2337,2.175,Email Activity,No,No,No,No,No,0
4512,51,Professional,Website,Medium,2,1886,3.373,Phone Activity,No,No,No,No,No,0
4513,56,Professional,Website,High,3,82,3.674,Website Activity,No,No,No,No,No,1
4514,37,Professional,Mobile App,High,6,216,3.871,Website Activity,Yes,Yes,No,No,No,0
4515,42,Professional,Mobile App,Medium,2,762,7.997,Phone Activity,No,No,No,No,No,0
4516,58,Unemployed,Website,Medium,3,24,3.067,Email Activity,No,No,No,No,No,0
4517,49,Professional,Website,Medium,7,282,3.594,Phone Activity,Yes,No,No,No,No,0
4518,58,Professional,Mobile App,High,4,357,2.858,Website Activity,No,No,No,No,No,0
4519,30,Professional,Mobile App,Medium,8,91,3.697,Email Activity,No,No,No,No,No,0
4520,57,Unemployed,Website,High,7,1822,1.16,Email Activity,No,No,No,No,No,0
4521,59,Professional,Website,Medium,6,338,0.284,Email Activity,No,No,Yes,Yes,No,0
4522,42,Professional,Website,High,4,399,3.686,Email Activity,No,No,No,No,No,1
4523,34,Professional,Website,High,1,360,3.243,Website Activity,No,No,No,No,No,1
4524,49,Unemployed,Mobile App,High,4,2180,2.254,Email Activity,No,No,No,No,No,0
4525,60,Professional,Website,High,6,1985,1.93,Email Activity,No,No,No,No,No,1
4526,56,Professional,Website,Medium,5,345,3.327,Phone Activity,No,No,No,No,No,0
4527,40,Professional,Mobile App,High,2,240,2.168,Phone Activity,No,No,No,No,No,0
4528,50,Professional,Mobile App,Medium,3,1512,2.775,Phone Activity,No,No,No,No,No,0
4529,53,Professional,Mobile App,Medium,2,1425,0.021,Website Activity,No,No,No,No,No,1
4530,49,Professional,Website,Medium,5,32,0.146,Email Activity,No,No,No,Yes,No,0
4531,58,Professional,Mobile App,High,2,381,1.93,Website Activity,No,No,No,No,No,0
4532,35,Unemployed,Website,Medium,6,1710,3.399,Email Activity,No,No,No,No,No,0
4533,57,Professional,Website,High,3,471,3.601,Phone Activity,No,No,Yes,No,No,0
4534,56,Professional,Mobile App,High,5,350,5.561,Website Activity,No,No,No,No,No,0
4535,48,Unemployed,Mobile App,High,2,1703,1.869,Phone Activity,Yes,No,No,No,No,0
4536,61,Unemployed,Website,High,6,389,0.054,Email Activity,No,No,No,No,No,0
4537,40,Professional,Mobile App,High,10,56,2.2,Email Activity,No,No,No,No,No,0
4538,54,Professional,Mobile App,Medium,1,284,3.574,Email Activity,No,No,No,No,No,0
4539,42,Professional,Website,High,1,338,3.002,Phone Activity,No,No,No,No,No,1
4540,55,Professional,Website,Medium,12,305,3.773,Email Activity,No,No,No,No,No,0
4541,42,Unemployed,Website,Medium,1,343,3.92,Email Activity,No,No,No,No,No,0
4542,19,Student,Mobile App,High,4,250,1.519,Phone Activity,No,No,No,No,No,0
4543,43,Professional,Mobile App,High,2,337,2.089,Phone Activity,No,No,Yes,No,No,0
4544,18,Student,Mobile App,Medium,2,339,5.633,Email Activity,No,No,No,No,No,0
4545,56,Unemployed,Website,Medium,7,177,2.228,Phone Activity,Yes,No,No,No,No,0
4546,60,Professional,Website,Medium,1,1169,0.155,Phone Activity,No,No,Yes,No,No,0
4547,27,Professional,Website,Medium,1,389,2.128,Website Activity,No,No,No,No,No,0
4548,60,Professional,Website,Medium,2,363,3.205,Website Activity,No,No,No,No,No,0
4549,43,Professional,Website,High,5,559,5.689,Phone Activity,No,No,No,No,No,1
4550,55,Professional,Website,High,2,374,2.093,Website Activity,No,No,No,No,No,0
4551,38,Professional,Website,Medium,2,429,5.473,Email Activity,No,No,No,Yes,Yes,1
4552,51,Professional,Mobile App,High,2,76,3.044,Email Activity,Yes,Yes,No,No,No,0
4553,55,Professional,Mobile App,High,4,1518,3.631,Email Activity,No,No,No,No,No,0
4554,51,Professional,Mobile App,High,6,2147,4.459,Phone Activity,No,No,No,Yes,No,0
4555,56,Unemployed,Website,High,5,2372,2.879,Email Activity,No,No,No,No,No,1
4556,58,Unemployed,Website,High,4,531,5.228,Website Activity,No,No,No,No,No,1
4557,58,Professional,Mobile App,High,6,297,3.723,Website Activity,No,No,No,No,No,0
4558,48,Unemployed,Mobile App,Medium,0,0,0,Email Activity,No,No,No,No,No,0
4559,51,Professional,Mobile App,Medium,3,291,2.28,Website Activity,No,No,No,No,No,0
4560,60,Professional,Mobile App,High,1,394,2.048,Email Activity,Yes,No,No,No,No,0
4561,40,Professional,Mobile App,Medium,3,1469,2.112,Website Activity,No,No,No,No,No,0
4562,58,Professional,Mobile App,Medium,1,385,0.203,Phone Activity,No,No,No,No,No,0
4563,55,Professional,Website,High,2,1634,2.498,Email Activity,No,No,No,No,No,1
4564,53,Professional,Website,High,3,382,2.073,Email Activity,No,No,No,No,No,0
4565,51,Professional,Mobile App,Medium,2,112,2.272,Phone Activity,No,No,No,No,No,0
4566,58,Unemployed,Mobile App,Medium,5,2087,3.59,Website Activity,No,No,No,No,No,0
4567,59,Unemployed,Mobile App,High,13,30,3.2,Website Activity,No,No,No,Yes,No,0
4568,58,Professional,Mobile App,High,4,1909,3.404,Email Activity,Yes,No,No,No,No,0
4569,45,Professional,Mobile App,High,1,694,3.768,Email Activity,No,No,No,No,No,0
4570,38,Professional,Mobile App,High,3,367,2.182,Email Activity,No,No,No,No,No,0
4571,32,Unemployed,Website,High,2,1910,2.555,Website Activity,Yes,No,No,No,No,1
4572,54,Professional,Website,High,12,1513,5.703,Email Activity,No,No,No,No,No,1
4573,55,Unemployed,Mobile App,High,1,617,7.397,Phone Activity,No,No,No,No,No,0
4574,59,Unemployed,Website,Medium,2,422,3.602,Phone Activity,No,No,No,No,No,0
4575,62,Unemployed,Website,High,5,416,0.034,Website Activity,No,No,No,No,No,1
4576,56,Professional,Mobile App,High,1,457,3.474,Email Activity,No,No,No,Yes,No,0
4577,21,Student,Website,High,2,137,1.364,Phone Activity,No,No,No,No,No,0
4578,32,Unemployed,Mobile App,High,5,1350,2.184,Website Activity,No,Yes,No,No,No,0
4579,58,Professional,Website,High,0,0,0,Email Activity,No,No,No,No,No,1
4580,56,Unemployed,Website,Medium,4,1440,2.188,Email Activity,No,No,No,No,No,0
4581,55,Professional,Website,Medium,3,2445,2.075,Email Activity,No,No,No,No,No,1
4582,60,Professional,Website,Low,3,357,3.807,Email Activity,No,No,No,No,No,0
4583,21,Student,Mobile App,Low,2,181,2.035,Phone Activity,No,No,No,Yes,No,0
4584,49,Professional,Website,Medium,24,1039,2.064,Email Activity,Yes,No,No,No,No,1
4585,35,Professional,Website,Medium,3,184,1.898,Website Activity,No,No,Yes,No,No,0
4586,23,Student,Mobile App,Medium,3,857,2.176,Phone Activity,No,No,No,No,No,0
4587,22,Student,Mobile App,High,4,42,0.232,Phone Activity,No,No,No,No,No,0
4588,60,Professional,Website,High,2,1567,4.028,Email Activity,No,No,No,No,No,1
4589,60,Professional,Mobile App,Medium,1,2116,2.158,Email Activity,No,No,No,No,No,1
4590,21,Student,Website,High,16,251,2.108,Phone Activity,No,No,No,No,No,0
4591,38,Professional,Mobile App,Medium,7,420,0.224,Email Activity,No,No,No,No,No,0
4592,37,Professional,Website,Medium,5,1745,5.513,Phone Activity,No,No,No,No,No,0
4593,35,Unemployed,Website,Medium,8,457,1.179,Email Activity,No,No,No,No,No,0
4594,24,Student,Website,Medium,4,340,2.168,Email Activity,No,No,No,No,No,0
4595,20,Student,Website,Medium,1,48,3.761,Website Activity,No,No,No,No,No,0
4596,56,Professional,Mobile App,High,1,509,2.168,Website Activity,No,No,No,No,No,0
4597,23,Student,Mobile App,Medium,4,378,2.154,Website Activity,Yes,No,Yes,No,No,0
4598,20,Student,Website,Medium,2,364,8.246,Email Activity,No,No,No,Yes,No,0
4599,55,Unemployed,Mobile App,Medium,3,1751,3.876,Phone Activity,Yes,No,Yes,No,No,0
4600,49,Professional,Mobile App,High,8,734,5.559,Phone Activity,No,No,No,Yes,No,0
4601,60,Unemployed,Mobile App,High,2,40,0.122,Phone Activity,Yes,Yes,No,No,No,0
4602,53,Unemployed,Website,Medium,1,452,0.256,Email Activity,Yes,No,No,No,No,0
4603,47,Professional,Website,Medium,4,339,2.068,Email Activity,No,No,No,No,No,0
4604,26,Professional,Website,Medium,4,150,2.149,Website Activity,No,No,No,No,No,0
4605,58,Professional,Website,Medium,2,555,3.305,Website Activity,No,No,No,No,No,1
4606,49,Professional,Mobile App,Medium,5,253,3.677,Website Activity,No,No,No,No,No,0
4607,58,Unemployed,Mobile App,High,7,210,3.598,Email Activity,No,No,No,No,No,0
4608,35,Unemployed,Mobile App,Medium,15,360,2.17,Phone Activity,No,No,No,Yes,No,0
4609,55,Professional,Mobile App,Medium,8,2327,5.393,Email Activity,No,No,No,No,No,0
4610,58,Professional,Website,High,2,212,2.692,Email Activity,No,No,No,No,No,1
4611,57,Professional,Mobile App,Medium,1,154,3.879,Website Activity,Yes,No,No,No,No,0
4612,55,Professional,Website,Medium,4,2290,2.075,Phone Activity,No,No,No,No,No,0
